order_detail_id,order_id,item_id,quantity,unit_price,amount
1,1,35,1,190,190
2,1,6,1,145,145
3,1,66,1,232,232
4,2,6,3,145,435
5,2,59,3,296,888
6,2,37,3,376,1128
7,2,43,3,362,1086
8,3,54,2,389,778
9,3,20,2,184,368
10,3,98,2,264,528
11,3,113,2,128,256
12,4,89,3,265,795
13,4,94,2,263,526
14,4,31,1,360,360
15,5,117,3,157,471
16,5,7,2,375,750
17,6,86,2,234,468
18,6,59,3,296,888
19,6,1,2,280,560
20,6,96,3,402,1206
21,7,106,3,181,543
22,7,102,3,214,642
23,8,35,3,190,570
24,8,85,3,309,927
25,8,106,2,181,362
26,8,10,3,372,1116
27,9,117,2,157,314
28,9,110,3,315,945
29,9,45,3,200,600
30,10,119,3,133,399
31,10,47,3,83,249
32,11,23,1,315,315
33,11,106,3,181,543
34,11,59,1,296,296
35,11,82,3,256,768
36,12,16,2,178,356
37,12,20,3,184,552
38,12,33,2,237,474
39,13,67,2,87,174
40,13,58,3,304,912
41,13,12,2,218,436
42,13,51,2,206,412
43,14,103,1,298,298
44,14,98,3,264,792
45,14,20,1,184,184
46,14,88,1,393,393
47,15,48,3,263,789
48,15,44,2,263,526
49,15,33,1,237,237
50,15,72,1,182,182
51,16,92,3,156,468
52,16,36,2,253,506
53,16,33,1,237,237
54,17,110,1,315,315
55,17,26,1,393,393
56,17,55,2,379,758
57,18,47,1,83,83
58,18,92,2,156,312
59,18,53,2,166,332
60,19,17,3,382,1146
61,19,25,3,292,876
62,19,75,2,259,518
63,19,9,3,384,1152
64,20,49,2,201,402
65,20,68,2,393,786
66,20,64,3,284,852
67,21,90,2,393,786
68,21,54,2,389,778
69,21,23,1,315,315
70,22,86,1,234,234
71,22,95,1,331,331
72,23,99,2,280,560
73,23,99,2,280,560
74,23,16,1,178,178
75,24,64,1,284,284
76,24,109,1,119,119
77,25,92,2,156,312
78,25,62,1,155,155
79,26,112,3,360,1080
80,26,19,2,297,594
81,27,36,3,253,759
82,27,34,1,167,167
83,27,41,2,232,464
84,27,33,3,237,711
85,28,7,2,375,750
86,28,39,1,389,389
87,28,111,2,206,412
88,28,103,2,298,596
89,29,27,3,287,861
90,29,84,2,234,468
91,30,120,2,159,318
92,30,26,2,393,786
93,30,118,3,190,570
94,31,9,2,384,768
95,31,73,2,167,334
96,31,5,2,305,610
97,31,29,2,174,348
98,32,79,2,427,854
99,32,52,3,463,1389
100,32,57,1,429,429
101,32,113,1,128,128
102,33,7,1,375,375
103,33,111,1,206,206
104,34,72,3,182,546
105,34,103,1,298,298
106,34,64,1,284,284
107,34,87,3,362,1086
108,35,19,3,297,891
109,35,27,3,287,861
110,36,7,2,375,750
111,36,29,3,174,522
112,37,119,3,133,399
113,37,18,1,198,198
114,38,103,2,298,596
115,38,91,3,192,576
116,38,93,1,287,287
117,38,40,2,347,694
118,39,30,2,267,534
119,39,5,2,305,610
120,39,49,1,201,201
121,39,83,2,230,460
122,40,24,2,327,654
123,40,43,3,362,1086
124,40,52,1,463,463
125,40,5,2,305,610
126,41,10,2,372,744
127,41,63,2,416,832
128,41,3,2,282,564
129,41,114,1,284,284
130,42,75,3,259,777
131,42,97,1,136,136
132,42,26,1,393,393
133,42,61,2,222,444
134,43,1,2,280,560
135,43,25,1,292,292
136,44,58,2,304,608
137,44,32,2,266,532
138,44,96,2,402,804
139,45,93,3,287,861
140,45,59,1,296,296
141,46,60,1,330,330
142,46,5,1,305,305
143,46,66,3,232,696
144,47,74,2,375,750
145,47,10,2,372,744
146,47,94,3,263,789
147,48,43,1,362,362
148,48,108,3,235,705
149,49,113,1,128,128
150,49,15,1,78,78
151,50,60,1,330,330
152,50,21,3,265,795
153,50,69,1,231,231
154,51,52,3,463,1389
155,51,27,1,287,287
156,51,117,1,157,157
157,52,63,3,416,1248
158,52,74,1,375,375
159,53,108,2,235,470
160,53,4,2,209,418
161,54,11,3,282,846
162,54,75,1,259,259
163,55,91,1,192,192
164,55,106,1,181,181
165,55,10,3,372,1116
166,55,44,1,263,263
167,56,105,2,275,550
168,56,44,1,263,263
169,57,101,2,195,390
170,57,5,1,305,305
171,57,101,1,195,195
172,58,27,1,287,287
173,58,119,1,133,133
174,59,102,2,214,428
175,59,5,2,305,610
176,60,9,1,384,384
177,60,111,3,206,618
178,60,7,2,375,750
179,60,101,2,195,390
180,61,87,3,362,1086
181,61,64,1,284,284
182,61,34,3,167,501
183,62,76,1,303,303
184,62,56,2,186,372
185,62,106,3,181,543
186,62,101,3,195,585
187,63,97,1,136,136
188,63,31,1,360,360
189,63,76,2,303,606
190,64,114,3,284,852
191,64,7,2,375,750
192,64,85,2,309,618
193,64,102,3,214,642
194,65,84,3,234,702
195,65,108,2,235,470
196,66,63,3,416,1248
197,66,3,1,282,282
198,66,113,2,128,256
199,67,43,3,362,1086
200,67,28,1,233,233
201,68,43,1,362,362
202,68,35,1,190,190
203,68,90,2,393,786
204,69,6,2,145,290
205,69,106,1,181,181
206,69,50,2,243,486
207,69,43,1,362,362
208,70,113,2,128,256
209,70,40,2,347,694
210,70,41,3,232,696
211,70,102,3,214,642
212,71,110,1,315,315
213,71,14,1,240,240
214,72,71,3,246,738
215,72,111,3,206,618
216,73,86,2,234,468
217,73,10,3,372,1116
218,73,80,2,237,474
219,74,91,3,192,576
220,74,88,2,393,786
221,74,67,3,87,261
222,74,8,3,137,411
223,75,113,3,128,384
224,75,16,3,178,534
225,76,94,3,263,789
226,76,96,2,402,804
227,77,19,1,297,297
228,77,76,3,303,909
229,77,66,1,232,232
230,78,81,1,306,306
231,78,38,3,265,795
232,78,4,2,209,418
233,79,82,2,256,512
234,79,64,3,284,852
235,79,47,3,83,249
236,79,116,2,253,506
237,80,102,3,214,642
238,80,45,1,200,200
239,81,22,3,290,870
240,81,40,1,347,347
241,81,76,2,303,606
242,81,50,2,243,486
243,82,26,3,393,1179
244,82,42,2,414,828
245,82,52,1,463,463
246,83,102,2,214,428
247,83,35,1,190,190
248,83,27,3,287,861
249,84,6,1,145,145
250,84,36,3,253,759
251,84,61,3,222,666
252,85,47,3,83,249
253,85,118,2,190,380
254,85,68,2,393,786
255,86,6,3,145,435
256,86,106,3,181,543
257,87,32,1,266,266
258,87,113,3,128,384
259,87,13,3,102,306
260,88,22,3,290,870
261,88,23,3,315,945
262,88,82,3,256,768
263,89,108,2,235,470
264,89,52,2,463,926
265,89,64,2,284,568
266,89,45,1,200,200
267,90,86,2,234,468
268,90,18,1,198,198
269,90,44,3,263,789
270,91,86,1,234,234
271,91,74,2,375,750
272,91,52,1,463,463
273,91,74,3,375,1125
274,92,65,1,186,186
275,92,115,2,394,788
276,93,113,3,128,384
277,93,50,3,243,729
278,93,115,2,394,788
279,93,92,1,156,156
280,94,40,1,347,347
281,94,47,3,83,249
282,95,10,1,372,372
283,95,108,2,235,470
284,95,28,1,233,233
285,95,59,3,296,888
286,96,76,3,303,909
287,96,77,1,133,133
288,96,6,3,145,435
289,97,120,2,159,318
290,97,43,3,362,1086
291,97,73,1,167,167
292,97,28,3,233,699
293,98,4,1,209,209
294,98,100,1,271,271
295,98,4,3,209,627
296,98,35,2,190,380
297,99,75,1,259,259
298,99,52,2,463,926
299,100,103,2,298,596
300,100,69,2,231,462
301,101,18,2,198,396
302,101,59,3,296,888
303,101,113,3,128,384
304,101,80,2,237,474
305,102,22,2,290,580
306,102,98,1,264,264
307,102,10,3,372,1116
308,103,96,1,402,402
309,103,99,2,280,560
310,103,26,3,393,1179
311,103,97,3,136,408
312,104,3,1,282,282
313,104,46,1,233,233
314,104,54,1,389,389
315,104,107,3,256,768
316,105,73,3,167,501
317,105,41,2,232,464
318,106,46,2,233,466
319,106,116,1,253,253
320,106,103,3,298,894
321,106,59,1,296,296
322,107,63,1,416,416
323,107,117,2,157,314
324,107,102,2,214,428
325,108,66,2,232,464
326,108,27,2,287,574
327,108,33,3,237,711
328,109,56,3,186,558
329,109,93,2,287,574
330,109,21,2,265,530
331,109,18,1,198,198
332,110,49,1,201,201
333,110,2,1,417,417
334,110,60,1,330,330
335,110,27,3,287,861
336,111,114,2,284,568
337,111,63,3,416,1248
338,111,116,1,253,253
339,111,1,1,280,280
340,112,76,1,303,303
341,112,26,2,393,786
342,113,93,1,287,287
343,113,111,2,206,412
344,113,22,2,290,580
345,113,84,3,234,702
346,114,113,2,128,256
347,114,78,1,236,236
348,114,16,2,178,356
349,114,77,2,133,266
350,115,51,3,206,618
351,115,101,3,195,585
352,116,103,1,298,298
353,116,5,2,305,610
354,117,100,3,271,813
355,117,6,3,145,435
356,118,3,2,282,564
357,118,97,1,136,136
358,118,98,3,264,792
359,119,79,3,427,1281
360,119,42,1,414,414
361,120,72,3,182,546
362,120,106,1,181,181
363,121,79,2,427,854
364,121,59,2,296,592
365,121,86,1,234,234
366,121,72,3,182,546
367,122,27,1,287,287
368,122,91,3,192,576
369,122,95,1,331,331
370,123,67,2,87,174
371,123,87,1,362,362
372,123,12,3,218,654
373,123,31,1,360,360
374,124,19,2,297,594
375,124,78,3,236,708
376,124,43,1,362,362
377,125,89,3,265,795
378,125,28,3,233,699
379,125,50,2,243,486
380,125,53,3,166,498
381,126,117,1,157,157
382,126,108,1,235,235
383,127,103,1,298,298
384,127,24,3,327,981
385,127,38,2,265,530
386,128,4,2,209,418
387,128,49,1,201,201
388,128,21,2,265,530
389,129,36,1,253,253
390,129,2,2,417,834
391,129,69,1,231,231
392,130,1,1,280,280
393,130,114,2,284,568
394,130,102,1,214,214
395,131,55,3,379,1137
396,131,44,2,263,526
397,131,9,3,384,1152
398,132,84,3,234,702
399,132,69,1,231,231
400,133,97,1,136,136
401,133,92,2,156,312
402,133,56,3,186,558
403,134,22,3,290,870
404,134,96,2,402,804
405,134,97,2,136,272
406,134,32,2,266,532
407,135,83,2,230,460
408,135,80,3,237,711
409,136,89,2,265,530
410,136,39,1,389,389
411,137,10,1,372,372
412,137,72,1,182,182
413,137,93,2,287,574
414,138,33,2,237,474
415,138,51,2,206,412
416,139,111,2,206,412
417,139,44,2,263,526
418,140,14,1,240,240
419,140,103,2,298,596
420,141,10,1,372,372
421,141,21,3,265,795
422,142,19,2,297,594
423,142,13,1,102,102
424,143,29,1,174,174
425,143,9,2,384,768
426,143,2,2,417,834
427,143,110,1,315,315
428,144,48,3,263,789
429,144,33,2,237,474
430,145,117,1,157,157
431,145,37,2,376,752
432,146,98,2,264,528
433,146,110,2,315,630
434,147,13,3,102,306
435,147,49,2,201,402
436,148,15,1,78,78
437,148,59,3,296,888
438,148,92,2,156,312
439,149,117,1,157,157
440,149,55,2,379,758
441,150,57,2,429,858
442,150,31,2,360,720
443,150,72,1,182,182
444,151,79,2,427,854
445,151,15,1,78,78
446,151,56,3,186,558
447,151,8,1,137,137
448,152,13,1,102,102
449,152,62,2,155,310
450,153,104,2,137,274
451,153,81,2,306,612
452,154,9,1,384,384
453,154,91,2,192,384
454,154,62,2,155,310
455,155,116,1,253,253
456,155,83,2,230,460
457,155,88,3,393,1179
458,155,5,3,305,915
459,156,18,3,198,594
460,156,47,1,83,83
461,156,50,2,243,486
462,156,95,1,331,331
463,157,59,3,296,888
464,157,11,2,282,564
465,157,28,1,233,233
466,157,37,2,376,752
467,158,26,1,393,393
468,158,52,1,463,463
469,158,87,1,362,362
470,158,2,2,417,834
471,159,110,3,315,945
472,159,63,3,416,1248
473,159,28,3,233,699
474,159,116,1,253,253
475,160,35,1,190,190
476,160,97,2,136,272
477,160,5,2,305,610
478,161,73,2,167,334
479,161,99,1,280,280
480,162,78,2,236,472
481,162,61,3,222,666
482,162,71,3,246,738
483,163,36,2,253,506
484,163,20,1,184,184
485,164,22,1,290,290
486,164,55,1,379,379
487,165,85,1,309,309
488,165,111,1,206,206
489,165,96,2,402,804
490,165,92,2,156,312
491,166,3,2,282,564
492,166,10,2,372,744
493,167,109,2,119,238
494,167,104,3,137,411
495,167,84,3,234,702
496,168,68,3,393,1179
497,168,88,2,393,786
498,168,116,3,253,759
499,168,72,1,182,182
500,169,49,1,201,201
501,169,111,3,206,618
502,169,33,3,237,711
503,169,31,2,360,720
504,170,95,1,331,331
505,170,80,3,237,711
506,170,61,1,222,222
507,170,87,2,362,724
508,171,83,1,230,230
509,171,60,2,330,660
510,171,101,1,195,195
511,171,56,1,186,186
512,172,30,2,267,534
513,172,95,3,331,993
514,172,47,2,83,166
515,172,85,2,309,618
516,173,15,1,78,78
517,173,66,1,232,232
518,173,114,2,284,568
519,174,59,2,296,592
520,174,74,3,375,1125
521,174,46,2,233,466
522,174,91,2,192,384
523,175,87,3,362,1086
524,175,100,1,271,271
525,176,107,3,256,768
526,176,83,1,230,230
527,176,82,1,256,256
528,177,84,2,234,468
529,177,21,1,265,265
530,177,77,2,133,266
531,178,69,2,231,462
532,178,93,3,287,861
533,178,35,1,190,190
534,178,9,1,384,384
535,179,30,1,267,267
536,179,34,3,167,501
537,180,26,1,393,393
538,180,61,2,222,444
539,181,62,2,155,310
540,181,43,1,362,362
541,181,119,1,133,133
542,181,34,1,167,167
543,182,34,1,167,167
544,182,102,3,214,642
545,182,43,2,362,724
546,182,65,2,186,372
547,183,97,1,136,136
548,183,108,3,235,705
549,184,40,1,347,347
550,184,103,2,298,596
551,185,58,2,304,608
552,185,102,1,214,214
553,185,80,1,237,237
554,185,106,3,181,543
555,186,28,1,233,233
556,186,108,3,235,705
557,186,59,1,296,296
558,186,97,2,136,272
559,187,8,1,137,137
560,187,30,3,267,801
561,187,4,1,209,209
562,187,66,2,232,464
563,188,27,2,287,574
564,188,85,2,309,618
565,189,106,3,181,543
566,189,92,3,156,468
567,189,90,2,393,786
568,190,100,3,271,813
569,190,41,1,232,232
570,191,23,3,315,945
571,191,113,1,128,128
572,192,92,3,156,468
573,192,112,2,360,720
574,192,88,3,393,1179
575,192,61,3,222,666
576,193,50,2,243,486
577,193,62,1,155,155
578,193,33,3,237,711
579,193,66,1,232,232
580,194,99,3,280,840
581,194,48,3,263,789
582,194,58,3,304,912
583,195,82,2,256,512
584,195,18,1,198,198
585,196,5,2,305,610
586,196,85,1,309,309
587,196,110,3,315,945
588,196,99,2,280,560
589,197,92,3,156,468
590,197,7,1,375,375
591,198,41,1,232,232
592,198,105,3,275,825
593,199,98,2,264,528
594,199,91,2,192,384
595,199,47,1,83,83
596,200,95,3,331,993
597,200,116,2,253,506
598,200,61,1,222,222
599,201,26,3,393,1179
600,201,101,1,195,195
601,201,96,1,402,402
602,201,118,2,190,380
603,202,66,2,232,464
604,202,105,3,275,825
605,202,20,3,184,552
606,203,88,1,393,393
607,203,85,2,309,618
608,203,8,1,137,137
609,204,78,1,236,236
610,204,116,1,253,253
611,204,42,1,414,414
612,205,46,2,233,466
613,205,49,2,201,402
614,205,15,1,78,78
615,205,2,3,417,1251
616,206,114,3,284,852
617,206,22,1,290,290
618,207,56,2,186,372
619,207,18,1,198,198
620,207,70,3,228,684
621,208,109,2,119,238
622,208,113,1,128,128
623,209,59,2,296,592
624,209,61,2,222,444
625,209,101,3,195,585
626,209,112,1,360,360
627,210,16,2,178,356
628,210,114,1,284,284
629,211,64,3,284,852
630,211,7,1,375,375
631,212,40,3,347,1041
632,212,81,3,306,918
633,212,61,2,222,444
634,213,118,1,190,190
635,213,77,3,133,399
636,213,107,3,256,768
637,213,9,2,384,768
638,214,27,1,287,287
639,214,47,3,83,249
640,215,60,3,330,990
641,215,73,2,167,334
642,216,38,3,265,795
643,216,101,3,195,585
644,216,46,1,233,233
645,216,29,3,174,522
646,217,56,1,186,186
647,217,49,3,201,603
648,217,91,1,192,192
649,217,120,2,159,318
650,218,24,2,327,654
651,218,70,3,228,684
652,218,2,3,417,1251
653,218,112,1,360,360
654,219,24,1,327,327
655,219,117,3,157,471
656,220,27,3,287,861
657,220,3,3,282,846
658,221,72,1,182,182
659,221,19,1,297,297
660,222,78,3,236,708
661,222,34,3,167,501
662,223,60,1,330,330
663,223,12,1,218,218
664,223,103,2,298,596
665,223,116,3,253,759
666,224,106,1,181,181
667,224,30,3,267,801
668,224,23,1,315,315
669,224,75,3,259,777
670,225,91,1,192,192
671,225,35,2,190,380
672,225,119,3,133,399
673,225,7,2,375,750
674,226,87,2,362,724
675,226,19,2,297,594
676,226,59,1,296,296
677,226,82,1,256,256
678,227,26,1,393,393
679,227,21,2,265,530
680,228,28,2,233,466
681,228,11,1,282,282
682,228,25,3,292,876
683,228,41,1,232,232
684,229,99,3,280,840
685,229,63,2,416,832
686,229,36,2,253,506
687,230,65,1,186,186
688,230,30,1,267,267
689,231,94,2,263,526
690,231,43,2,362,724
691,231,91,3,192,576
692,232,71,1,246,246
693,232,6,3,145,435
694,232,62,2,155,310
695,232,66,3,232,696
696,233,71,3,246,738
697,233,85,3,309,927
698,234,87,2,362,724
699,234,102,2,214,428
700,234,76,3,303,909
701,235,71,2,246,492
702,235,84,1,234,234
703,235,37,1,376,376
704,235,18,1,198,198
705,236,36,2,253,506
706,236,67,1,87,87
707,236,45,3,200,600
708,237,43,2,362,724
709,237,50,3,243,729
710,238,9,2,384,768
711,238,104,3,137,411
712,238,69,1,231,231
713,239,89,2,265,530
714,239,3,1,282,282
715,240,19,2,297,594
716,240,30,1,267,267
717,241,117,1,157,157
718,241,19,3,297,891
719,241,71,1,246,246
720,241,99,1,280,280
721,242,50,2,243,486
722,242,12,3,218,654
723,242,112,3,360,1080
724,242,97,1,136,136
725,243,21,1,265,265
726,243,5,1,305,305
727,244,24,1,327,327
728,244,78,2,236,472
729,245,42,2,414,828
730,245,53,2,166,332
731,245,58,1,304,304
732,246,22,1,290,290
733,246,115,1,394,394
734,247,116,1,253,253
735,247,101,2,195,390
736,247,71,3,246,738
737,247,2,2,417,834
738,248,51,3,206,618
739,248,19,1,297,297
740,248,118,3,190,570
741,248,67,1,87,87
742,249,83,1,230,230
743,249,65,3,186,558
744,249,66,1,232,232
745,249,109,2,119,238
746,250,53,2,166,332
747,250,62,3,155,465
748,250,119,3,133,399
749,250,21,2,265,530
750,251,101,3,195,585
751,251,106,1,181,181
752,251,75,3,259,777
753,251,42,2,414,828
754,252,74,3,375,1125
755,252,63,2,416,832
756,253,98,1,264,264
757,253,74,2,375,750
758,253,117,2,157,314
759,254,76,1,303,303
760,254,14,2,240,480
761,255,113,3,128,384
762,255,104,2,137,274
763,255,11,3,282,846
764,256,39,1,389,389
765,256,9,3,384,1152
766,256,34,2,167,334
767,256,101,2,195,390
768,257,98,2,264,528
769,257,59,3,296,888
770,257,111,2,206,412
771,257,52,3,463,1389
772,258,104,3,137,411
773,258,38,1,265,265
774,259,110,1,315,315
775,259,34,3,167,501
776,259,5,2,305,610
777,260,28,2,233,466
778,260,77,2,133,266
779,261,24,1,327,327
780,261,83,1,230,230
781,261,83,1,230,230
782,261,108,3,235,705
783,262,61,1,222,222
784,262,33,2,237,474
785,263,99,1,280,280
786,263,81,2,306,612
787,263,69,3,231,693
788,264,104,2,137,274
789,264,88,1,393,393
790,264,96,2,402,804
791,265,119,2,133,266
792,265,21,3,265,795
793,266,118,1,190,190
794,266,116,2,253,506
795,267,71,2,246,492
796,267,98,3,264,792
797,268,49,1,201,201
798,268,18,2,198,396
799,268,75,2,259,518
800,269,99,1,280,280
801,269,41,1,232,232
802,269,59,1,296,296
803,270,90,2,393,786
804,270,62,3,155,465
805,270,26,3,393,1179
806,270,111,3,206,618
807,271,39,2,389,778
808,271,91,1,192,192
809,272,10,1,372,372
810,272,66,3,232,696
811,272,85,1,309,309
812,272,97,1,136,136
813,273,25,3,292,876
814,273,75,3,259,777
815,274,36,2,253,506
816,274,115,3,394,1182
817,275,76,3,303,909
818,275,106,1,181,181
819,275,2,3,417,1251
820,275,26,1,393,393
821,276,75,3,259,777
822,276,66,2,232,464
823,276,87,2,362,724
824,277,55,1,379,379
825,277,107,3,256,768
826,277,115,2,394,788
827,277,66,1,232,232
828,278,55,3,379,1137
829,278,69,3,231,693
830,279,18,2,198,396
831,279,118,2,190,380
832,279,33,3,237,711
833,279,19,1,297,297
834,280,21,2,265,530
835,280,65,3,186,558
836,281,70,1,228,228
837,281,94,1,263,263
838,281,31,2,360,720
839,282,31,1,360,360
840,282,107,2,256,512
841,282,76,2,303,606
842,283,86,1,234,234
843,283,58,3,304,912
844,284,9,2,384,768
845,284,11,2,282,564
846,285,10,3,372,1116
847,285,100,2,271,542
848,285,32,3,266,798
849,286,91,3,192,576
850,286,55,1,379,379
851,287,83,3,230,690
852,287,21,3,265,795
853,287,102,1,214,214
854,287,37,3,376,1128
855,288,96,3,402,1206
856,288,25,3,292,876
857,288,52,1,463,463
858,288,30,3,267,801
859,289,31,2,360,720
860,289,1,3,280,840
861,290,69,3,231,693
862,290,37,2,376,752
863,291,29,1,174,174
864,291,52,2,463,926
865,291,89,2,265,530
866,292,25,2,292,584
867,292,118,3,190,570
868,292,13,2,102,204
869,292,65,3,186,558
870,293,73,2,167,334
871,293,38,1,265,265
872,293,120,3,159,477
873,294,17,3,382,1146
874,294,88,1,393,393
875,294,90,1,393,393
876,295,15,2,78,156
877,295,31,1,360,360
878,296,53,3,166,498
879,296,106,2,181,362
880,296,21,2,265,530
881,297,93,2,287,574
882,297,111,1,206,206
883,297,82,1,256,256
884,297,85,2,309,618
885,298,86,1,234,234
886,298,1,1,280,280
887,299,41,3,232,696
888,299,101,3,195,585
889,299,111,3,206,618
890,299,57,3,429,1287
891,300,94,2,263,526
892,300,17,2,382,764
893,300,46,3,233,699
894,301,17,3,382,1146
895,301,3,2,282,564
896,301,56,3,186,558
897,301,77,1,133,133
898,302,91,2,192,384
899,302,100,2,271,542
900,302,67,2,87,174
901,302,32,3,266,798
902,303,107,3,256,768
903,303,5,2,305,610
904,303,62,2,155,310
905,304,91,2,192,384
906,304,59,2,296,592
907,304,12,2,218,436
908,305,95,3,331,993
909,305,33,3,237,711
910,305,47,3,83,249
911,305,3,2,282,564
912,306,56,3,186,558
913,306,68,3,393,1179
914,307,93,3,287,861
915,307,95,1,331,331
916,308,6,3,145,435
917,308,17,2,382,764
918,308,109,2,119,238
919,309,83,1,230,230
920,309,92,1,156,156
921,310,43,1,362,362
922,310,110,1,315,315
923,311,66,1,232,232
924,311,15,2,78,156
925,311,57,3,429,1287
926,312,49,1,201,201
927,312,95,2,331,662
928,313,80,3,237,711
929,313,25,1,292,292
930,314,110,1,315,315
931,314,30,2,267,534
932,314,76,3,303,909
933,314,113,2,128,256
934,315,109,3,119,357
935,315,12,3,218,654
936,315,59,1,296,296
937,315,31,1,360,360
938,316,116,1,253,253
939,316,15,2,78,156
940,317,43,3,362,1086
941,317,31,2,360,720
942,318,35,2,190,380
943,318,100,3,271,813
944,318,62,2,155,310
945,319,77,3,133,399
946,319,23,3,315,945
947,320,98,3,264,792
948,320,57,1,429,429
949,320,40,2,347,694
950,321,24,2,327,654
951,321,1,2,280,560
952,322,67,2,87,174
953,322,92,1,156,156
954,322,13,3,102,306
955,323,27,1,287,287
956,323,113,2,128,256
957,323,46,2,233,466
958,323,78,3,236,708
959,324,92,2,156,312
960,324,108,1,235,235
961,324,47,3,83,249
962,324,69,3,231,693
963,325,44,1,263,263
964,325,54,1,389,389
965,326,26,3,393,1179
966,326,69,2,231,462
967,326,47,2,83,166
968,326,34,1,167,167
969,327,105,3,275,825
970,327,8,1,137,137
971,327,49,1,201,201
972,328,61,1,222,222
973,328,70,1,228,228
974,328,9,3,384,1152
975,328,23,3,315,945
976,329,90,3,393,1179
977,329,99,1,280,280
978,330,92,2,156,312
979,330,94,3,263,789
980,331,26,3,393,1179
981,331,79,3,427,1281
982,331,107,1,256,256
983,331,86,2,234,468
984,332,64,2,284,568
985,332,71,1,246,246
986,332,106,1,181,181
987,333,76,3,303,909
988,333,66,3,232,696
989,334,116,3,253,759
990,334,3,1,282,282
991,335,59,3,296,888
992,335,31,1,360,360
993,335,26,2,393,786
994,335,116,3,253,759
995,336,117,1,157,157
996,336,3,3,282,846
997,337,86,2,234,468
998,337,39,3,389,1167
999,337,116,1,253,253
1000,338,119,1,133,133
1001,338,104,1,137,137
1002,338,94,2,263,526
1003,338,30,2,267,534
1004,339,49,3,201,603
1005,339,70,2,228,456
1006,340,35,3,190,570
1007,340,107,3,256,768
1008,340,32,1,266,266
1009,341,28,2,233,466
1010,341,102,2,214,428
1011,342,97,3,136,408
1012,342,103,3,298,894
1013,342,46,2,233,466
1014,342,27,1,287,287
1015,343,21,3,265,795
1016,343,98,1,264,264
1017,343,55,1,379,379
1018,344,93,1,287,287
1019,344,46,3,233,699
1020,344,104,1,137,137
1021,344,34,2,167,334
1022,345,75,1,259,259
1023,345,41,2,232,464
1024,345,104,1,137,137
1025,345,112,2,360,720
1026,346,81,1,306,306
1027,346,90,1,393,393
1028,346,38,3,265,795
1029,346,111,1,206,206
1030,347,92,2,156,312
1031,347,25,1,292,292
1032,347,20,2,184,368
1033,347,23,3,315,945
1034,348,50,2,243,486
1035,348,20,1,184,184
1036,348,24,3,327,981
1037,349,25,2,292,584
1038,349,83,3,230,690
1039,349,63,1,416,416
1040,349,3,1,282,282
1041,350,69,2,231,462
1042,350,28,2,233,466
1043,351,48,1,263,263
1044,351,62,1,155,155
1045,351,83,1,230,230
1046,352,103,1,298,298
1047,352,8,3,137,411
1048,352,112,1,360,360
1049,352,26,1,393,393
1050,353,34,2,167,334
1051,353,24,2,327,654
1052,354,101,3,195,585
1053,354,53,1,166,166
1054,355,58,3,304,912
1055,355,63,1,416,416
1056,356,53,3,166,498
1057,356,120,3,159,477
1058,356,51,1,206,206
1059,357,96,2,402,804
1060,357,87,2,362,724
1061,357,75,3,259,777
1062,357,107,2,256,512
1063,358,28,3,233,699
1064,358,7,3,375,1125
1065,358,28,2,233,466
1066,359,11,3,282,846
1067,359,48,2,263,526
1068,360,21,1,265,265
1069,360,61,1,222,222
1070,360,112,2,360,720
1071,360,56,3,186,558
1072,361,1,3,280,840
1073,361,38,1,265,265
1074,361,49,2,201,402
1075,361,93,2,287,574
1076,362,86,1,234,234
1077,362,37,1,376,376
1078,363,15,1,78,78
1079,363,94,3,263,789
1080,364,91,1,192,192
1081,364,79,2,427,854
1082,364,82,3,256,768
1083,365,39,2,389,778
1084,365,57,2,429,858
1085,365,14,2,240,480
1086,366,92,2,156,312
1087,366,51,3,206,618
1088,366,97,3,136,408
1089,366,36,1,253,253
1090,367,20,2,184,368
1091,367,50,3,243,729
1092,368,55,1,379,379
1093,368,35,1,190,190
1094,369,57,3,429,1287
1095,369,118,2,190,380
1096,369,117,3,157,471
1097,369,57,3,429,1287
1098,370,65,3,186,558
1099,370,105,1,275,275
1100,370,104,2,137,274
1101,371,4,1,209,209
1102,371,65,1,186,186
1103,372,78,3,236,708
1104,372,10,1,372,372
1105,373,41,1,232,232
1106,373,73,3,167,501
1107,374,13,2,102,204
1108,374,9,3,384,1152
1109,375,87,2,362,724
1110,375,38,1,265,265
1111,375,74,2,375,750
1112,376,71,2,246,492
1113,376,82,3,256,768
1114,376,66,1,232,232
1115,377,41,3,232,696
1116,377,107,3,256,768
1117,378,36,3,253,759
1118,378,77,1,133,133
1119,378,56,2,186,372
1120,378,33,3,237,711
1121,379,2,1,417,417
1122,379,33,3,237,711
1123,379,23,2,315,630
1124,379,34,3,167,501
1125,380,84,1,234,234
1126,380,39,3,389,1167
1127,380,103,1,298,298
1128,380,24,2,327,654
1129,381,51,3,206,618
1130,381,55,1,379,379
1131,381,48,3,263,789
1132,382,66,2,232,464
1133,382,25,2,292,584
1134,382,19,3,297,891
1135,383,88,3,393,1179
1136,383,10,3,372,1116
1137,384,115,2,394,788
1138,384,61,2,222,444
1139,384,40,3,347,1041
1140,385,12,1,218,218
1141,385,115,3,394,1182
1142,386,68,1,393,393
1143,386,19,3,297,891
1144,387,39,1,389,389
1145,387,35,1,190,190
1146,387,51,1,206,206
1147,388,111,3,206,618
1148,388,49,1,201,201
1149,388,13,1,102,102
1150,389,60,3,330,990
1151,389,54,3,389,1167
1152,390,8,2,137,274
1153,390,74,1,375,375
1154,391,63,3,416,1248
1155,391,19,2,297,594
1156,391,20,3,184,552
1157,391,60,2,330,660
1158,392,74,3,375,1125
1159,392,81,2,306,612
1160,392,77,2,133,266
1161,392,119,1,133,133
1162,393,65,1,186,186
1163,393,5,2,305,610
1164,393,33,3,237,711
1165,394,100,3,271,813
1166,394,58,2,304,608
1167,394,60,2,330,660
1168,395,104,1,137,137
1169,395,32,3,266,798
1170,396,86,2,234,468
1171,396,25,2,292,584
1172,396,94,2,263,526
1173,397,23,2,315,630
1174,397,10,1,372,372
1175,398,53,3,166,498
1176,398,12,2,218,436
1177,398,30,1,267,267
1178,398,100,1,271,271
1179,399,63,2,416,832
1180,399,51,1,206,206
1181,399,83,3,230,690
1182,399,2,2,417,834
1183,400,4,1,209,209
1184,400,108,1,235,235
1185,401,75,2,259,518
1186,401,75,2,259,518
1187,402,9,2,384,768
1188,402,70,3,228,684
1189,402,49,1,201,201
1190,402,63,1,416,416
1191,403,77,1,133,133
1192,403,15,3,78,234
1193,403,77,2,133,266
1194,403,112,2,360,720
1195,404,118,1,190,190
1196,404,106,2,181,362
1197,404,115,1,394,394
1198,404,45,3,200,600
1199,405,79,1,427,427
1200,405,43,2,362,724
1201,405,70,1,228,228
1202,405,119,3,133,399
1203,406,82,3,256,768
1204,406,75,1,259,259
1205,406,80,3,237,711
1206,406,62,2,155,310
1207,407,19,2,297,594
1208,407,91,3,192,576
1209,408,103,2,298,596
1210,408,31,3,360,1080
1211,409,78,2,236,472
1212,409,79,3,427,1281
1213,409,19,1,297,297
1214,409,32,2,266,532
1215,410,23,3,315,945
1216,410,100,2,271,542
1217,410,120,2,159,318
1218,411,21,1,265,265
1219,411,51,3,206,618
1220,412,49,1,201,201
1221,412,120,2,159,318
1222,413,65,1,186,186
1223,413,63,1,416,416
1224,413,28,1,233,233
1225,414,13,1,102,102
1226,414,99,2,280,560
1227,414,82,3,256,768
1228,415,51,3,206,618
1229,415,19,3,297,891
1230,415,73,2,167,334
1231,415,36,2,253,506
1232,416,114,1,284,284
1233,416,32,3,266,798
1234,416,90,1,393,393
1235,417,40,2,347,694
1236,417,13,3,102,306
1237,418,57,1,429,429
1238,418,12,2,218,436
1239,419,12,3,218,654
1240,419,52,1,463,463
1241,420,81,2,306,612
1242,420,15,1,78,78
1243,420,51,2,206,412
1244,421,45,2,200,400
1245,421,69,2,231,462
1246,421,90,1,393,393
1247,421,113,2,128,256
1248,422,16,1,178,178
1249,422,56,2,186,372
1250,422,57,2,429,858
1251,422,25,3,292,876
1252,423,16,2,178,356
1253,423,9,3,384,1152
1254,424,14,1,240,240
1255,424,65,3,186,558
1256,424,99,3,280,840
1257,425,107,2,256,512
1258,425,49,3,201,603
1259,425,16,3,178,534
1260,426,53,3,166,498
1261,426,17,2,382,764
1262,426,42,2,414,828
1263,427,79,3,427,1281
1264,427,18,1,198,198
1265,427,118,2,190,380
1266,428,36,3,253,759
1267,428,105,2,275,550
1268,429,53,3,166,498
1269,429,26,3,393,1179
1270,429,103,3,298,894
1271,430,49,1,201,201
1272,430,54,2,389,778
1273,430,74,3,375,1125
1274,431,14,1,240,240
1275,431,9,2,384,768
1276,431,67,1,87,87
1277,432,45,3,200,600
1278,432,54,3,389,1167
1279,432,22,1,290,290
1280,432,81,3,306,918
1281,433,64,3,284,852
1282,433,58,1,304,304
1283,433,64,3,284,852
1284,434,8,2,137,274
1285,434,39,1,389,389
1286,435,116,3,253,759
1287,435,53,3,166,498
1288,435,10,1,372,372
1289,436,12,2,218,436
1290,436,20,3,184,552
1291,436,105,3,275,825
1292,436,39,2,389,778
1293,437,29,1,174,174
1294,437,6,1,145,145
1295,437,63,2,416,832
1296,438,58,1,304,304
1297,438,35,1,190,190
1298,438,60,1,330,330
1299,439,77,3,133,399
1300,439,84,2,234,468
1301,440,36,3,253,759
1302,440,31,3,360,1080
1303,440,104,1,137,137
1304,440,72,2,182,364
1305,441,2,2,417,834
1306,441,89,2,265,530
1307,442,91,1,192,192
1308,442,39,1,389,389
1309,442,93,3,287,861
1310,442,45,3,200,600
1311,443,11,1,282,282
1312,443,74,1,375,375
1313,443,76,3,303,909
1314,444,64,1,284,284
1315,444,56,3,186,558
1316,444,71,3,246,738
1317,445,42,2,414,828
1318,445,100,1,271,271
1319,446,82,2,256,512
1320,446,103,3,298,894
1321,447,24,3,327,981
1322,447,117,1,157,157
1323,447,40,2,347,694
1324,447,44,1,263,263
1325,448,74,1,375,375
1326,448,23,2,315,630
1327,449,19,1,297,297
1328,449,39,2,389,778
1329,449,98,3,264,792
1330,449,53,2,166,332
1331,450,90,3,393,1179
1332,450,44,2,263,526
1333,450,85,3,309,927
1334,450,2,1,417,417
1335,451,34,2,167,334
1336,451,4,3,209,627
1337,451,107,3,256,768
1338,452,18,1,198,198
1339,452,47,1,83,83
1340,452,82,2,256,512
1341,453,12,3,218,654
1342,453,119,2,133,266
1343,453,64,2,284,568
1344,454,102,2,214,428
1345,454,72,1,182,182
1346,454,61,2,222,444
1347,454,43,1,362,362
1348,455,119,1,133,133
1349,455,114,1,284,284
1350,456,69,3,231,693
1351,456,107,2,256,512
1352,457,86,3,234,702
1353,457,30,2,267,534
1354,458,6,1,145,145
1355,458,36,2,253,506
1356,458,16,2,178,356
1357,459,80,1,237,237
1358,459,111,2,206,412
1359,459,17,2,382,764
1360,459,28,3,233,699
1361,460,101,2,195,390
1362,460,27,2,287,574
1363,460,3,2,282,564
1364,461,89,2,265,530
1365,461,100,3,271,813
1366,462,25,3,292,876
1367,462,93,3,287,861
1368,463,97,3,136,408
1369,463,6,2,145,290
1370,464,35,2,190,380
1371,464,39,3,389,1167
1372,464,107,1,256,256
1373,465,87,3,362,1086
1374,465,55,1,379,379
1375,465,94,1,263,263
1376,466,6,3,145,435
1377,466,17,1,382,382
1378,466,68,2,393,786
1379,466,57,3,429,1287
1380,467,119,3,133,399
1381,467,35,3,190,570
1382,467,6,2,145,290
1383,468,32,1,266,266
1384,468,4,3,209,627
1385,469,115,1,394,394
1386,469,56,2,186,372
1387,469,90,1,393,393
1388,470,112,1,360,360
1389,470,52,3,463,1389
1390,470,18,2,198,396
1391,470,99,2,280,560
1392,471,65,2,186,372
1393,471,36,2,253,506
1394,472,47,3,83,249
1395,472,13,3,102,306
1396,472,69,3,231,693
1397,472,24,3,327,981
1398,473,41,1,232,232
1399,473,16,1,178,178
1400,474,62,3,155,465
1401,474,90,3,393,1179
1402,474,28,2,233,466
1403,475,60,2,330,660
1404,475,22,1,290,290
1405,475,45,3,200,600
1406,475,106,1,181,181
1407,476,16,3,178,534
1408,476,96,3,402,1206
1409,477,35,3,190,570
1410,477,1,2,280,560
1411,477,74,2,375,750
1412,477,74,1,375,375
1413,478,56,1,186,186
1414,478,72,3,182,546
1415,479,39,3,389,1167
1416,479,12,2,218,436
1417,479,3,2,282,564
1418,480,76,1,303,303
1419,480,47,1,83,83
1420,481,37,2,376,752
1421,481,87,2,362,724
1422,481,117,1,157,157
1423,481,117,1,157,157
1424,482,112,2,360,720
1425,482,57,2,429,858
1426,482,15,1,78,78
1427,482,24,2,327,654
1428,483,101,2,195,390
1429,483,118,1,190,190
1430,483,8,2,137,274
1431,483,94,1,263,263
1432,484,17,1,382,382
1433,484,90,3,393,1179
1434,484,2,2,417,834
1435,484,53,1,166,166
1436,485,28,3,233,699
1437,485,115,2,394,788
1438,485,12,2,218,436
1439,486,94,1,263,263
1440,486,42,3,414,1242
1441,486,3,1,282,282
1442,487,44,1,263,263
1443,487,58,1,304,304
1444,487,42,3,414,1242
1445,487,27,1,287,287
1446,488,88,2,393,786
1447,488,58,3,304,912
1448,488,20,2,184,368
1449,488,34,3,167,501
1450,489,57,1,429,429
1451,489,113,1,128,128
1452,490,52,2,463,926
1453,490,51,1,206,206
1454,490,100,2,271,542
1455,491,43,3,362,1086
1456,491,27,2,287,574
1457,491,35,1,190,190
1458,491,17,2,382,764
1459,492,18,1,198,198
1460,492,83,2,230,460
1461,493,56,1,186,186
1462,493,9,2,384,768
1463,493,12,1,218,218
1464,493,14,2,240,480
1465,494,106,2,181,362
1466,494,101,2,195,390
1467,494,87,3,362,1086
1468,495,73,2,167,334
1469,495,111,3,206,618
1470,496,97,2,136,272
1471,496,59,1,296,296
1472,496,109,2,119,238
1473,496,33,1,237,237
1474,497,91,1,192,192
1475,497,96,1,402,402
1476,497,104,3,137,411
1477,498,12,1,218,218
1478,498,100,1,271,271
1479,498,11,3,282,846
1480,498,49,2,201,402
1481,499,32,3,266,798
1482,499,22,3,290,870
1483,499,85,3,309,927
1484,500,71,1,246,246
1485,500,4,1,209,209
1486,501,115,3,394,1182
1487,501,60,1,330,330
1488,501,6,2,145,290
1489,502,4,3,209,627
1490,502,8,1,137,137
1491,503,14,3,240,720
1492,503,88,1,393,393
1493,503,102,2,214,428
1494,503,84,1,234,234
1495,504,22,2,290,580
1496,504,52,1,463,463
1497,504,17,2,382,764
1498,505,52,2,463,926
1499,505,103,1,298,298
1500,506,118,1,190,190
1501,506,98,3,264,792
1502,506,71,3,246,738
1503,506,74,1,375,375
1504,507,42,2,414,828
1505,507,3,3,282,846
1506,507,13,1,102,102
1507,508,41,1,232,232
1508,508,19,3,297,891
1509,508,98,2,264,528
1510,509,20,2,184,368
1511,509,59,3,296,888
1512,509,104,1,137,137
1513,509,44,2,263,526
1514,510,46,3,233,699
1515,510,89,3,265,795
1516,511,47,2,83,166
1517,511,36,1,253,253
1518,511,114,1,284,284
1519,511,103,2,298,596
1520,512,6,1,145,145
1521,512,104,3,137,411
1522,512,37,3,376,1128
1523,513,12,1,218,218
1524,513,118,1,190,190
1525,513,14,3,240,720
1526,513,18,3,198,594
1527,514,93,1,287,287
1528,514,97,1,136,136
1529,515,74,2,375,750
1530,515,62,2,155,310
1531,515,1,1,280,280
1532,515,88,2,393,786
1533,516,113,1,128,128
1534,516,88,3,393,1179
1535,516,58,1,304,304
1536,517,91,2,192,384
1537,517,71,3,246,738
1538,517,20,1,184,184
1539,517,44,2,263,526
1540,518,64,1,284,284
1541,518,118,1,190,190
1542,518,61,1,222,222
1543,518,12,3,218,654
1544,519,83,1,230,230
1545,519,57,3,429,1287
1546,519,108,3,235,705
1547,520,63,3,416,1248
1548,520,28,2,233,466
1549,520,10,2,372,744
1550,521,118,3,190,570
1551,521,107,1,256,256
1552,521,31,1,360,360
1553,522,37,1,376,376
1554,522,2,3,417,1251
1555,522,54,2,389,778
1556,523,74,3,375,1125
1557,523,81,3,306,918
1558,523,22,2,290,580
1559,523,59,2,296,592
1560,524,42,1,414,414
1561,524,82,3,256,768
1562,524,113,1,128,128
1563,524,110,3,315,945
1564,525,79,3,427,1281
1565,525,15,2,78,156
1566,525,1,3,280,840
1567,525,46,2,233,466
1568,526,43,2,362,724
1569,526,19,1,297,297
1570,526,102,1,214,214
1571,526,76,1,303,303
1572,527,1,2,280,560
1573,527,28,2,233,466
1574,528,10,3,372,1116
1575,528,34,3,167,501
1576,529,49,3,201,603
1577,529,33,1,237,237
1578,529,45,2,200,400
1579,529,4,2,209,418
1580,530,31,3,360,1080
1581,530,91,3,192,576
1582,531,10,3,372,1116
1583,531,90,2,393,786
1584,531,45,1,200,200
1585,532,58,1,304,304
1586,532,23,3,315,945
1587,532,69,2,231,462
1588,533,100,2,271,542
1589,533,53,3,166,498
1590,533,72,3,182,546
1591,533,109,1,119,119
1592,534,8,1,137,137
1593,534,103,2,298,596
1594,534,44,1,263,263
1595,534,53,2,166,332
1596,535,12,3,218,654
1597,535,70,1,228,228
1598,535,17,2,382,764
1599,535,57,3,429,1287
1600,536,77,2,133,266
1601,536,41,1,232,232
1602,537,14,2,240,480
1603,537,27,1,287,287
1604,537,82,3,256,768
1605,537,30,1,267,267
1606,538,42,2,414,828
1607,538,41,2,232,464
1608,539,49,2,201,402
1609,539,24,3,327,981
1610,539,13,3,102,306
1611,540,14,1,240,240
1612,540,96,1,402,402
1613,540,86,2,234,468
1614,541,61,2,222,444
1615,541,49,3,201,603
1616,541,18,3,198,594
1617,542,71,1,246,246
1618,542,115,3,394,1182
1619,542,115,3,394,1182
1620,543,105,3,275,825
1621,543,31,1,360,360
1622,543,58,3,304,912
1623,543,105,2,275,550
1624,544,27,1,287,287
1625,544,45,2,200,400
1626,545,96,2,402,804
1627,545,81,3,306,918
1628,546,67,2,87,174
1629,546,25,1,292,292
1630,547,53,2,166,332
1631,547,27,2,287,574
1632,547,84,3,234,702
1633,548,32,2,266,532
1634,548,96,3,402,1206
1635,549,91,1,192,192
1636,549,4,2,209,418
1637,549,68,2,393,786
1638,549,96,2,402,804
1639,550,58,1,304,304
1640,550,76,1,303,303
1641,550,21,3,265,795
1642,550,92,3,156,468
1643,551,60,1,330,330
1644,551,37,2,376,752
1645,551,115,2,394,788
1646,551,3,1,282,282
1647,552,54,1,389,389
1648,552,101,3,195,585
1649,552,62,1,155,155
1650,552,102,1,214,214
1651,553,107,3,256,768
1652,553,67,1,87,87
1653,553,51,1,206,206
1654,553,16,3,178,534
1655,554,99,3,280,840
1656,554,75,1,259,259
1657,554,68,3,393,1179
1658,554,119,3,133,399
1659,555,23,2,315,630
1660,555,44,2,263,526
1661,556,106,2,181,362
1662,556,26,3,393,1179
1663,556,39,3,389,1167
1664,556,1,1,280,280
1665,557,120,1,159,159
1666,557,40,1,347,347
1667,557,109,2,119,238
1668,557,95,2,331,662
1669,558,10,1,372,372
1670,558,13,1,102,102
1671,558,40,3,347,1041
1672,559,94,3,263,789
1673,559,79,1,427,427
1674,560,68,1,393,393
1675,560,80,3,237,711
1676,560,54,2,389,778
1677,560,31,2,360,720
1678,561,59,1,296,296
1679,561,58,2,304,608
1680,561,66,2,232,464
1681,561,8,2,137,274
1682,562,86,3,234,702
1683,562,75,3,259,777
1684,562,102,3,214,642
1685,562,47,3,83,249
1686,563,85,3,309,927
1687,563,17,1,382,382
1688,563,21,2,265,530
1689,563,21,1,265,265
1690,564,62,1,155,155
1691,564,105,2,275,550
1692,565,47,2,83,166
1693,565,42,1,414,414
1694,565,3,3,282,846
1695,566,11,2,282,564
1696,566,59,3,296,888
1697,567,72,1,182,182
1698,567,1,2,280,560
1699,567,24,3,327,981
1700,568,68,1,393,393
1701,568,85,1,309,309
1702,568,26,3,393,1179
1703,569,45,1,200,200
1704,569,26,3,393,1179
1705,569,111,2,206,412
1706,570,87,2,362,724
1707,570,30,2,267,534
1708,571,24,1,327,327
1709,571,18,2,198,396
1710,571,20,3,184,552
1711,571,85,3,309,927
1712,572,31,1,360,360
1713,572,19,2,297,594
1714,573,84,3,234,702
1715,573,12,1,218,218
1716,573,9,3,384,1152
1717,574,73,3,167,501
1718,574,97,1,136,136
1719,574,14,2,240,480
1720,574,31,3,360,1080
1721,575,73,2,167,334
1722,575,72,3,182,546
1723,575,108,3,235,705
1724,576,22,3,290,870
1725,576,51,2,206,412
1726,577,91,1,192,192
1727,577,63,2,416,832
1728,577,53,3,166,498
1729,577,35,3,190,570
1730,578,86,2,234,468
1731,578,90,1,393,393
1732,578,58,2,304,608
1733,578,46,3,233,699
1734,579,39,1,389,389
1735,579,63,2,416,832
1736,579,10,1,372,372
1737,580,65,2,186,372
1738,580,68,2,393,786
1739,580,50,3,243,729
1740,581,47,2,83,166
1741,581,20,2,184,368
1742,582,102,1,214,214
1743,582,20,1,184,184
1744,582,27,2,287,574
1745,582,29,2,174,348
1746,583,75,3,259,777
1747,583,67,1,87,87
1748,583,83,3,230,690
1749,584,19,3,297,891
1750,584,75,3,259,777
1751,584,9,3,384,1152
1752,584,40,2,347,694
1753,585,48,1,263,263
1754,585,36,3,253,759
1755,585,115,1,394,394
1756,585,29,2,174,348
1757,586,27,2,287,574
1758,586,102,1,214,214
1759,587,46,2,233,466
1760,587,105,1,275,275
1761,588,117,2,157,314
1762,588,17,1,382,382
1763,589,20,1,184,184
1764,589,62,2,155,310
1765,589,60,1,330,330
1766,589,14,2,240,480
1767,590,111,1,206,206
1768,590,38,3,265,795
1769,590,110,1,315,315
1770,591,66,3,232,696
1771,591,59,1,296,296
1772,591,61,1,222,222
1773,591,19,1,297,297
1774,592,119,2,133,266
1775,592,60,1,330,330
1776,593,100,3,271,813
1777,593,112,1,360,360
1778,593,18,1,198,198
1779,594,59,2,296,592
1780,594,67,2,87,174
1781,594,101,1,195,195
1782,595,99,3,280,840
1783,595,62,1,155,155
1784,596,95,1,331,331
1785,596,30,1,267,267
1786,597,67,2,87,174
1787,597,13,3,102,306
1788,597,90,1,393,393
1789,598,75,3,259,777
1790,598,58,2,304,608
1791,598,12,2,218,436
1792,599,7,1,375,375
1793,599,34,3,167,501
1794,599,82,3,256,768
1795,600,32,3,266,798
1796,600,63,1,416,416
1797,600,28,1,233,233
1798,601,99,3,280,840
1799,601,2,1,417,417
1800,601,10,1,372,372
1801,601,34,3,167,501
1802,602,115,1,394,394
1803,602,72,3,182,546
1804,602,107,1,256,256
1805,603,67,1,87,87
1806,603,15,1,78,78
1807,603,29,1,174,174
1808,603,84,1,234,234
1809,604,70,2,228,456
1810,604,46,2,233,466
1811,604,5,3,305,915
1812,605,48,3,263,789
1813,605,56,2,186,372
1814,606,7,3,375,1125
1815,606,108,2,235,470
1816,607,112,3,360,1080
1817,607,34,2,167,334
1818,608,12,2,218,436
1819,608,15,2,78,156
1820,608,17,3,382,1146
1821,608,4,3,209,627
1822,609,46,2,233,466
1823,609,33,1,237,237
1824,610,81,3,306,918
1825,610,4,1,209,209
1826,610,110,3,315,945
1827,610,39,2,389,778
1828,611,49,2,201,402
1829,611,30,1,267,267
1830,612,28,3,233,699
1831,612,33,1,237,237
1832,613,61,1,222,222
1833,613,67,2,87,174
1834,613,37,1,376,376
1835,614,46,1,233,233
1836,614,12,3,218,654
1837,614,3,3,282,846
1838,615,12,2,218,436
1839,615,4,2,209,418
1840,616,65,1,186,186
1841,616,5,2,305,610
1842,616,58,3,304,912
1843,616,107,1,256,256
1844,617,116,1,253,253
1845,617,70,1,228,228
1846,617,25,3,292,876
1847,617,108,3,235,705
1848,618,44,3,263,789
1849,618,19,1,297,297
1850,618,111,3,206,618
1851,619,109,3,119,357
1852,619,57,1,429,429
1853,619,78,3,236,708
1854,619,42,1,414,414
1855,620,109,3,119,357
1856,620,28,1,233,233
1857,620,99,1,280,280
1858,620,10,3,372,1116
1859,621,91,1,192,192
1860,621,101,3,195,585
1861,621,94,1,263,263
1862,622,29,2,174,348
1863,622,73,2,167,334
1864,622,118,2,190,380
1865,622,40,3,347,1041
1866,623,47,3,83,249
1867,623,49,1,201,201
1868,623,98,2,264,528
1869,624,40,1,347,347
1870,624,11,1,282,282
1871,624,63,1,416,416
1872,624,112,2,360,720
1873,625,67,3,87,261
1874,625,24,1,327,327
1875,626,110,1,315,315
1876,626,73,3,167,501
1877,626,107,3,256,768
1878,627,3,3,282,846
1879,627,45,2,200,400
1880,627,6,2,145,290
1881,627,66,1,232,232
1882,628,37,2,376,752
1883,628,104,1,137,137
1884,629,38,3,265,795
1885,629,107,1,256,256
1886,629,33,1,237,237
1887,630,88,2,393,786
1888,630,63,2,416,832
1889,630,70,3,228,684
1890,630,113,2,128,256
1891,631,69,1,231,231
1892,631,64,3,284,852
1893,632,3,3,282,846
1894,632,116,3,253,759
1895,632,44,2,263,526
1896,633,10,3,372,1116
1897,633,65,1,186,186
1898,633,60,1,330,330
1899,634,110,1,315,315
1900,634,9,3,384,1152
1901,634,89,3,265,795
1902,634,28,2,233,466
1903,635,115,3,394,1182
1904,635,42,1,414,414
1905,635,2,3,417,1251
1906,636,47,3,83,249
1907,636,61,1,222,222
1908,636,25,3,292,876
1909,636,82,1,256,256
1910,637,21,1,265,265
1911,637,98,2,264,528
1912,637,106,1,181,181
1913,637,46,3,233,699
1914,638,72,1,182,182
1915,638,112,2,360,720
1916,638,9,2,384,768
1917,638,62,3,155,465
1918,639,8,2,137,274
1919,639,42,3,414,1242
1920,640,69,1,231,231
1921,640,81,2,306,612
1922,641,84,3,234,702
1923,641,89,2,265,530
1924,641,19,1,297,297
1925,642,8,2,137,274
1926,642,120,1,159,159
1927,643,65,2,186,372
1928,643,14,2,240,480
1929,643,56,3,186,558
1930,644,8,3,137,411
1931,644,25,3,292,876
1932,644,17,3,382,1146
1933,645,87,2,362,724
1934,645,24,2,327,654
1935,645,118,2,190,380
1936,646,115,3,394,1182
1937,646,63,2,416,832
1938,646,82,3,256,768
1939,647,46,3,233,699
1940,647,79,3,427,1281
1941,647,55,2,379,758
1942,647,11,2,282,564
1943,648,24,3,327,981
1944,648,97,2,136,272
1945,648,30,1,267,267
1946,648,103,1,298,298
1947,649,75,2,259,518
1948,649,11,1,282,282
1949,649,87,2,362,724
1950,649,55,3,379,1137
1951,650,61,2,222,444
1952,650,15,3,78,234
1953,650,10,1,372,372
1954,651,33,1,237,237
1955,651,27,1,287,287
1956,651,9,3,384,1152
1957,651,114,3,284,852
1958,652,4,1,209,209
1959,652,25,2,292,584
1960,652,112,2,360,720
1961,653,55,3,379,1137
1962,653,19,3,297,891
1963,654,112,2,360,720
1964,654,74,3,375,1125
1965,654,113,2,128,256
1966,655,107,3,256,768
1967,655,20,3,184,552
1968,656,98,3,264,792
1969,656,27,2,287,574
1970,656,24,3,327,981
1971,656,40,1,347,347
1972,657,66,1,232,232
1973,657,91,3,192,576
1974,658,51,3,206,618
1975,658,72,1,182,182
1976,658,54,3,389,1167
1977,659,113,2,128,256
1978,659,6,2,145,290
1979,659,24,3,327,981
1980,659,108,2,235,470
1981,660,5,1,305,305
1982,660,95,1,331,331
1983,660,73,3,167,501
1984,660,3,2,282,564
1985,661,72,3,182,546
1986,661,56,3,186,558
1987,662,112,1,360,360
1988,662,28,2,233,466
1989,662,11,1,282,282
1990,663,60,1,330,330
1991,663,6,3,145,435
1992,663,59,1,296,296
1993,663,50,3,243,729
1994,664,60,3,330,990
1995,664,6,2,145,290
1996,664,48,3,263,789
1997,665,16,1,178,178
1998,665,44,3,263,789
1999,666,120,2,159,318
2000,666,38,2,265,530
2001,666,84,3,234,702
2002,667,78,1,236,236
2003,667,68,1,393,393
2004,667,12,1,218,218
2005,668,119,2,133,266
2006,668,102,3,214,642
2007,668,4,3,209,627
2008,668,47,3,83,249
2009,669,53,1,166,166
2010,669,89,3,265,795
2011,670,62,2,155,310
2012,670,48,1,263,263
2013,670,79,1,427,427
2014,670,68,3,393,1179
2015,671,62,1,155,155
2016,671,110,2,315,630
2017,672,31,2,360,720
2018,672,54,2,389,778
2019,672,107,2,256,512
2020,672,51,1,206,206
2021,673,91,2,192,384
2022,673,47,3,83,249
2023,673,96,2,402,804
2024,674,37,1,376,376
2025,674,27,1,287,287
2026,674,12,1,218,218
2027,674,46,1,233,233
2028,675,42,1,414,414
2029,675,86,2,234,468
2030,675,25,2,292,584
2031,675,72,1,182,182
2032,676,83,3,230,690
2033,676,12,3,218,654
2034,677,24,3,327,981
2035,677,68,1,393,393
2036,677,53,1,166,166
2037,677,11,3,282,846
2038,678,37,2,376,752
2039,678,98,3,264,792
2040,679,80,2,237,474
2041,679,34,2,167,334
2042,680,2,2,417,834
2043,680,94,3,263,789
2044,681,26,1,393,393
2045,681,5,3,305,915
2046,682,90,1,393,393
2047,682,28,2,233,466
2048,683,57,3,429,1287
2049,683,15,2,78,156
2050,683,100,3,271,813
2051,684,73,3,167,501
2052,684,68,1,393,393
2053,685,26,2,393,786
2054,685,79,1,427,427
2055,685,42,1,414,414
2056,685,99,2,280,560
2057,686,65,2,186,372
2058,686,81,1,306,306
2059,686,119,3,133,399
2060,687,20,3,184,552
2061,687,105,3,275,825
2062,688,62,3,155,465
2063,688,96,1,402,402
2064,688,66,1,232,232
2065,688,34,3,167,501
2066,689,60,3,330,990
2067,689,47,3,83,249
2068,690,120,3,159,477
2069,690,81,1,306,306
2070,691,66,3,232,696
2071,691,80,2,237,474
2072,691,10,1,372,372
2073,692,111,2,206,412
2074,692,113,1,128,128
2075,693,88,1,393,393
2076,693,60,2,330,660
2077,693,116,2,253,506
2078,693,74,1,375,375
2079,694,69,1,231,231
2080,694,34,2,167,334
2081,694,109,1,119,119
2082,694,109,2,119,238
2083,695,74,1,375,375
2084,695,86,3,234,702
2085,695,1,2,280,560
2086,695,38,2,265,530
2087,696,33,2,237,474
2088,696,106,1,181,181
2089,696,5,2,305,610
2090,697,48,3,263,789
2091,697,58,3,304,912
2092,697,70,2,228,456
2093,698,34,2,167,334
2094,698,14,1,240,240
2095,698,106,1,181,181
2096,698,72,3,182,546
2097,699,107,3,256,768
2098,699,116,1,253,253
2099,699,93,1,287,287
2100,700,17,2,382,764
2101,700,104,3,137,411
2102,701,11,1,282,282
2103,701,72,1,182,182
2104,701,15,2,78,156
2105,702,45,3,200,600
2106,702,95,2,331,662
2107,703,78,2,236,472
2108,703,38,2,265,530
2109,703,85,2,309,618
2110,703,110,2,315,630
2111,704,76,3,303,909
2112,704,109,1,119,119
2113,704,37,3,376,1128
2114,704,48,3,263,789
2115,705,74,3,375,1125
2116,705,51,2,206,412
2117,705,59,1,296,296
2118,706,82,1,256,256
2119,706,70,1,228,228
2120,707,41,2,232,464
2121,707,39,2,389,778
2122,707,9,1,384,384
2123,707,28,3,233,699
2124,708,106,1,181,181
2125,708,66,2,232,464
2126,709,6,3,145,435
2127,709,103,2,298,596
2128,709,108,1,235,235
2129,709,84,3,234,702
2130,710,6,1,145,145
2131,710,47,1,83,83
2132,710,17,3,382,1146
2133,711,97,3,136,408
2134,711,38,3,265,795
2135,712,112,3,360,1080
2136,712,84,3,234,702
2137,712,105,3,275,825
2138,713,27,3,287,861
2139,713,77,2,133,266
2140,713,96,3,402,1206
2141,713,69,2,231,462
2142,714,1,2,280,560
2143,714,67,3,87,261
2144,714,112,3,360,1080
2145,715,91,3,192,576
2146,715,8,2,137,274
2147,715,116,3,253,759
2148,715,89,2,265,530
2149,716,16,3,178,534
2150,716,34,2,167,334
2151,716,41,2,232,464
2152,717,32,3,266,798
2153,717,40,2,347,694
2154,717,69,3,231,693
2155,718,107,2,256,512
2156,718,67,1,87,87
2157,718,103,2,298,596
2158,719,57,2,429,858
2159,719,47,2,83,166
2160,719,98,3,264,792
2161,720,116,2,253,506
2162,720,18,1,198,198
2163,721,86,2,234,468
2164,721,64,1,284,284
2165,722,1,2,280,560
2166,722,36,1,253,253
2167,722,107,1,256,256
2168,722,97,3,136,408
2169,723,1,3,280,840
2170,723,3,3,282,846
2171,724,82,3,256,768
2172,724,19,3,297,891
2173,724,76,3,303,909
2174,725,21,1,265,265
2175,725,32,1,266,266
2176,725,10,1,372,372
2177,725,109,3,119,357
2178,726,5,1,305,305
2179,726,37,1,376,376
2180,727,80,2,237,474
2181,727,13,1,102,102
2182,727,70,2,228,456
2183,728,17,3,382,1146
2184,728,95,1,331,331
2185,728,49,2,201,402
2186,728,89,1,265,265
2187,729,76,2,303,606
2188,729,94,2,263,526
2189,730,82,2,256,512
2190,730,89,2,265,530
2191,730,2,1,417,417
2192,731,119,3,133,399
2193,731,96,3,402,1206
2194,731,59,2,296,592
2195,732,43,2,362,724
2196,732,4,1,209,209
2197,733,17,1,382,382
2198,733,67,1,87,87
2199,733,96,1,402,402
2200,733,100,2,271,542
2201,734,12,2,218,436
2202,734,109,1,119,119
2203,734,4,3,209,627
2204,734,24,2,327,654
2205,735,97,3,136,408
2206,735,18,1,198,198
2207,735,75,3,259,777
2208,735,77,1,133,133
2209,736,99,3,280,840
2210,736,77,2,133,266
2211,736,120,2,159,318
2212,736,99,2,280,560
2213,737,2,3,417,1251
2214,737,41,3,232,696
2215,738,112,1,360,360
2216,738,115,3,394,1182
2217,739,44,3,263,789
2218,739,27,1,287,287
2219,739,23,1,315,315
2220,739,112,2,360,720
2221,740,95,3,331,993
2222,740,101,1,195,195
2223,740,11,2,282,564
2224,741,15,2,78,156
2225,741,74,3,375,1125
2226,742,87,1,362,362
2227,742,52,1,463,463
2228,743,78,1,236,236
2229,743,11,1,282,282
2230,744,70,3,228,684
2231,744,46,2,233,466
2232,745,56,2,186,372
2233,745,68,3,393,1179
2234,745,49,1,201,201
2235,745,73,2,167,334
2236,746,74,2,375,750
2237,746,104,2,137,274
2238,746,95,1,331,331
2239,746,49,1,201,201
2240,747,73,1,167,167
2241,747,23,2,315,630
2242,748,13,2,102,204
2243,748,79,1,427,427
2244,749,83,2,230,460
2245,749,100,2,271,542
2246,749,20,1,184,184
2247,749,11,1,282,282
2248,750,23,3,315,945
2249,750,45,1,200,200
2250,750,33,1,237,237
2251,751,16,1,178,178
2252,751,10,3,372,1116
2253,751,36,1,253,253
2254,751,119,2,133,266
2255,752,111,2,206,412
2256,752,64,1,284,284
2257,752,1,3,280,840
2258,752,115,2,394,788
2259,753,54,3,389,1167
2260,753,70,1,228,228
2261,753,112,3,360,1080
2262,754,108,3,235,705
2263,754,46,1,233,233
2264,754,102,2,214,428
2265,754,43,2,362,724
2266,755,17,3,382,1146
2267,755,59,3,296,888
2268,756,92,1,156,156
2269,756,110,2,315,630
2270,756,47,1,83,83
2271,757,82,2,256,512
2272,757,119,1,133,133
2273,758,2,3,417,1251
2274,758,46,2,233,466
2275,758,67,2,87,174
2276,759,104,1,137,137
2277,759,102,2,214,428
2278,760,54,1,389,389
2279,760,106,1,181,181
2280,761,120,3,159,477
2281,761,52,3,463,1389
2282,761,64,1,284,284
2283,761,14,3,240,720
2284,762,56,1,186,186
2285,762,35,2,190,380
2286,763,44,3,263,789
2287,763,119,2,133,266
2288,763,3,1,282,282
2289,764,26,3,393,1179
2290,764,74,1,375,375
2291,765,57,1,429,429
2292,765,54,3,389,1167
2293,766,93,2,287,574
2294,766,4,1,209,209
2295,767,81,2,306,612
2296,767,77,3,133,399
2297,767,109,1,119,119
2298,768,7,2,375,750
2299,768,14,1,240,240
2300,769,86,2,234,468
2301,769,25,3,292,876
2302,770,14,2,240,480
2303,770,118,2,190,380
2304,770,9,3,384,1152
2305,771,31,3,360,1080
2306,771,8,3,137,411
2307,771,46,1,233,233
2308,771,20,1,184,184
2309,772,72,1,182,182
2310,772,34,2,167,334
2311,773,97,3,136,408
2312,773,56,2,186,372
2313,773,58,3,304,912
2314,773,56,1,186,186
2315,774,39,3,389,1167
2316,774,86,1,234,234
2317,774,26,1,393,393
2318,775,9,3,384,1152
2319,775,91,2,192,384
2320,775,84,3,234,702
2321,776,49,3,201,603
2322,776,68,1,393,393
2323,776,68,3,393,1179
2324,776,38,1,265,265
2325,777,3,1,282,282
2326,777,17,1,382,382
2327,777,32,3,266,798
2328,778,1,2,280,560
2329,778,5,2,305,610
2330,778,78,1,236,236
2331,779,101,1,195,195
2332,779,88,2,393,786
2333,779,15,1,78,78
2334,779,106,1,181,181
2335,780,51,1,206,206
2336,780,68,1,393,393
2337,780,101,3,195,585
2338,780,8,2,137,274
2339,781,78,3,236,708
2340,781,95,2,331,662
2341,781,49,2,201,402
2342,781,88,3,393,1179
2343,782,49,2,201,402
2344,782,97,2,136,272
2345,782,51,2,206,412
2346,783,13,3,102,306
2347,783,20,2,184,368
2348,783,4,2,209,418
2349,783,50,3,243,729
2350,784,41,1,232,232
2351,784,9,1,384,384
2352,784,89,2,265,530
2353,785,35,3,190,570
2354,785,42,3,414,1242
2355,786,11,2,282,564
2356,786,85,3,309,927
2357,786,62,3,155,465
2358,786,98,2,264,528
2359,787,63,3,416,1248
2360,787,79,1,427,427
2361,788,64,2,284,568
2362,788,15,1,78,78
2363,788,60,3,330,990
2364,788,28,3,233,699
2365,789,37,2,376,752
2366,789,38,1,265,265
2367,789,74,1,375,375
2368,789,48,3,263,789
2369,790,22,3,290,870
2370,790,57,2,429,858
2371,790,75,3,259,777
2372,791,56,2,186,372
2373,791,62,1,155,155
2374,792,91,3,192,576
2375,792,10,2,372,744
2376,792,90,3,393,1179
2377,792,120,1,159,159
2378,793,118,1,190,190
2379,793,20,3,184,552
2380,794,14,3,240,720
2381,794,39,2,389,778
2382,795,80,2,237,474
2383,795,47,3,83,249
2384,795,43,1,362,362
2385,795,104,2,137,274
2386,796,57,2,429,858
2387,796,40,3,347,1041
2388,796,20,2,184,368
2389,796,29,1,174,174
2390,797,97,2,136,272
2391,797,91,1,192,192
2392,797,118,3,190,570
2393,798,40,2,347,694
2394,798,100,1,271,271
2395,798,20,1,184,184
2396,798,40,2,347,694
2397,799,87,3,362,1086
2398,799,44,2,263,526
2399,800,97,3,136,408
2400,800,21,2,265,530
2401,800,64,2,284,568
2402,801,62,2,155,310
2403,801,75,1,259,259
2404,801,49,3,201,603
2405,801,87,2,362,724
2406,802,115,3,394,1182
2407,802,74,1,375,375
2408,802,97,3,136,408
2409,803,93,2,287,574
2410,803,93,1,287,287
2411,803,97,2,136,272
2412,804,93,1,287,287
2413,804,78,2,236,472
2414,805,55,2,379,758
2415,805,81,1,306,306
2416,805,93,1,287,287
2417,806,84,3,234,702
2418,806,42,2,414,828
2419,806,77,3,133,399
2420,806,25,2,292,584
2421,807,115,1,394,394
2422,807,68,1,393,393
2423,807,83,1,230,230
2424,808,94,1,263,263
2425,808,47,2,83,166
2426,808,37,2,376,752
2427,809,8,1,137,137
2428,809,11,3,282,846
2429,809,66,3,232,696
2430,809,72,2,182,364
2431,810,16,3,178,534
2432,810,83,3,230,690
2433,810,58,3,304,912
2434,811,74,2,375,750
2435,811,24,1,327,327
2436,811,70,1,228,228
2437,811,42,3,414,1242
2438,812,49,1,201,201
2439,812,5,3,305,915
2440,812,108,1,235,235
2441,812,71,3,246,738
2442,813,117,2,157,314
2443,813,2,3,417,1251
2444,813,54,3,389,1167
2445,813,74,2,375,750
2446,814,106,3,181,543
2447,814,21,2,265,530
2448,815,25,2,292,584
2449,815,14,1,240,240
2450,815,102,1,214,214
2451,816,23,2,315,630
2452,816,37,1,376,376
2453,816,48,1,263,263
2454,816,82,2,256,512
2455,817,64,3,284,852
2456,817,14,1,240,240
2457,817,109,1,119,119
2458,817,41,3,232,696
2459,818,13,1,102,102
2460,818,52,2,463,926
2461,818,92,1,156,156
2462,818,120,1,159,159
2463,819,75,2,259,518
2464,819,66,3,232,696
2465,819,84,2,234,468
2466,820,45,2,200,400
2467,820,44,2,263,526
2468,820,112,2,360,720
2469,820,116,1,253,253
2470,821,62,1,155,155
2471,821,37,1,376,376
2472,821,75,3,259,777
2473,821,99,1,280,280
2474,822,82,3,256,768
2475,822,108,1,235,235
2476,822,62,1,155,155
2477,822,72,2,182,364
2478,823,26,3,393,1179
2479,823,59,3,296,888
2480,823,63,1,416,416
2481,823,100,2,271,542
2482,824,68,2,393,786
2483,824,75,1,259,259
2484,824,25,3,292,876
2485,825,115,2,394,788
2486,825,64,2,284,568
2487,825,37,3,376,1128
2488,825,95,1,331,331
2489,826,71,1,246,246
2490,826,16,3,178,534
2491,827,14,3,240,720
2492,827,42,1,414,414
2493,827,69,3,231,693
2494,828,105,3,275,825
2495,828,33,2,237,474
2496,829,30,1,267,267
2497,829,58,1,304,304
2498,830,95,1,331,331
2499,830,80,3,237,711
2500,831,88,3,393,1179
2501,831,49,1,201,201
2502,832,41,2,232,464
2503,832,44,2,263,526
2504,832,65,1,186,186
2505,832,111,3,206,618
2506,833,20,2,184,368
2507,833,22,2,290,580
2508,834,80,1,237,237
2509,834,119,1,133,133
2510,834,18,3,198,594
2511,835,117,1,157,157
2512,835,115,2,394,788
2513,835,109,2,119,238
2514,835,5,3,305,915
2515,836,5,2,305,610
2516,836,27,3,287,861
2517,837,30,3,267,801
2518,837,11,2,282,564
2519,837,67,1,87,87
2520,837,96,2,402,804
2521,838,118,3,190,570
2522,838,35,3,190,570
2523,838,7,3,375,1125
2524,839,7,2,375,750
2525,839,47,2,83,166
2526,839,16,2,178,356
2527,839,72,2,182,364
2528,840,58,3,304,912
2529,840,117,1,157,157
2530,840,109,3,119,357
2531,840,51,1,206,206
2532,841,108,1,235,235
2533,841,41,2,232,464
2534,841,54,1,389,389
2535,841,99,3,280,840
2536,842,72,2,182,364
2537,842,115,3,394,1182
2538,842,42,1,414,414
2539,842,3,3,282,846
2540,843,81,2,306,612
2541,843,17,3,382,1146
2542,844,12,2,218,436
2543,844,116,3,253,759
2544,844,36,2,253,506
2545,844,63,3,416,1248
2546,845,62,3,155,465
2547,845,117,2,157,314
2548,845,114,1,284,284
2549,845,96,3,402,1206
2550,846,15,1,78,78
2551,846,83,2,230,460
2552,846,21,2,265,530
2553,847,69,1,231,231
2554,847,88,3,393,1179
2555,847,114,1,284,284
2556,847,73,1,167,167
2557,848,97,2,136,272
2558,848,88,1,393,393
2559,849,61,3,222,666
2560,849,106,3,181,543
2561,849,55,3,379,1137
2562,850,17,2,382,764
2563,850,10,1,372,372
2564,850,85,2,309,618
2565,850,19,3,297,891
2566,851,56,3,186,558
2567,851,14,1,240,240
2568,852,71,2,246,492
2569,852,79,1,427,427
2570,852,80,2,237,474
2571,852,51,3,206,618
2572,853,76,2,303,606
2573,853,68,3,393,1179
2574,854,92,2,156,312
2575,854,52,2,463,926
2576,854,64,1,284,284
2577,855,102,2,214,428
2578,855,19,1,297,297
2579,856,65,1,186,186
2580,856,109,2,119,238
2581,856,93,3,287,861
2582,856,102,1,214,214
2583,857,51,1,206,206
2584,857,79,1,427,427
2585,858,39,1,389,389
2586,858,2,2,417,834
2587,858,10,2,372,744
2588,858,54,3,389,1167
2589,859,102,2,214,428
2590,859,23,1,315,315
2591,859,45,3,200,600
2592,860,16,3,178,534
2593,860,118,1,190,190
2594,860,112,3,360,1080
2595,861,60,2,330,660
2596,861,111,1,206,206
2597,861,98,3,264,792
2598,861,88,3,393,1179
2599,862,104,2,137,274
2600,862,95,2,331,662
2601,863,48,2,263,526
2602,863,59,2,296,592
2603,863,76,2,303,606
2604,863,104,2,137,274
2605,864,22,1,290,290
2606,864,38,1,265,265
2607,865,70,3,228,684
2608,865,88,1,393,393
2609,865,61,2,222,444
2610,865,3,1,282,282
2611,866,49,2,201,402
2612,866,87,2,362,724
2613,867,36,2,253,506
2614,867,68,3,393,1179
2615,867,109,2,119,238
2616,868,2,2,417,834
2617,868,87,2,362,724
2618,868,79,2,427,854
2619,868,92,2,156,312
2620,869,12,1,218,218
2621,869,44,2,263,526
2622,869,25,1,292,292
2623,869,105,1,275,275
2624,870,55,1,379,379
2625,870,77,1,133,133
2626,871,60,2,330,660
2627,871,23,2,315,630
2628,871,76,3,303,909
2629,872,92,1,156,156
2630,872,98,2,264,528
2631,872,34,3,167,501
2632,872,91,3,192,576
2633,873,7,1,375,375
2634,873,109,2,119,238
2635,873,61,3,222,666
2636,873,5,2,305,610
2637,874,35,1,190,190
2638,874,13,3,102,306
2639,875,114,3,284,852
2640,875,41,1,232,232
2641,876,97,2,136,272
2642,876,50,2,243,486
2643,876,42,3,414,1242
2644,876,89,3,265,795
2645,877,86,3,234,702
2646,877,94,3,263,789
2647,877,60,3,330,990
2648,878,89,1,265,265
2649,878,39,2,389,778
2650,878,24,2,327,654
2651,879,53,3,166,498
2652,879,9,2,384,768
2653,879,104,1,137,137
2654,880,30,1,267,267
2655,880,96,2,402,804
2656,881,72,1,182,182
2657,881,40,2,347,694
2658,881,73,3,167,501
2659,881,57,1,429,429
2660,882,67,2,87,174
2661,882,96,2,402,804
2662,882,109,2,119,238
2663,883,98,1,264,264
2664,883,2,2,417,834
2665,883,14,1,240,240
2666,883,2,2,417,834
2667,884,13,1,102,102
2668,884,74,1,375,375
2669,884,80,2,237,474
2670,885,100,1,271,271
2671,885,62,2,155,310
2672,885,9,1,384,384
2673,885,46,1,233,233
2674,886,14,1,240,240
2675,886,106,3,181,543
2676,886,17,3,382,1146
2677,886,92,1,156,156
2678,887,6,3,145,435
2679,887,45,2,200,400
2680,887,87,3,362,1086
2681,888,89,2,265,530
2682,888,43,1,362,362
2683,888,60,3,330,990
2684,888,47,3,83,249
2685,889,55,3,379,1137
2686,889,58,2,304,608
2687,890,71,1,246,246
2688,890,120,3,159,477
2689,891,18,1,198,198
2690,891,107,3,256,768
2691,892,68,3,393,1179
2692,892,42,2,414,828
2693,893,43,1,362,362
2694,893,116,2,253,506
2695,893,86,3,234,702
2696,894,107,2,256,512
2697,894,77,3,133,399
2698,895,52,2,463,926
2699,895,56,3,186,558
2700,895,80,2,237,474
2701,896,2,2,417,834
2702,896,107,2,256,512
2703,897,92,1,156,156
2704,897,62,1,155,155
2705,898,67,1,87,87
2706,898,96,3,402,1206
2707,898,39,3,389,1167
2708,898,31,2,360,720
2709,899,30,1,267,267
2710,899,107,1,256,256
2711,899,87,2,362,724
2712,900,86,3,234,702
2713,900,7,2,375,750
2714,901,10,2,372,744
2715,901,42,2,414,828
2716,901,99,2,280,560
2717,901,77,1,133,133
2718,902,23,2,315,630
2719,902,53,2,166,332
2720,903,43,1,362,362
2721,903,3,3,282,846
2722,903,24,1,327,327
2723,904,15,3,78,234
2724,904,5,3,305,915
2725,904,43,1,362,362
2726,904,111,3,206,618
2727,905,30,2,267,534
2728,905,106,2,181,362
2729,905,15,2,78,156
2730,905,14,3,240,720
2731,906,19,2,297,594
2732,906,16,3,178,534
2733,907,90,3,393,1179
2734,907,89,3,265,795
2735,908,75,3,259,777
2736,908,11,1,282,282
2737,909,105,2,275,550
2738,909,84,3,234,702
2739,910,97,3,136,408
2740,910,97,3,136,408
2741,910,88,3,393,1179
2742,910,15,2,78,156
2743,911,115,2,394,788
2744,911,70,2,228,456
2745,911,67,1,87,87
2746,911,83,2,230,460
2747,912,33,2,237,474
2748,912,115,1,394,394
2749,912,27,2,287,574
2750,913,66,2,232,464
2751,913,46,2,233,466
2752,913,32,2,266,532
2753,914,86,2,234,468
2754,914,68,3,393,1179
2755,915,52,1,463,463
2756,915,9,2,384,768
2757,915,53,2,166,332
2758,915,41,1,232,232
2759,916,35,1,190,190
2760,916,20,3,184,552
2761,916,54,3,389,1167
2762,917,40,3,347,1041
2763,917,70,1,228,228
2764,918,43,3,362,1086
2765,918,72,2,182,364
2766,918,94,3,263,789
2767,919,58,2,304,608
2768,919,91,1,192,192
2769,919,59,2,296,592
2770,920,71,1,246,246
2771,920,73,3,167,501
2772,921,55,2,379,758
2773,921,110,1,315,315
2774,921,53,2,166,332
2775,921,44,3,263,789
2776,922,93,3,287,861
2777,922,4,3,209,627
2778,922,47,3,83,249
2779,922,46,3,233,699
2780,923,120,3,159,477
2781,923,85,3,309,927
2782,923,67,1,87,87
2783,924,85,3,309,927
2784,924,112,2,360,720
2785,924,36,3,253,759
2786,925,77,1,133,133
2787,925,40,2,347,694
2788,925,106,3,181,543
2789,925,24,3,327,981
2790,926,108,3,235,705
2791,926,45,2,200,400
2792,927,76,1,303,303
2793,927,19,2,297,594
2794,927,78,1,236,236
2795,927,83,2,230,460
2796,928,21,3,265,795
2797,928,86,2,234,468
2798,928,28,1,233,233
2799,928,94,1,263,263
2800,929,88,3,393,1179
2801,929,28,3,233,699
2802,929,101,2,195,390
2803,929,56,1,186,186
2804,930,24,2,327,654
2805,930,57,1,429,429
2806,931,56,3,186,558
2807,931,28,2,233,466
2808,932,28,1,233,233
2809,932,3,1,282,282
2810,932,111,2,206,412
2811,933,29,1,174,174
2812,933,10,2,372,744
2813,933,103,3,298,894
2814,933,106,2,181,362
2815,934,52,3,463,1389
2816,934,96,3,402,1206
2817,935,69,3,231,693
2818,935,58,2,304,608
2819,936,85,1,309,309
2820,936,98,3,264,792
2821,937,41,3,232,696
2822,937,59,2,296,592
2823,938,21,1,265,265
2824,938,98,2,264,528
2825,938,56,3,186,558
2826,939,21,3,265,795
2827,939,60,1,330,330
2828,940,54,3,389,1167
2829,940,56,2,186,372
2830,940,13,1,102,102
2831,941,107,3,256,768
2832,941,118,3,190,570
2833,942,35,1,190,190
2834,942,65,1,186,186
2835,942,66,3,232,696
2836,943,33,1,237,237
2837,943,8,2,137,274
2838,943,112,2,360,720
2839,943,54,1,389,389
2840,944,86,3,234,702
2841,944,51,2,206,412
2842,944,60,1,330,330
2843,944,83,3,230,690
2844,945,29,2,174,348
2845,945,75,1,259,259
2846,945,40,3,347,1041
2847,945,78,1,236,236
2848,946,92,3,156,468
2849,946,64,3,284,852
2850,947,15,1,78,78
2851,947,112,3,360,1080
2852,947,120,3,159,477
2853,948,100,1,271,271
2854,948,78,2,236,472
2855,948,15,3,78,234
2856,949,55,3,379,1137
2857,949,70,2,228,456
2858,949,99,1,280,280
2859,949,65,1,186,186
2860,950,42,1,414,414
2861,950,41,3,232,696
2862,950,70,1,228,228
2863,950,114,2,284,568
2864,951,49,3,201,603
2865,951,23,1,315,315
2866,951,92,1,156,156
2867,951,45,3,200,600
2868,952,37,3,376,1128
2869,952,89,3,265,795
2870,952,73,2,167,334
2871,953,25,2,292,584
2872,953,90,3,393,1179
2873,954,68,2,393,786
2874,954,94,3,263,789
2875,954,7,3,375,1125
2876,954,95,1,331,331
2877,955,12,3,218,654
2878,955,29,3,174,522
2879,955,55,2,379,758
2880,955,107,1,256,256
2881,956,8,3,137,411
2882,956,87,2,362,724
2883,957,36,1,253,253
2884,957,99,3,280,840
2885,958,44,2,263,526
2886,958,44,2,263,526
2887,958,35,1,190,190
2888,958,48,2,263,526
2889,959,73,2,167,334
2890,959,39,2,389,778
2891,960,3,2,282,564
2892,960,75,2,259,518
2893,960,67,2,87,174
2894,961,37,3,376,1128
2895,961,14,2,240,480
2896,961,24,1,327,327
2897,962,117,2,157,314
2898,962,70,1,228,228
2899,963,25,2,292,584
2900,963,42,3,414,1242
2901,964,21,1,265,265
2902,964,120,2,159,318
2903,964,48,1,263,263
2904,965,22,3,290,870
2905,965,29,2,174,348
2906,966,102,3,214,642
2907,966,13,3,102,306
2908,966,28,3,233,699
2909,967,73,2,167,334
2910,967,44,3,263,789
2911,968,50,1,243,243
2912,968,92,2,156,312
2913,969,71,1,246,246
2914,969,22,2,290,580
2915,970,54,2,389,778
2916,970,68,3,393,1179
2917,970,73,2,167,334
2918,970,2,3,417,1251
2919,971,17,1,382,382
2920,971,9,2,384,768
2921,972,119,1,133,133
2922,972,31,3,360,1080
2923,972,58,2,304,608
2924,972,80,1,237,237
2925,973,100,2,271,542
2926,973,18,3,198,594
2927,973,50,2,243,486
2928,973,116,1,253,253
2929,974,86,2,234,468
2930,974,7,2,375,750
2931,974,39,2,389,778
2932,975,29,1,174,174
2933,975,42,1,414,414
2934,976,13,1,102,102
2935,976,35,2,190,380
2936,977,8,3,137,411
2937,977,28,3,233,699
2938,978,1,2,280,560
2939,978,37,1,376,376
2940,978,53,3,166,498
2941,978,79,2,427,854
2942,979,81,2,306,612
2943,979,59,3,296,888
2944,980,62,2,155,310
2945,980,110,3,315,945
2946,980,102,3,214,642
2947,981,71,2,246,492
2948,981,38,1,265,265
2949,982,33,2,237,474
2950,982,72,3,182,546
2951,983,98,1,264,264
2952,983,8,1,137,137
2953,984,3,3,282,846
2954,984,10,3,372,1116
2955,984,6,1,145,145
2956,985,34,2,167,334
2957,985,17,3,382,1146
2958,985,83,3,230,690
2959,985,98,3,264,792
2960,986,91,2,192,384
2961,986,99,1,280,280
2962,987,11,1,282,282
2963,987,50,3,243,729
2964,988,115,2,394,788
2965,988,44,1,263,263
2966,988,6,1,145,145
2967,989,74,3,375,1125
2968,989,120,3,159,477
2969,990,91,2,192,384
2970,990,80,1,237,237
2971,990,46,1,233,233
2972,990,21,2,265,530
2973,991,2,3,417,1251
2974,991,16,1,178,178
2975,992,26,2,393,786
2976,992,50,2,243,486
2977,992,56,3,186,558
2978,992,117,3,157,471
2979,993,66,2,232,464
2980,993,120,3,159,477
2981,993,22,1,290,290
2982,994,66,2,232,464
2983,994,65,1,186,186
2984,994,96,3,402,1206
2985,995,47,1,83,83
2986,995,45,1,200,200
2987,996,112,3,360,1080
2988,996,101,1,195,195
2989,996,120,1,159,159
2990,997,104,1,137,137
2991,997,30,2,267,534
2992,998,81,3,306,918
2993,998,70,2,228,456
2994,998,36,3,253,759
2995,998,24,3,327,981
2996,999,99,2,280,560
2997,999,56,3,186,558
2998,999,99,1,280,280
2999,1000,26,2,393,786
3000,1000,120,3,159,477
3001,1001,94,2,263,526
3002,1001,44,1,263,263
3003,1001,49,2,201,402
3004,1001,35,3,190,570
3005,1002,102,3,214,642
3006,1002,78,1,236,236
3007,1003,57,3,429,1287
3008,1003,73,2,167,334
3009,1003,18,2,198,396
3010,1004,52,2,463,926
3011,1004,101,3,195,585
3012,1004,100,3,271,813
3013,1004,30,1,267,267
3014,1005,118,2,190,380
3015,1005,55,1,379,379
3016,1006,36,1,253,253
3017,1006,96,2,402,804
3018,1007,87,3,362,1086
3019,1007,70,3,228,684
3020,1008,12,2,218,436
3021,1008,16,3,178,534
3022,1008,54,1,389,389
3023,1008,14,1,240,240
3024,1009,98,2,264,528
3025,1009,77,2,133,266
3026,1010,37,3,376,1128
3027,1010,23,2,315,630
3028,1011,33,2,237,474
3029,1011,50,3,243,729
3030,1011,52,3,463,1389
3031,1012,29,3,174,522
3032,1012,20,2,184,368
3033,1013,15,1,78,78
3034,1013,71,3,246,738
3035,1013,65,2,186,372
3036,1014,49,3,201,603
3037,1014,11,2,282,564
3038,1014,28,3,233,699
3039,1015,47,2,83,166
3040,1015,70,3,228,684
3041,1015,87,3,362,1086
3042,1016,56,2,186,372
3043,1016,73,2,167,334
3044,1016,15,1,78,78
3045,1016,61,2,222,444
3046,1017,66,3,232,696
3047,1017,64,2,284,568
3048,1017,86,3,234,702
3049,1017,54,1,389,389
3050,1018,49,2,201,402
3051,1018,52,2,463,926
3052,1018,44,1,263,263
3053,1018,32,1,266,266
3054,1019,59,1,296,296
3055,1019,17,3,382,1146
3056,1019,94,3,263,789
3057,1020,45,1,200,200
3058,1020,42,1,414,414
3059,1020,14,3,240,720
3060,1021,65,1,186,186
3061,1021,13,2,102,204
3062,1022,29,1,174,174
3063,1022,91,1,192,192
3064,1022,50,1,243,243
3065,1022,60,3,330,990
3066,1023,120,1,159,159
3067,1023,39,2,389,778
3068,1023,49,3,201,603
3069,1024,21,3,265,795
3070,1024,120,3,159,477
3071,1024,108,2,235,470
3072,1024,43,3,362,1086
3073,1025,19,3,297,891
3074,1025,87,1,362,362
3075,1025,108,1,235,235
3076,1025,45,2,200,400
3077,1026,64,2,284,568
3078,1026,85,1,309,309
3079,1027,32,3,266,798
3080,1027,99,3,280,840
3081,1028,18,2,198,396
3082,1028,38,2,265,530
3083,1028,78,3,236,708
3084,1029,85,1,309,309
3085,1029,110,2,315,630
3086,1030,24,2,327,654
3087,1030,8,1,137,137
3088,1030,11,1,282,282
3089,1030,11,2,282,564
3090,1031,42,2,414,828
3091,1031,27,3,287,861
3092,1031,55,1,379,379
3093,1031,116,3,253,759
3094,1032,67,2,87,174
3095,1032,1,2,280,560
3096,1033,16,2,178,356
3097,1033,106,3,181,543
3098,1033,56,2,186,372
3099,1033,66,2,232,464
3100,1034,42,1,414,414
3101,1034,77,2,133,266
3102,1034,34,3,167,501
3103,1035,84,1,234,234
3104,1035,110,1,315,315
3105,1035,12,1,218,218
3106,1036,120,3,159,477
3107,1036,27,2,287,574
3108,1036,104,2,137,274
3109,1036,78,3,236,708
3110,1037,41,3,232,696
3111,1037,95,3,331,993
3112,1037,88,3,393,1179
3113,1037,17,1,382,382
3114,1038,99,1,280,280
3115,1038,14,3,240,720
3116,1039,80,3,237,711
3117,1039,90,3,393,1179
3118,1040,29,2,174,348
3119,1040,77,3,133,399
3120,1041,93,2,287,574
3121,1041,97,2,136,272
3122,1041,7,3,375,1125
3123,1041,93,1,287,287
3124,1042,10,1,372,372
3125,1042,118,1,190,190
3126,1042,111,2,206,412
3127,1043,105,2,275,550
3128,1043,38,1,265,265
3129,1043,103,2,298,596
3130,1043,75,1,259,259
3131,1044,19,2,297,594
3132,1044,109,3,119,357
3133,1045,48,2,263,526
3134,1045,28,2,233,466
3135,1045,68,3,393,1179
3136,1045,94,1,263,263
3137,1046,99,1,280,280
3138,1046,16,3,178,534
3139,1046,6,1,145,145
3140,1046,112,1,360,360
3141,1047,2,2,417,834
3142,1047,48,3,263,789
3143,1048,116,3,253,759
3144,1048,89,3,265,795
3145,1049,116,2,253,506
3146,1049,69,2,231,462
3147,1049,116,2,253,506
3148,1049,18,1,198,198
3149,1050,44,3,263,789
3150,1050,60,2,330,660
3151,1051,31,2,360,720
3152,1051,83,1,230,230
3153,1051,9,2,384,768
3154,1051,63,1,416,416
3155,1052,103,2,298,596
3156,1052,87,1,362,362
3157,1053,80,1,237,237
3158,1053,47,1,83,83
3159,1053,57,2,429,858
3160,1054,56,2,186,372
3161,1054,23,3,315,945
3162,1055,14,2,240,480
3163,1055,46,3,233,699
3164,1055,65,1,186,186
3165,1056,76,3,303,909
3166,1056,17,3,382,1146
3167,1056,81,2,306,612
3168,1057,68,2,393,786
3169,1057,23,2,315,630
3170,1057,36,3,253,759
3171,1058,104,2,137,274
3172,1058,32,3,266,798
3173,1059,96,1,402,402
3174,1059,12,3,218,654
3175,1059,85,1,309,309
3176,1059,114,2,284,568
3177,1060,83,3,230,690
3178,1060,104,2,137,274
3179,1060,12,1,218,218
3180,1060,8,2,137,274
3181,1061,15,3,78,234
3182,1061,64,3,284,852
3183,1062,65,3,186,558
3184,1062,43,1,362,362
3185,1062,1,3,280,840
3186,1062,68,1,393,393
3187,1063,99,3,280,840
3188,1063,82,1,256,256
3189,1063,80,1,237,237
3190,1064,79,3,427,1281
3191,1064,114,1,284,284
3192,1064,96,3,402,1206
3193,1065,109,2,119,238
3194,1065,6,1,145,145
3195,1065,57,1,429,429
3196,1065,108,2,235,470
3197,1066,57,3,429,1287
3198,1066,58,2,304,608
3199,1067,56,1,186,186
3200,1067,53,3,166,498
3201,1067,3,3,282,846
3202,1068,74,3,375,1125
3203,1068,110,2,315,630
3204,1069,93,1,287,287
3205,1069,73,3,167,501
3206,1069,66,3,232,696
3207,1069,2,3,417,1251
3208,1070,25,2,292,584
3209,1070,62,2,155,310
3210,1070,65,3,186,558
3211,1071,70,1,228,228
3212,1071,39,1,389,389
3213,1071,85,3,309,927
3214,1071,114,2,284,568
3215,1072,98,3,264,792
3216,1072,43,2,362,724
3217,1073,92,1,156,156
3218,1073,62,2,155,310
3219,1074,96,3,402,1206
3220,1074,114,2,284,568
3221,1075,120,2,159,318
3222,1075,71,3,246,738
3223,1075,99,1,280,280
3224,1076,96,2,402,804
3225,1076,49,3,201,603
3226,1076,26,1,393,393
3227,1076,114,3,284,852
3228,1077,54,1,389,389
3229,1077,111,1,206,206
3230,1077,37,1,376,376
3231,1077,23,1,315,315
3232,1078,103,3,298,894
3233,1078,95,1,331,331
3234,1078,83,2,230,460
3235,1079,119,3,133,399
3236,1079,68,3,393,1179
3237,1079,24,2,327,654
3238,1079,12,1,218,218
3239,1080,5,3,305,915
3240,1080,102,3,214,642
3241,1080,100,2,271,542
3242,1080,40,2,347,694
3243,1081,27,2,287,574
3244,1081,13,3,102,306
3245,1081,113,1,128,128
3246,1082,6,1,145,145
3247,1082,92,1,156,156
3248,1082,53,2,166,332
3249,1082,2,1,417,417
3250,1083,70,2,228,456
3251,1083,8,3,137,411
3252,1084,43,1,362,362
3253,1084,44,3,263,789
3254,1085,37,2,376,752
3255,1085,78,3,236,708
3256,1086,74,3,375,1125
3257,1086,87,3,362,1086
3258,1087,1,3,280,840
3259,1087,46,3,233,699
3260,1087,77,2,133,266
3261,1087,87,2,362,724
3262,1088,29,3,174,522
3263,1088,85,3,309,927
3264,1089,16,1,178,178
3265,1089,88,1,393,393
3266,1089,86,2,234,468
3267,1089,108,3,235,705
3268,1090,72,1,182,182
3269,1090,72,2,182,364
3270,1091,35,3,190,570
3271,1091,107,2,256,512
3272,1091,25,3,292,876
3273,1092,105,1,275,275
3274,1092,84,1,234,234
3275,1093,10,1,372,372
3276,1093,4,1,209,209
3277,1093,110,1,315,315
3278,1093,48,2,263,526
3279,1094,20,2,184,368
3280,1094,15,3,78,234
3281,1095,43,2,362,724
3282,1095,7,2,375,750
3283,1095,42,3,414,1242
3284,1095,58,2,304,608
3285,1096,71,3,246,738
3286,1096,69,3,231,693
3287,1097,33,2,237,474
3288,1097,116,2,253,506
3289,1097,66,2,232,464
3290,1097,68,2,393,786
3291,1098,57,1,429,429
3292,1098,32,3,266,798
3293,1099,59,3,296,888
3294,1099,23,1,315,315
3295,1099,86,1,234,234
3296,1100,62,2,155,310
3297,1100,74,3,375,1125
3298,1101,120,2,159,318
3299,1101,26,3,393,1179
3300,1101,45,1,200,200
3301,1102,100,1,271,271
3302,1102,91,1,192,192
3303,1103,101,3,195,585
3304,1103,91,3,192,576
3305,1103,22,2,290,580
3306,1104,52,3,463,1389
3307,1104,94,3,263,789
3308,1105,80,1,237,237
3309,1105,52,2,463,926
3310,1106,18,2,198,396
3311,1106,24,1,327,327
3312,1106,47,2,83,166
3313,1106,32,1,266,266
3314,1107,33,2,237,474
3315,1107,78,3,236,708
3316,1107,34,3,167,501
3317,1107,111,1,206,206
3318,1108,119,2,133,266
3319,1108,118,2,190,380
3320,1108,114,1,284,284
3321,1109,84,3,234,702
3322,1109,72,3,182,546
3323,1109,14,1,240,240
3324,1109,16,3,178,534
3325,1110,52,2,463,926
3326,1110,103,1,298,298
3327,1110,16,3,178,534
3328,1110,77,1,133,133
3329,1111,51,3,206,618
3330,1111,50,2,243,486
3331,1112,116,3,253,759
3332,1112,51,3,206,618
3333,1112,33,1,237,237
3334,1113,85,1,309,309
3335,1113,45,2,200,400
3336,1113,61,2,222,444
3337,1113,107,1,256,256
3338,1114,19,1,297,297
3339,1114,32,1,266,266
3340,1115,105,2,275,550
3341,1115,5,2,305,610
3342,1115,41,3,232,696
3343,1116,84,2,234,468
3344,1116,64,3,284,852
3345,1116,3,1,282,282
3346,1117,58,3,304,912
3347,1117,69,2,231,462
3348,1118,84,3,234,702
3349,1118,8,3,137,411
3350,1118,10,2,372,744
3351,1118,107,2,256,512
3352,1119,10,2,372,744
3353,1119,12,1,218,218
3354,1119,19,1,297,297
3355,1120,111,1,206,206
3356,1120,106,1,181,181
3357,1120,119,3,133,399
3358,1121,102,1,214,214
3359,1121,15,1,78,78
3360,1121,115,3,394,1182
3361,1122,47,1,83,83
3362,1122,32,3,266,798
3363,1122,28,1,233,233
3364,1122,24,3,327,981
3365,1123,27,1,287,287
3366,1123,29,2,174,348
3367,1123,5,1,305,305
3368,1123,57,3,429,1287
3369,1124,28,1,233,233
3370,1124,45,1,200,200
3371,1124,42,1,414,414
3372,1125,40,2,347,694
3373,1125,26,3,393,1179
3374,1126,76,2,303,606
3375,1126,68,1,393,393
3376,1126,45,1,200,200
3377,1127,50,1,243,243
3378,1127,79,1,427,427
3379,1127,26,1,393,393
3380,1128,95,3,331,993
3381,1128,100,2,271,542
3382,1128,58,2,304,608
3383,1128,28,2,233,466
3384,1129,38,2,265,530
3385,1129,11,1,282,282
3386,1129,24,3,327,981
3387,1129,115,2,394,788
3388,1130,23,1,315,315
3389,1130,22,1,290,290
3390,1131,111,3,206,618
3391,1131,91,2,192,384
3392,1131,29,3,174,522
3393,1132,70,3,228,684
3394,1132,114,1,284,284
3395,1132,102,1,214,214
3396,1132,87,2,362,724
3397,1133,46,2,233,466
3398,1133,57,1,429,429
3399,1133,103,2,298,596
3400,1133,115,3,394,1182
3401,1134,79,2,427,854
3402,1134,112,3,360,1080
3403,1135,104,2,137,274
3404,1135,57,3,429,1287
3405,1135,89,2,265,530
3406,1136,104,3,137,411
3407,1136,113,2,128,256
3408,1136,33,2,237,474
3409,1136,91,3,192,576
3410,1137,27,2,287,574
3411,1137,91,3,192,576
3412,1137,1,2,280,560
3413,1138,29,1,174,174
3414,1138,49,3,201,603
3415,1138,52,3,463,1389
3416,1139,39,1,389,389
3417,1139,94,3,263,789
3418,1139,49,2,201,402
3419,1140,111,2,206,412
3420,1140,118,3,190,570
3421,1141,2,2,417,834
3422,1141,92,2,156,312
3423,1142,5,3,305,915
3424,1142,101,3,195,585
3425,1142,23,3,315,945
3426,1143,98,2,264,528
3427,1143,2,2,417,834
3428,1144,5,3,305,915
3429,1144,101,1,195,195
3430,1144,24,2,327,654
3431,1144,76,3,303,909
3432,1145,117,3,157,471
3433,1145,60,3,330,990
3434,1145,51,3,206,618
3435,1146,32,3,266,798
3436,1146,16,1,178,178
3437,1146,16,3,178,534
3438,1147,96,1,402,402
3439,1147,13,3,102,306
3440,1147,46,1,233,233
3441,1148,44,1,263,263
3442,1148,110,2,315,630
3443,1148,115,3,394,1182
3444,1149,12,2,218,436
3445,1149,4,3,209,627
3446,1150,23,1,315,315
3447,1150,105,1,275,275
3448,1151,39,3,389,1167
3449,1151,102,1,214,214
3450,1152,9,3,384,1152
3451,1152,24,3,327,981
3452,1152,85,2,309,618
3453,1153,22,2,290,580
3454,1153,49,3,201,603
3455,1154,59,3,296,888
3456,1154,17,1,382,382
3457,1155,109,3,119,357
3458,1155,101,3,195,585
3459,1155,71,1,246,246
3460,1155,98,3,264,792
3461,1156,91,1,192,192
3462,1156,5,3,305,915
3463,1156,45,3,200,600
3464,1157,41,3,232,696
3465,1157,2,3,417,1251
3466,1158,13,3,102,306
3467,1158,105,2,275,550
3468,1159,25,1,292,292
3469,1159,65,3,186,558
3470,1159,94,1,263,263
3471,1160,16,1,178,178
3472,1160,47,2,83,166
3473,1161,19,3,297,891
3474,1161,33,2,237,474
3475,1161,110,2,315,630
3476,1162,93,2,287,574
3477,1162,103,3,298,894
3478,1162,88,1,393,393
3479,1162,57,1,429,429
3480,1163,87,2,362,724
3481,1163,49,3,201,603
3482,1163,24,2,327,654
3483,1163,53,2,166,332
3484,1164,37,2,376,752
3485,1164,48,1,263,263
3486,1164,78,1,236,236
3487,1165,82,2,256,512
3488,1165,110,1,315,315
3489,1165,28,1,233,233
3490,1166,6,1,145,145
3491,1166,106,2,181,362
3492,1166,12,2,218,436
3493,1167,69,2,231,462
3494,1167,91,1,192,192
3495,1168,89,1,265,265
3496,1168,85,1,309,309
3497,1168,80,2,237,474
3498,1169,104,1,137,137
3499,1169,46,3,233,699
3500,1170,5,1,305,305
3501,1170,75,1,259,259
3502,1170,58,2,304,608
3503,1170,77,1,133,133
3504,1171,32,3,266,798
3505,1171,91,3,192,576
3506,1172,79,1,427,427
3507,1172,28,3,233,699
3508,1173,103,3,298,894
3509,1173,32,3,266,798
3510,1173,47,3,83,249
3511,1174,41,2,232,464
3512,1174,88,2,393,786
3513,1174,21,3,265,795
3514,1175,77,1,133,133
3515,1175,32,3,266,798
3516,1175,84,3,234,702
3517,1175,3,2,282,564
3518,1176,55,3,379,1137
3519,1176,17,3,382,1146
3520,1177,34,3,167,501
3521,1177,20,2,184,368
3522,1178,64,3,284,852
3523,1178,50,2,243,486
3524,1179,88,2,393,786
3525,1179,33,1,237,237
3526,1179,43,1,362,362
3527,1179,43,2,362,724
3528,1180,86,3,234,702
3529,1180,37,1,376,376
3530,1180,61,1,222,222
3531,1181,27,3,287,861
3532,1181,101,2,195,390
3533,1181,114,3,284,852
3534,1181,82,2,256,512
3535,1182,43,3,362,1086
3536,1182,102,2,214,428
3537,1183,114,1,284,284
3538,1183,1,2,280,560
3539,1183,110,1,315,315
3540,1183,74,2,375,750
3541,1184,34,1,167,167
3542,1184,20,2,184,368
3543,1184,10,2,372,744
3544,1184,94,2,263,526
3545,1185,111,1,206,206
3546,1185,18,2,198,396
3547,1185,94,3,263,789
3548,1185,26,1,393,393
3549,1186,15,1,78,78
3550,1186,31,2,360,720
3551,1186,79,2,427,854
3552,1187,58,3,304,912
3553,1187,43,3,362,1086
3554,1187,55,1,379,379
3555,1187,68,2,393,786
3556,1188,67,3,87,261
3557,1188,64,2,284,568
3558,1189,27,3,287,861
3559,1189,90,2,393,786
3560,1189,60,3,330,990
3561,1189,35,1,190,190
3562,1190,15,3,78,234
3563,1190,78,1,236,236
3564,1190,91,2,192,384
3565,1191,41,1,232,232
3566,1191,113,2,128,256
3567,1191,119,1,133,133
3568,1191,81,2,306,612
3569,1192,84,1,234,234
3570,1192,77,1,133,133
3571,1192,117,3,157,471
3572,1193,94,1,263,263
3573,1193,72,2,182,364
3574,1193,29,3,174,522
3575,1194,74,2,375,750
3576,1194,42,2,414,828
3577,1194,77,3,133,399
3578,1194,13,1,102,102
3579,1195,68,2,393,786
3580,1195,41,1,232,232
3581,1196,95,2,331,662
3582,1196,34,1,167,167
3583,1196,69,1,231,231
3584,1196,6,1,145,145
3585,1197,12,1,218,218
3586,1197,116,2,253,506
3587,1197,3,2,282,564
3588,1197,90,3,393,1179
3589,1198,94,2,263,526
3590,1198,60,1,330,330
3591,1198,78,1,236,236
3592,1199,11,2,282,564
3593,1199,41,3,232,696
3594,1200,11,1,282,282
3595,1200,28,1,233,233
3596,1201,89,1,265,265
3597,1201,5,1,305,305
3598,1201,18,2,198,396
3599,1201,14,3,240,720
3600,1202,104,1,137,137
3601,1202,2,3,417,1251
3602,1203,103,3,298,894
3603,1203,82,3,256,768
3604,1203,54,1,389,389
3605,1203,36,2,253,506
3606,1204,59,3,296,888
3607,1204,46,3,233,699
3608,1204,2,3,417,1251
3609,1204,28,2,233,466
3610,1205,90,1,393,393
3611,1205,107,3,256,768
3612,1206,31,2,360,720
3613,1206,117,3,157,471
3614,1206,29,3,174,522
3615,1206,34,1,167,167
3616,1207,61,3,222,666
3617,1207,117,3,157,471
3618,1208,25,2,292,584
3619,1208,32,2,266,532
3620,1209,39,2,389,778
3621,1209,77,2,133,266
3622,1210,95,1,331,331
3623,1210,43,2,362,724
3624,1210,97,3,136,408
3625,1211,55,3,379,1137
3626,1211,107,1,256,256
3627,1211,58,3,304,912
3628,1211,104,2,137,274
3629,1212,91,3,192,576
3630,1212,48,1,263,263
3631,1213,58,3,304,912
3632,1213,57,2,429,858
3633,1214,16,3,178,534
3634,1214,48,3,263,789
3635,1215,81,3,306,918
3636,1215,15,3,78,234
3637,1215,26,3,393,1179
3638,1216,65,2,186,372
3639,1216,63,1,416,416
3640,1217,117,1,157,157
3641,1217,97,1,136,136
3642,1217,53,3,166,498
3643,1217,44,1,263,263
3644,1218,63,2,416,832
3645,1218,109,1,119,119
3646,1218,47,2,83,166
3647,1219,98,2,264,528
3648,1219,26,1,393,393
3649,1219,66,1,232,232
3650,1219,114,2,284,568
3651,1220,57,2,429,858
3652,1220,60,1,330,330
3653,1220,100,3,271,813
3654,1221,31,2,360,720
3655,1221,18,3,198,594
3656,1222,31,3,360,1080
3657,1222,14,1,240,240
3658,1222,39,1,389,389
3659,1222,41,3,232,696
3660,1223,42,3,414,1242
3661,1223,86,1,234,234
3662,1224,40,3,347,1041
3663,1224,13,1,102,102
3664,1225,71,2,246,492
3665,1225,91,2,192,384
3666,1225,68,1,393,393
3667,1226,42,2,414,828
3668,1226,23,3,315,945
3669,1226,24,3,327,981
3670,1226,58,3,304,912
3671,1227,27,3,287,861
3672,1227,41,2,232,464
3673,1227,44,2,263,526
3674,1227,87,1,362,362
3675,1228,5,3,305,915
3676,1228,79,3,427,1281
3677,1229,21,1,265,265
3678,1229,59,1,296,296
3679,1230,31,3,360,1080
3680,1230,109,2,119,238
3681,1231,5,3,305,915
3682,1231,91,2,192,384
3683,1231,16,2,178,356
3684,1231,12,1,218,218
3685,1232,20,2,184,368
3686,1232,116,3,253,759
3687,1232,44,3,263,789
3688,1233,54,2,389,778
3689,1233,33,3,237,711
3690,1233,95,2,331,662
3691,1233,54,1,389,389
3692,1234,94,3,263,789
3693,1234,118,2,190,380
3694,1235,99,2,280,560
3695,1235,116,3,253,759
3696,1235,72,3,182,546
3697,1236,5,1,305,305
3698,1236,20,3,184,552
3699,1236,97,2,136,272
3700,1236,28,1,233,233
3701,1237,25,3,292,876
3702,1237,71,2,246,492
3703,1238,8,2,137,274
3704,1238,64,3,284,852
3705,1238,64,1,284,284
3706,1239,3,3,282,846
3707,1239,6,3,145,435
3708,1240,27,1,287,287
3709,1240,60,1,330,330
3710,1241,71,3,246,738
3711,1241,41,2,232,464
3712,1242,89,3,265,795
3713,1242,14,2,240,480
3714,1242,26,1,393,393
3715,1242,112,3,360,1080
3716,1243,102,2,214,428
3717,1243,25,3,292,876
3718,1244,56,1,186,186
3719,1244,52,2,463,926
3720,1245,11,1,282,282
3721,1245,61,2,222,444
3722,1245,32,3,266,798
3723,1245,109,3,119,357
3724,1246,17,1,382,382
3725,1246,55,2,379,758
3726,1247,105,3,275,825
3727,1247,104,3,137,411
3728,1247,95,1,331,331
3729,1247,64,3,284,852
3730,1248,94,2,263,526
3731,1248,92,1,156,156
3732,1248,44,2,263,526
3733,1248,72,2,182,364
3734,1249,14,1,240,240
3735,1249,92,1,156,156
3736,1250,44,3,263,789
3737,1250,99,2,280,560
3738,1251,62,1,155,155
3739,1251,23,2,315,630
3740,1252,92,3,156,468
3741,1252,46,2,233,466
3742,1252,54,3,389,1167
3743,1253,104,1,137,137
3744,1253,106,1,181,181
3745,1253,112,3,360,1080
3746,1254,61,1,222,222
3747,1254,39,2,389,778
3748,1254,49,1,201,201
3749,1255,3,3,282,846
3750,1255,33,2,237,474
3751,1255,83,3,230,690
3752,1256,26,2,393,786
3753,1256,97,2,136,272
3754,1256,63,3,416,1248
3755,1256,35,3,190,570
3756,1257,33,2,237,474
3757,1257,83,1,230,230
3758,1257,81,1,306,306
3759,1257,120,3,159,477
3760,1258,119,3,133,399
3761,1258,95,3,331,993
3762,1258,73,1,167,167
3763,1258,68,1,393,393
3764,1259,35,1,190,190
3765,1259,11,3,282,846
3766,1259,75,2,259,518
3767,1260,24,3,327,981
3768,1260,38,1,265,265
3769,1261,60,1,330,330
3770,1261,21,2,265,530
3771,1261,120,3,159,477
3772,1262,63,2,416,832
3773,1262,5,2,305,610
3774,1262,75,2,259,518
3775,1262,80,2,237,474
3776,1263,34,2,167,334
3777,1263,3,3,282,846
3778,1263,65,2,186,372
3779,1263,21,2,265,530
3780,1264,99,2,280,560
3781,1264,75,2,259,518
3782,1264,76,1,303,303
3783,1265,106,1,181,181
3784,1265,76,2,303,606
3785,1266,55,2,379,758
3786,1266,76,3,303,909
3787,1266,5,1,305,305
3788,1267,101,1,195,195
3789,1267,47,1,83,83
3790,1267,57,3,429,1287
3791,1267,22,1,290,290
3792,1268,100,3,271,813
3793,1268,92,1,156,156
3794,1269,72,2,182,364
3795,1269,73,1,167,167
3796,1269,9,1,384,384
3797,1270,97,2,136,272
3798,1270,45,3,200,600
3799,1271,97,3,136,408
3800,1271,29,1,174,174
3801,1272,85,1,309,309
3802,1272,7,1,375,375
3803,1273,83,1,230,230
3804,1273,81,1,306,306
3805,1274,2,2,417,834
3806,1274,20,1,184,184
3807,1275,105,3,275,825
3808,1275,14,1,240,240
3809,1276,17,1,382,382
3810,1276,92,3,156,468
3811,1277,88,1,393,393
3812,1277,101,3,195,585
3813,1277,95,3,331,993
3814,1277,56,3,186,558
3815,1278,70,3,228,684
3816,1278,43,3,362,1086
3817,1278,100,3,271,813
3818,1279,49,1,201,201
3819,1279,9,3,384,1152
3820,1279,59,2,296,592
3821,1280,117,1,157,157
3822,1280,18,1,198,198
3823,1280,73,1,167,167
3824,1280,37,3,376,1128
3825,1281,66,1,232,232
3826,1281,24,2,327,654
3827,1282,117,3,157,471
3828,1282,31,1,360,360
3829,1282,75,1,259,259
3830,1283,107,2,256,512
3831,1283,71,1,246,246
3832,1283,115,1,394,394
3833,1283,4,3,209,627
3834,1284,60,2,330,660
3835,1284,96,1,402,402
3836,1284,28,2,233,466
3837,1284,119,1,133,133
3838,1285,57,1,429,429
3839,1285,119,1,133,133
3840,1285,39,3,389,1167
3841,1286,70,1,228,228
3842,1286,115,2,394,788
3843,1286,80,1,237,237
3844,1287,85,1,309,309
3845,1287,75,1,259,259
3846,1287,54,3,389,1167
3847,1288,88,3,393,1179
3848,1288,60,2,330,660
3849,1288,84,2,234,468
3850,1288,8,3,137,411
3851,1289,74,2,375,750
3852,1289,44,2,263,526
3853,1289,80,1,237,237
3854,1290,109,1,119,119
3855,1290,29,3,174,522
3856,1290,22,2,290,580
3857,1291,118,2,190,380
3858,1291,63,2,416,832
3859,1291,112,1,360,360
3860,1291,17,2,382,764
3861,1292,63,2,416,832
3862,1292,60,3,330,990
3863,1292,118,2,190,380
3864,1293,103,2,298,596
3865,1293,68,2,393,786
3866,1293,94,1,263,263
3867,1293,107,1,256,256
3868,1294,61,2,222,444
3869,1294,55,2,379,758
3870,1295,55,1,379,379
3871,1295,101,3,195,585
3872,1295,31,3,360,1080
3873,1295,89,1,265,265
3874,1296,61,1,222,222
3875,1296,28,2,233,466
3876,1296,38,3,265,795
3877,1296,25,1,292,292
3878,1297,78,3,236,708
3879,1297,21,3,265,795
3880,1297,44,2,263,526
3881,1298,88,3,393,1179
3882,1298,85,2,309,618
3883,1299,101,2,195,390
3884,1299,4,2,209,418
3885,1300,91,2,192,384
3886,1300,26,3,393,1179
3887,1301,6,2,145,290
3888,1301,39,1,389,389
3889,1302,46,2,233,466
3890,1302,77,1,133,133
3891,1302,16,2,178,356
3892,1302,21,1,265,265
3893,1303,15,2,78,156
3894,1303,66,1,232,232
3895,1304,86,1,234,234
3896,1304,39,1,389,389
3897,1305,88,1,393,393
3898,1305,41,2,232,464
3899,1306,92,1,156,156
3900,1306,115,1,394,394
3901,1306,118,3,190,570
3902,1306,101,3,195,585
3903,1307,35,3,190,570
3904,1307,18,2,198,396
3905,1308,97,3,136,408
3906,1308,97,1,136,136
3907,1308,103,1,298,298
3908,1308,83,2,230,460
3909,1309,82,1,256,256
3910,1309,2,2,417,834
3911,1310,89,2,265,530
3912,1310,43,3,362,1086
3913,1310,41,3,232,696
3914,1311,15,1,78,78
3915,1311,120,1,159,159
3916,1311,57,3,429,1287
3917,1311,45,3,200,600
3918,1312,43,2,362,724
3919,1312,105,2,275,550
3920,1312,86,3,234,702
3921,1312,57,3,429,1287
3922,1313,84,3,234,702
3923,1313,59,1,296,296
3924,1313,74,1,375,375
3925,1313,29,2,174,348
3926,1314,38,1,265,265
3927,1314,97,3,136,408
3928,1314,71,1,246,246
3929,1315,86,1,234,234
3930,1315,107,2,256,512
3931,1316,31,3,360,1080
3932,1316,104,2,137,274
3933,1316,99,1,280,280
3934,1317,1,3,280,840
3935,1317,111,1,206,206
3936,1317,115,2,394,788
3937,1317,61,2,222,444
3938,1318,109,2,119,238
3939,1318,120,1,159,159
3940,1319,18,1,198,198
3941,1319,41,1,232,232
3942,1319,99,2,280,560
3943,1320,2,3,417,1251
3944,1320,94,3,263,789
3945,1320,70,2,228,456
3946,1320,4,2,209,418
3947,1321,60,3,330,990
3948,1321,112,1,360,360
3949,1321,38,1,265,265
3950,1321,41,3,232,696
3951,1322,92,2,156,312
3952,1322,8,2,137,274
3953,1322,30,2,267,534
3954,1322,73,3,167,501
3955,1323,21,1,265,265
3956,1323,42,2,414,828
3957,1323,8,2,137,274
3958,1323,56,3,186,558
3959,1324,33,1,237,237
3960,1324,75,1,259,259
3961,1324,4,2,209,418
3962,1325,112,3,360,1080
3963,1325,11,1,282,282
3964,1326,26,1,393,393
3965,1326,106,1,181,181
3966,1327,23,2,315,630
3967,1327,53,2,166,332
3968,1327,42,2,414,828
3969,1327,95,1,331,331
3970,1328,78,3,236,708
3971,1328,79,2,427,854
3972,1328,25,1,292,292
3973,1328,62,3,155,465
3974,1329,83,2,230,460
3975,1329,106,2,181,362
3976,1330,61,1,222,222
3977,1330,113,1,128,128
3978,1330,3,2,282,564
3979,1330,57,3,429,1287
3980,1331,51,1,206,206
3981,1331,117,1,157,157
3982,1332,68,2,393,786
3983,1332,72,2,182,364
3984,1333,59,1,296,296
3985,1333,55,2,379,758
3986,1333,49,2,201,402
3987,1334,36,2,253,506
3988,1334,41,1,232,232
3989,1335,14,3,240,720
3990,1335,112,3,360,1080
3991,1336,8,3,137,411
3992,1336,38,2,265,530
3993,1337,116,1,253,253
3994,1337,82,1,256,256
3995,1337,58,2,304,608
3996,1338,31,2,360,720
3997,1338,109,2,119,238
3998,1338,48,3,263,789
3999,1338,62,3,155,465
4000,1339,26,3,393,1179
4001,1339,107,2,256,512
4002,1339,16,2,178,356
4003,1339,29,3,174,522
4004,1340,102,2,214,428
4005,1340,68,2,393,786
4006,1340,63,2,416,832
4007,1340,92,1,156,156
4008,1341,20,1,184,184
4009,1341,21,3,265,795
4010,1342,85,3,309,927
4011,1342,67,2,87,174
4012,1342,116,2,253,506
4013,1342,10,1,372,372
4014,1343,75,3,259,777
4015,1343,88,3,393,1179
4016,1343,35,1,190,190
4017,1343,44,3,263,789
4018,1344,19,2,297,594
4019,1344,20,2,184,368
4020,1344,84,1,234,234
4021,1345,36,3,253,759
4022,1345,11,3,282,846
4023,1345,110,1,315,315
4024,1345,51,1,206,206
4025,1346,92,2,156,312
4026,1346,17,2,382,764
4027,1346,47,1,83,83
4028,1346,112,2,360,720
4029,1347,25,3,292,876
4030,1347,55,2,379,758
4031,1347,50,2,243,486
4032,1348,81,1,306,306
4033,1348,99,1,280,280
4034,1348,44,2,263,526
4035,1348,61,1,222,222
4036,1349,79,3,427,1281
4037,1349,72,2,182,364
4038,1349,79,3,427,1281
4039,1350,107,2,256,512
4040,1350,118,1,190,190
4041,1350,79,2,427,854
4042,1350,86,2,234,468
4043,1351,120,1,159,159
4044,1351,119,2,133,266
4045,1351,47,3,83,249
4046,1351,20,2,184,368
4047,1352,29,1,174,174
4048,1352,48,1,263,263
4049,1352,48,1,263,263
4050,1353,7,1,375,375
4051,1353,96,1,402,402
4052,1353,1,3,280,840
4053,1353,55,1,379,379
4054,1354,56,2,186,372
4055,1354,70,1,228,228
4056,1354,88,1,393,393
4057,1355,29,3,174,522
4058,1355,120,1,159,159
4059,1355,15,1,78,78
4060,1355,74,1,375,375
4061,1356,84,3,234,702
4062,1356,3,1,282,282
4063,1357,18,3,198,594
4064,1357,17,2,382,764
4065,1357,48,2,263,526
4066,1357,104,2,137,274
4067,1358,48,2,263,526
4068,1358,110,3,315,945
4069,1359,30,1,267,267
4070,1359,45,3,200,600
4071,1360,6,1,145,145
4072,1360,19,2,297,594
4073,1361,83,3,230,690
4074,1361,45,1,200,200
4075,1362,115,3,394,1182
4076,1362,83,3,230,690
4077,1362,26,2,393,786
4078,1363,11,1,282,282
4079,1363,12,3,218,654
4080,1363,86,2,234,468
4081,1363,55,1,379,379
4082,1364,68,1,393,393
4083,1364,108,3,235,705
4084,1364,98,3,264,792
4085,1365,74,1,375,375
4086,1365,38,1,265,265
4087,1365,19,1,297,297
4088,1366,60,2,330,660
4089,1366,48,3,263,789
4090,1366,9,1,384,384
4091,1367,25,3,292,876
4092,1367,70,2,228,456
4093,1367,31,3,360,1080
4094,1368,105,2,275,550
4095,1368,79,3,427,1281
4096,1368,87,2,362,724
4097,1368,106,3,181,543
4098,1369,118,1,190,190
4099,1369,2,1,417,417
4100,1369,116,2,253,506
4101,1370,119,2,133,266
4102,1370,4,2,209,418
4103,1370,58,2,304,608
4104,1370,93,3,287,861
4105,1371,30,1,267,267
4106,1371,6,1,145,145
4107,1372,9,2,384,768
4108,1372,82,1,256,256
4109,1373,72,3,182,546
4110,1373,30,2,267,534
4111,1373,33,1,237,237
4112,1373,13,1,102,102
4113,1374,76,2,303,606
4114,1374,31,3,360,1080
4115,1374,43,2,362,724
4116,1375,70,3,228,684
4117,1375,37,2,376,752
4118,1375,16,3,178,534
4119,1375,90,2,393,786
4120,1376,51,3,206,618
4121,1376,115,2,394,788
4122,1376,48,3,263,789
4123,1377,5,3,305,915
4124,1377,1,3,280,840
4125,1378,11,2,282,564
4126,1378,120,2,159,318
4127,1378,5,1,305,305
4128,1379,34,3,167,501
4129,1379,61,1,222,222
4130,1379,28,2,233,466
4131,1379,87,2,362,724
4132,1380,66,2,232,464
4133,1380,12,1,218,218
4134,1381,38,2,265,530
4135,1381,55,2,379,758
4136,1382,26,1,393,393
4137,1382,5,2,305,610
4138,1382,61,2,222,444
4139,1383,106,1,181,181
4140,1383,10,3,372,1116
4141,1383,103,1,298,298
4142,1383,76,3,303,909
4143,1384,2,2,417,834
4144,1384,20,2,184,368
4145,1385,2,1,417,417
4146,1385,7,1,375,375
4147,1385,92,2,156,312
4148,1385,5,2,305,610
4149,1386,31,3,360,1080
4150,1386,1,1,280,280
4151,1387,119,2,133,266
4152,1387,70,2,228,456
4153,1387,90,1,393,393
4154,1388,11,3,282,846
4155,1388,104,3,137,411
4156,1388,98,1,264,264
4157,1389,22,1,290,290
4158,1389,29,2,174,348
4159,1389,27,3,287,861
4160,1390,29,3,174,522
4161,1390,33,2,237,474
4162,1390,120,1,159,159
4163,1390,42,3,414,1242
4164,1391,19,3,297,891
4165,1391,115,3,394,1182
4166,1392,115,2,394,788
4167,1392,105,2,275,550
4168,1392,53,3,166,498
4169,1392,91,1,192,192
4170,1393,22,1,290,290
4171,1393,90,2,393,786
4172,1393,49,2,201,402
4173,1393,101,1,195,195
4174,1394,29,3,174,522
4175,1394,83,3,230,690
4176,1395,114,1,284,284
4177,1395,12,1,218,218
4178,1395,52,2,463,926
4179,1395,19,3,297,891
4180,1396,60,3,330,990
4181,1396,80,2,237,474
4182,1397,99,3,280,840
4183,1397,27,2,287,574
4184,1397,72,1,182,182
4185,1397,104,2,137,274
4186,1398,77,3,133,399
4187,1398,80,2,237,474
4188,1399,94,2,263,526
4189,1399,40,2,347,694
4190,1400,110,3,315,945
4191,1400,77,1,133,133
4192,1400,26,2,393,786
4193,1400,110,1,315,315
4194,1401,120,2,159,318
4195,1401,5,2,305,610
4196,1402,84,1,234,234
4197,1402,118,2,190,380
4198,1402,95,3,331,993
4199,1403,89,3,265,795
4200,1403,68,2,393,786
4201,1403,114,2,284,568
4202,1404,10,3,372,1116
4203,1404,29,1,174,174
4204,1405,112,3,360,1080
4205,1405,70,2,228,456
4206,1406,96,1,402,402
4207,1406,58,1,304,304
4208,1406,97,2,136,272
4209,1407,16,3,178,534
4210,1407,9,1,384,384
4211,1407,109,1,119,119
4212,1408,50,3,243,729
4213,1408,90,2,393,786
4214,1408,59,3,296,888
4215,1409,114,2,284,568
4216,1409,113,1,128,128
4217,1409,63,3,416,1248
4218,1409,112,3,360,1080
4219,1410,11,2,282,564
4220,1410,53,2,166,332
4221,1411,107,2,256,512
4222,1411,59,2,296,592
4223,1412,87,2,362,724
4224,1412,13,2,102,204
4225,1412,24,2,327,654
4226,1412,32,1,266,266
4227,1413,32,1,266,266
4228,1413,54,3,389,1167
4229,1413,115,1,394,394
4230,1413,17,1,382,382
4231,1414,5,3,305,915
4232,1414,77,3,133,399
4233,1415,72,3,182,546
4234,1415,29,1,174,174
4235,1415,45,3,200,600
4236,1415,79,2,427,854
4237,1416,22,3,290,870
4238,1416,42,2,414,828
4239,1417,95,1,331,331
4240,1417,3,2,282,564
4241,1417,102,3,214,642
4242,1417,1,2,280,560
4243,1418,70,3,228,684
4244,1418,12,3,218,654
4245,1418,34,1,167,167
4246,1418,105,3,275,825
4247,1419,95,2,331,662
4248,1419,72,2,182,364
4249,1419,69,1,231,231
4250,1419,90,2,393,786
4251,1420,45,2,200,400
4252,1420,54,1,389,389
4253,1421,100,3,271,813
4254,1421,32,2,266,532
4255,1421,109,1,119,119
4256,1422,85,3,309,927
4257,1422,52,1,463,463
4258,1422,22,3,290,870
4259,1422,12,2,218,436
4260,1423,11,1,282,282
4261,1423,28,2,233,466
4262,1423,71,3,246,738
4263,1424,8,3,137,411
4264,1424,25,2,292,584
4265,1424,5,2,305,610
4266,1425,59,2,296,592
4267,1425,63,1,416,416
4268,1425,12,2,218,436
4269,1426,45,2,200,400
4270,1426,92,2,156,312
4271,1426,42,2,414,828
4272,1427,82,1,256,256
4273,1427,49,1,201,201
4274,1427,88,3,393,1179
4275,1427,27,3,287,861
4276,1428,24,1,327,327
4277,1428,84,2,234,468
4278,1428,114,3,284,852
4279,1428,26,1,393,393
4280,1429,17,3,382,1146
4281,1429,89,3,265,795
4282,1430,60,1,330,330
4283,1430,54,2,389,778
4284,1430,49,3,201,603
4285,1431,45,3,200,600
4286,1431,13,2,102,204
4287,1431,52,1,463,463
4288,1431,113,3,128,384
4289,1432,36,3,253,759
4290,1432,36,1,253,253
4291,1432,61,2,222,444
4292,1433,62,2,155,310
4293,1433,78,2,236,472
4294,1433,120,1,159,159
4295,1434,10,2,372,744
4296,1434,112,3,360,1080
4297,1435,87,2,362,724
4298,1435,66,3,232,696
4299,1436,118,1,190,190
4300,1436,10,2,372,744
4301,1436,100,2,271,542
4302,1436,60,1,330,330
4303,1437,28,2,233,466
4304,1437,17,1,382,382
4305,1437,94,1,263,263
4306,1438,4,2,209,418
4307,1438,64,3,284,852
4308,1438,65,3,186,558
4309,1439,78,3,236,708
4310,1439,60,3,330,990
4311,1439,16,2,178,356
4312,1439,64,3,284,852
4313,1440,12,1,218,218
4314,1440,10,3,372,1116
4315,1440,118,3,190,570
4316,1440,53,2,166,332
4317,1441,15,2,78,156
4318,1441,70,1,228,228
4319,1442,3,2,282,564
4320,1442,96,1,402,402
4321,1442,43,2,362,724
4322,1443,105,2,275,550
4323,1443,62,1,155,155
4324,1443,35,1,190,190
4325,1443,76,3,303,909
4326,1444,5,1,305,305
4327,1444,100,2,271,542
4328,1445,32,3,266,798
4329,1445,19,3,297,891
4330,1445,98,2,264,528
4331,1445,120,2,159,318
4332,1446,113,2,128,256
4333,1446,53,2,166,332
4334,1446,108,2,235,470
4335,1447,100,2,271,542
4336,1447,105,2,275,550
4337,1447,12,2,218,436
4338,1448,54,3,389,1167
4339,1448,102,2,214,428
4340,1448,115,3,394,1182
4341,1449,96,1,402,402
4342,1449,118,3,190,570
4343,1449,7,3,375,1125
4344,1449,37,1,376,376
4345,1450,35,1,190,190
4346,1450,53,1,166,166
4347,1450,48,2,263,526
4348,1451,58,2,304,608
4349,1451,39,2,389,778
4350,1451,114,2,284,568
4351,1452,92,2,156,312
4352,1452,74,2,375,750
4353,1453,45,1,200,200
4354,1453,69,1,231,231
4355,1453,21,3,265,795
4356,1454,107,1,256,256
4357,1454,62,2,155,310
4358,1454,98,2,264,528
4359,1454,110,3,315,945
4360,1455,64,3,284,852
4361,1455,45,1,200,200
4362,1456,72,2,182,364
4363,1456,59,3,296,888
4364,1456,55,2,379,758
4365,1456,63,2,416,832
4366,1457,86,3,234,702
4367,1457,69,2,231,462
4368,1457,55,1,379,379
4369,1457,38,3,265,795
4370,1458,66,3,232,696
4371,1458,112,1,360,360
4372,1458,18,3,198,594
4373,1458,87,3,362,1086
4374,1459,12,2,218,436
4375,1459,40,2,347,694
4376,1459,97,1,136,136
4377,1459,88,3,393,1179
4378,1460,6,3,145,435
4379,1460,32,2,266,532
4380,1460,24,2,327,654
4381,1460,14,1,240,240
4382,1461,102,2,214,428
4383,1461,116,1,253,253
4384,1461,3,1,282,282
4385,1462,74,3,375,1125
4386,1462,36,3,253,759
4387,1462,52,3,463,1389
4388,1463,23,2,315,630
4389,1463,71,1,246,246
4390,1463,2,1,417,417
4391,1463,77,3,133,399
4392,1464,49,2,201,402
4393,1464,81,1,306,306
4394,1465,101,3,195,585
4395,1465,70,1,228,228
4396,1465,84,2,234,468
4397,1466,67,2,87,174
4398,1466,87,2,362,724
4399,1466,31,2,360,720
4400,1467,38,1,265,265
4401,1467,35,2,190,380
4402,1467,46,1,233,233
4403,1468,104,2,137,274
4404,1468,26,2,393,786
4405,1468,111,1,206,206
4406,1468,67,2,87,174
4407,1469,91,1,192,192
4408,1469,32,2,266,532
4409,1470,15,3,78,234
4410,1470,117,2,157,314
4411,1470,77,1,133,133
4412,1470,90,2,393,786
4413,1471,26,2,393,786
4414,1471,28,1,233,233
4415,1472,78,3,236,708
4416,1472,87,1,362,362
4417,1473,96,3,402,1206
4418,1473,5,2,305,610
4419,1473,90,3,393,1179
4420,1474,54,2,389,778
4421,1474,69,2,231,462
4422,1475,22,1,290,290
4423,1475,54,2,389,778
4424,1476,112,3,360,1080
4425,1476,98,1,264,264
4426,1476,75,3,259,777
4427,1476,19,2,297,594
4428,1477,5,1,305,305
4429,1477,82,2,256,512
4430,1478,18,3,198,594
4431,1478,108,2,235,470
4432,1478,32,1,266,266
4433,1479,74,3,375,1125
4434,1479,103,1,298,298
4435,1479,44,2,263,526
4436,1480,89,3,265,795
4437,1480,19,3,297,891
4438,1480,20,1,184,184
4439,1480,31,3,360,1080
4440,1481,79,1,427,427
4441,1481,42,3,414,1242
4442,1482,31,3,360,1080
4443,1482,29,1,174,174
4444,1482,10,1,372,372
4445,1483,100,3,271,813
4446,1483,6,3,145,435
4447,1483,36,1,253,253
4448,1483,29,1,174,174
4449,1484,99,2,280,560
4450,1484,57,3,429,1287
4451,1485,83,2,230,460
4452,1485,68,1,393,393
4453,1485,44,2,263,526
4454,1485,93,3,287,861
4455,1486,40,2,347,694
4456,1486,98,3,264,792
4457,1486,7,3,375,1125
4458,1486,105,1,275,275
4459,1487,49,3,201,603
4460,1487,107,1,256,256
4461,1487,8,3,137,411
4462,1487,85,1,309,309
4463,1488,86,1,234,234
4464,1488,104,3,137,411
4465,1488,53,1,166,166
4466,1489,12,3,218,654
4467,1489,111,2,206,412
4468,1489,82,2,256,512
4469,1490,42,1,414,414
4470,1490,119,2,133,266
4471,1490,12,1,218,218
4472,1491,50,2,243,486
4473,1491,17,3,382,1146
4474,1492,19,3,297,891
4475,1492,70,3,228,684
4476,1493,39,2,389,778
4477,1493,25,3,292,876
4478,1493,98,1,264,264
4479,1494,97,3,136,408
4480,1494,64,1,284,284
4481,1495,89,2,265,530
4482,1495,29,1,174,174
4483,1496,37,2,376,752
4484,1496,38,3,265,795
4485,1497,27,1,287,287
4486,1497,32,3,266,798
4487,1497,27,1,287,287
4488,1497,7,2,375,750
4489,1498,120,1,159,159
4490,1498,21,2,265,530
4491,1498,61,3,222,666
4492,1499,44,2,263,526
4493,1499,78,1,236,236
4494,1500,74,2,375,750
4495,1500,86,1,234,234
4496,1500,16,3,178,534
4497,1501,105,3,275,825
4498,1501,85,1,309,309
4499,1502,81,3,306,918
4500,1502,71,2,246,492
4501,1503,59,2,296,592
4502,1503,14,1,240,240
4503,1503,1,1,280,280
4504,1504,79,1,427,427
4505,1504,19,3,297,891
4506,1504,114,1,284,284
4507,1505,113,1,128,128
4508,1505,41,3,232,696
4509,1505,65,2,186,372
4510,1506,41,1,232,232
4511,1506,74,1,375,375
4512,1506,32,1,266,266
4513,1506,46,3,233,699
4514,1507,103,1,298,298
4515,1507,18,1,198,198
4516,1507,36,2,253,506
4517,1508,84,1,234,234
4518,1508,104,1,137,137
4519,1508,25,2,292,584
4520,1509,4,3,209,627
4521,1509,120,1,159,159
4522,1510,40,3,347,1041
4523,1510,48,3,263,789
4524,1510,114,3,284,852
4525,1511,23,3,315,945
4526,1511,48,1,263,263
4527,1511,57,3,429,1287
4528,1511,9,1,384,384
4529,1512,74,1,375,375
4530,1512,20,2,184,368
4531,1512,1,2,280,560
4532,1513,81,1,306,306
4533,1513,5,3,305,915
4534,1514,70,1,228,228
4535,1514,29,3,174,522
4536,1514,3,3,282,846
4537,1514,52,1,463,463
4538,1515,30,2,267,534
4539,1515,65,1,186,186
4540,1515,75,1,259,259
4541,1515,6,1,145,145
4542,1516,68,3,393,1179
4543,1516,45,2,200,400
4544,1516,64,3,284,852
4545,1516,1,3,280,840
4546,1517,57,2,429,858
4547,1517,30,1,267,267
4548,1517,63,1,416,416
4549,1517,98,2,264,528
4550,1518,69,1,231,231
4551,1518,118,2,190,380
4552,1519,51,2,206,412
4553,1519,82,3,256,768
4554,1520,104,1,137,137
4555,1520,116,3,253,759
4556,1520,3,1,282,282
4557,1520,55,1,379,379
4558,1521,19,1,297,297
4559,1521,50,3,243,729
4560,1521,80,3,237,711
4561,1522,32,3,266,798
4562,1522,17,3,382,1146
4563,1522,66,2,232,464
4564,1522,15,3,78,234
4565,1523,5,3,305,915
4566,1523,119,3,133,399
4567,1523,79,1,427,427
4568,1524,28,1,233,233
4569,1524,96,1,402,402
4570,1524,6,1,145,145
4571,1525,119,3,133,399
4572,1525,20,2,184,368
4573,1525,66,1,232,232
4574,1525,47,2,83,166
4575,1526,49,2,201,402
4576,1526,59,1,296,296
4577,1526,46,3,233,699
4578,1527,35,3,190,570
4579,1527,33,2,237,474
4580,1527,105,2,275,550
4581,1527,67,1,87,87
4582,1528,64,1,284,284
4583,1528,42,3,414,1242
4584,1528,23,3,315,945
4585,1529,53,2,166,332
4586,1529,44,3,263,789
4587,1529,61,1,222,222
4588,1530,3,1,282,282
4589,1530,56,1,186,186
4590,1531,79,3,427,1281
4591,1531,36,3,253,759
4592,1531,110,3,315,945
4593,1532,37,2,376,752
4594,1532,2,1,417,417
4595,1532,77,3,133,399
4596,1532,82,2,256,512
4597,1533,70,3,228,684
4598,1533,98,1,264,264
4599,1533,112,3,360,1080
4600,1533,70,3,228,684
4601,1534,4,1,209,209
4602,1534,86,3,234,702
4603,1535,3,2,282,564
4604,1535,107,3,256,768
4605,1535,110,1,315,315
4606,1535,115,1,394,394
4607,1536,80,2,237,474
4608,1536,77,2,133,266
4609,1536,52,1,463,463
4610,1537,51,1,206,206
4611,1537,106,2,181,362
4612,1538,28,3,233,699
4613,1538,86,1,234,234
4614,1539,115,3,394,1182
4615,1539,50,2,243,486
4616,1539,64,1,284,284
4617,1539,112,2,360,720
4618,1540,45,1,200,200
4619,1540,87,3,362,1086
4620,1541,30,2,267,534
4621,1541,31,3,360,1080
4622,1541,48,3,263,789
4623,1542,47,2,83,166
4624,1542,89,2,265,530
4625,1542,79,1,427,427
4626,1543,76,3,303,909
4627,1543,94,3,263,789
4628,1543,93,2,287,574
4629,1544,88,1,393,393
4630,1544,24,3,327,981
4631,1545,61,3,222,666
4632,1545,104,2,137,274
4633,1546,40,1,347,347
4634,1546,51,2,206,412
4635,1546,89,2,265,530
4636,1547,102,1,214,214
4637,1547,42,1,414,414
4638,1548,102,1,214,214
4639,1548,55,2,379,758
4640,1548,45,2,200,400
4641,1549,98,3,264,792
4642,1549,91,3,192,576
4643,1549,119,2,133,266
4644,1550,114,2,284,568
4645,1550,66,1,232,232
4646,1551,97,2,136,272
4647,1551,98,3,264,792
4648,1552,85,2,309,618
4649,1552,66,2,232,464
4650,1552,95,3,331,993
4651,1553,58,2,304,608
4652,1553,106,1,181,181
4653,1554,45,2,200,400
4654,1554,40,1,347,347
4655,1554,69,2,231,462
4656,1555,75,3,259,777
4657,1555,33,1,237,237
4658,1555,101,1,195,195
4659,1555,84,1,234,234
4660,1556,67,1,87,87
4661,1556,87,1,362,362
4662,1556,34,2,167,334
4663,1557,12,3,218,654
4664,1557,34,1,167,167
4665,1557,90,3,393,1179
4666,1558,72,2,182,364
4667,1558,35,1,190,190
4668,1559,82,3,256,768
4669,1559,98,2,264,528
4670,1559,46,2,233,466
4671,1560,72,3,182,546
4672,1560,42,2,414,828
4673,1560,105,1,275,275
4674,1560,83,2,230,460
4675,1561,100,2,271,542
4676,1561,89,1,265,265
4677,1561,22,1,290,290
4678,1561,102,1,214,214
4679,1562,107,2,256,512
4680,1562,19,2,297,594
4681,1562,57,2,429,858
4682,1563,69,1,231,231
4683,1563,38,2,265,530
4684,1563,76,2,303,606
4685,1564,63,2,416,832
4686,1564,77,3,133,399
4687,1564,2,2,417,834
4688,1565,16,3,178,534
4689,1565,88,2,393,786
4690,1565,78,1,236,236
4691,1565,34,3,167,501
4692,1566,17,1,382,382
4693,1566,105,2,275,550
4694,1567,83,2,230,460
4695,1567,114,1,284,284
4696,1567,37,1,376,376
4697,1567,45,1,200,200
4698,1568,54,2,389,778
4699,1568,47,3,83,249
4700,1568,102,1,214,214
4701,1569,51,1,206,206
4702,1569,27,3,287,861
4703,1569,70,2,228,456
4704,1570,8,3,137,411
4705,1570,105,3,275,825
4706,1571,98,1,264,264
4707,1571,32,2,266,532
4708,1571,54,3,389,1167
4709,1571,111,1,206,206
4710,1572,5,2,305,610
4711,1572,19,3,297,891
4712,1572,20,3,184,552
4713,1573,118,3,190,570
4714,1573,114,3,284,852
4715,1574,58,3,304,912
4716,1574,104,2,137,274
4717,1574,79,1,427,427
4718,1575,11,3,282,846
4719,1575,113,2,128,256
4720,1576,67,1,87,87
4721,1576,93,1,287,287
4722,1576,7,3,375,1125
4723,1577,65,1,186,186
4724,1577,65,2,186,372
4725,1577,3,2,282,564
4726,1577,8,2,137,274
4727,1578,98,1,264,264
4728,1578,100,3,271,813
4729,1578,49,2,201,402
4730,1579,80,1,237,237
4731,1579,58,2,304,608
4732,1579,11,1,282,282
4733,1579,50,1,243,243
4734,1580,87,2,362,724
4735,1580,72,1,182,182
4736,1580,32,3,266,798
4737,1581,23,1,315,315
4738,1581,21,2,265,530
4739,1581,5,2,305,610
4740,1582,104,2,137,274
4741,1582,103,3,298,894
4742,1582,18,2,198,396
4743,1583,47,3,83,249
4744,1583,49,3,201,603
4745,1584,76,3,303,909
4746,1584,87,2,362,724
4747,1584,33,1,237,237
4748,1584,29,2,174,348
4749,1585,85,2,309,618
4750,1585,79,3,427,1281
4751,1586,86,2,234,468
4752,1586,32,1,266,266
4753,1586,97,1,136,136
4754,1586,70,3,228,684
4755,1587,102,2,214,428
4756,1587,63,2,416,832
4757,1588,88,2,393,786
4758,1588,57,1,429,429
4759,1588,24,3,327,981
4760,1588,58,1,304,304
4761,1589,8,2,137,274
4762,1589,40,2,347,694
4763,1590,11,3,282,846
4764,1590,107,1,256,256
4765,1590,72,3,182,546
4766,1591,35,1,190,190
4767,1591,71,1,246,246
4768,1591,11,1,282,282
4769,1592,57,3,429,1287
4770,1592,48,2,263,526
4771,1592,80,2,237,474
4772,1593,85,2,309,618
4773,1593,91,2,192,384
4774,1593,54,2,389,778
4775,1593,95,1,331,331
4776,1594,54,1,389,389
4777,1594,15,3,78,234
4778,1595,28,3,233,699
4779,1595,33,1,237,237
4780,1595,54,2,389,778
4781,1596,65,1,186,186
4782,1596,71,3,246,738
4783,1596,42,1,414,414
4784,1596,97,1,136,136
4785,1597,117,1,157,157
4786,1597,100,2,271,542
4787,1597,101,3,195,585
4788,1598,75,1,259,259
4789,1598,10,1,372,372
4790,1599,14,3,240,720
4791,1599,113,1,128,128
4792,1599,114,2,284,568
4793,1599,39,3,389,1167
4794,1600,6,2,145,290
4795,1600,72,1,182,182
4796,1600,56,1,186,186
4797,1601,66,3,232,696
4798,1601,73,1,167,167
4799,1601,54,3,389,1167
4800,1602,112,3,360,1080
4801,1602,92,3,156,468
4802,1603,9,3,384,1152
4803,1603,5,1,305,305
4804,1604,26,2,393,786
4805,1604,75,1,259,259
4806,1605,102,2,214,428
4807,1605,8,2,137,274
4808,1605,80,3,237,711
4809,1606,55,1,379,379
4810,1606,47,1,83,83
4811,1606,86,2,234,468
4812,1607,35,3,190,570
4813,1607,59,2,296,592
4814,1607,36,2,253,506
4815,1608,67,3,87,261
4816,1608,70,1,228,228
4817,1609,105,3,275,825
4818,1609,78,3,236,708
4819,1609,115,3,394,1182
4820,1610,119,1,133,133
4821,1610,49,1,201,201
4822,1611,116,3,253,759
4823,1611,26,2,393,786
4824,1611,36,1,253,253
4825,1612,10,1,372,372
4826,1612,92,3,156,468
4827,1613,71,2,246,492
4828,1613,60,1,330,330
4829,1613,6,1,145,145
4830,1614,93,1,287,287
4831,1614,81,2,306,612
4832,1614,83,3,230,690
4833,1614,113,2,128,256
4834,1615,91,2,192,384
4835,1615,59,2,296,592
4836,1616,83,3,230,690
4837,1616,68,2,393,786
4838,1616,34,3,167,501
4839,1617,85,1,309,309
4840,1617,115,3,394,1182
4841,1617,75,2,259,518
4842,1618,113,1,128,128
4843,1618,69,3,231,693
4844,1618,83,2,230,460
4845,1619,100,1,271,271
4846,1619,23,1,315,315
4847,1619,97,3,136,408
4848,1619,101,1,195,195
4849,1620,14,3,240,720
4850,1620,99,1,280,280
4851,1620,42,2,414,828
4852,1620,24,3,327,981
4853,1621,25,1,292,292
4854,1621,50,3,243,729
4855,1621,85,2,309,618
4856,1621,107,1,256,256
4857,1622,7,3,375,1125
4858,1622,47,1,83,83
4859,1622,8,3,137,411
4860,1623,17,1,382,382
4861,1623,15,3,78,234
4862,1624,18,2,198,396
4863,1624,110,3,315,945
4864,1625,72,3,182,546
4865,1625,14,3,240,720
4866,1625,47,2,83,166
4867,1626,64,2,284,568
4868,1626,74,2,375,750
4869,1626,11,3,282,846
4870,1627,56,3,186,558
4871,1627,120,3,159,477
4872,1627,82,2,256,512
4873,1628,29,2,174,348
4874,1628,98,2,264,528
4875,1629,43,2,362,724
4876,1629,76,3,303,909
4877,1630,20,2,184,368
4878,1630,72,1,182,182
4879,1630,119,2,133,266
4880,1630,14,1,240,240
4881,1631,81,3,306,918
4882,1631,96,1,402,402
4883,1632,70,2,228,456
4884,1632,66,1,232,232
4885,1632,47,3,83,249
4886,1633,59,1,296,296
4887,1633,108,1,235,235
4888,1634,109,3,119,357
4889,1634,58,3,304,912
4890,1634,21,1,265,265
4891,1635,22,1,290,290
4892,1635,18,3,198,594
4893,1635,43,3,362,1086
4894,1635,61,2,222,444
4895,1636,117,2,157,314
4896,1636,82,3,256,768
4897,1636,18,1,198,198
4898,1636,95,1,331,331
4899,1637,22,2,290,580
4900,1637,54,2,389,778
4901,1637,108,3,235,705
4902,1638,98,3,264,792
4903,1638,92,2,156,312
4904,1638,105,2,275,550
4905,1638,13,3,102,306
4906,1639,60,2,330,660
4907,1639,101,2,195,390
4908,1639,53,3,166,498
4909,1639,78,2,236,472
4910,1640,91,1,192,192
4911,1640,1,2,280,560
4912,1640,113,3,128,384
4913,1640,7,3,375,1125
4914,1641,111,2,206,412
4915,1641,83,3,230,690
4916,1641,47,1,83,83
4917,1642,107,2,256,512
4918,1642,98,3,264,792
4919,1642,4,1,209,209
4920,1642,68,2,393,786
4921,1643,20,3,184,552
4922,1643,72,2,182,364
4923,1643,12,2,218,436
4924,1643,119,2,133,266
4925,1644,48,3,263,789
4926,1644,119,2,133,266
4927,1644,98,3,264,792
4928,1645,69,2,231,462
4929,1645,53,1,166,166
4930,1646,113,3,128,384
4931,1646,40,3,347,1041
4932,1646,43,3,362,1086
4933,1646,54,3,389,1167
4934,1647,79,3,427,1281
4935,1647,94,2,263,526
4936,1647,65,2,186,372
4937,1647,64,3,284,852
4938,1648,102,2,214,428
4939,1648,117,1,157,157
4940,1649,41,3,232,696
4941,1649,47,1,83,83
4942,1650,112,1,360,360
4943,1650,108,1,235,235
4944,1650,64,1,284,284
4945,1650,63,1,416,416
4946,1651,55,2,379,758
4947,1651,90,1,393,393
4948,1651,19,2,297,594
4949,1652,14,1,240,240
4950,1652,73,2,167,334
4951,1653,105,2,275,550
4952,1653,22,1,290,290
4953,1654,96,2,402,804
4954,1654,100,3,271,813
4955,1655,78,2,236,472
4956,1655,31,2,360,720
4957,1655,50,2,243,486
4958,1656,86,3,234,702
4959,1656,69,2,231,462
4960,1656,7,2,375,750
4961,1656,96,3,402,1206
4962,1657,58,3,304,912
4963,1657,16,1,178,178
4964,1658,60,1,330,330
4965,1658,49,3,201,603
4966,1658,110,2,315,630
4967,1659,60,2,330,660
4968,1659,38,1,265,265
4969,1659,69,1,231,231
4970,1659,86,3,234,702
4971,1660,54,2,389,778
4972,1660,50,1,243,243
4973,1661,7,3,375,1125
4974,1661,106,1,181,181
4975,1662,23,1,315,315
4976,1662,18,2,198,396
4977,1662,36,3,253,759
4978,1663,108,1,235,235
4979,1663,100,1,271,271
4980,1664,70,3,228,684
4981,1664,105,3,275,825
4982,1664,29,3,174,522
4983,1665,14,2,240,480
4984,1665,2,2,417,834
4985,1665,104,2,137,274
4986,1665,100,2,271,542
4987,1666,42,2,414,828
4988,1666,39,2,389,778
4989,1667,13,1,102,102
4990,1667,33,1,237,237
4991,1667,108,3,235,705
4992,1668,54,1,389,389
4993,1668,105,2,275,550
4994,1669,56,2,186,372
4995,1669,84,3,234,702
4996,1669,109,1,119,119
4997,1669,6,1,145,145
4998,1670,16,3,178,534
4999,1670,102,2,214,428
5000,1670,10,2,372,744
5001,1671,54,3,389,1167
5002,1671,100,1,271,271
5003,1671,117,2,157,314
5004,1671,51,1,206,206
5005,1672,49,1,201,201
5006,1672,95,2,331,662
5007,1672,65,3,186,558
5008,1672,13,1,102,102
5009,1673,84,1,234,234
5010,1673,71,3,246,738
5011,1673,52,3,463,1389
5012,1674,116,2,253,506
5013,1674,38,3,265,795
5014,1674,6,3,145,435
5015,1675,119,3,133,399
5016,1675,86,1,234,234
5017,1676,108,2,235,470
5018,1676,21,3,265,795
5019,1677,57,2,429,858
5020,1677,66,1,232,232
5021,1678,86,1,234,234
5022,1678,25,2,292,584
5023,1678,48,1,263,263
5024,1678,92,2,156,312
5025,1679,101,1,195,195
5026,1679,107,1,256,256
5027,1680,117,1,157,157
5028,1680,113,1,128,128
5029,1680,33,3,237,711
5030,1680,107,1,256,256
5031,1681,75,1,259,259
5032,1681,98,2,264,528
5033,1682,5,1,305,305
5034,1682,23,3,315,945
5035,1682,24,2,327,654
5036,1683,100,3,271,813
5037,1683,120,2,159,318
5038,1684,73,3,167,501
5039,1684,8,3,137,411
5040,1684,64,3,284,852
5041,1685,19,3,297,891
5042,1685,21,2,265,530
5043,1685,20,2,184,368
5044,1685,98,1,264,264
5045,1686,94,1,263,263
5046,1686,92,1,156,156
5047,1687,50,3,243,729
5048,1687,53,3,166,498
5049,1688,20,3,184,552
5050,1688,29,2,174,348
5051,1689,41,1,232,232
5052,1689,28,2,233,466
5053,1689,112,2,360,720
5054,1690,48,1,263,263
5055,1690,111,3,206,618
5056,1690,16,2,178,356
5057,1691,1,1,280,280
5058,1691,26,2,393,786
5059,1692,10,3,372,1116
5060,1692,83,3,230,690
5061,1693,20,1,184,184
5062,1693,117,3,157,471
5063,1693,75,1,259,259
5064,1693,18,2,198,396
5065,1694,47,1,83,83
5066,1694,65,3,186,558
5067,1694,74,1,375,375
5068,1694,115,2,394,788
5069,1695,59,1,296,296
5070,1695,22,1,290,290
5071,1696,43,2,362,724
5072,1696,16,2,178,356
5073,1696,64,1,284,284
5074,1697,79,3,427,1281
5075,1697,85,3,309,927
5076,1697,97,2,136,272
5077,1698,101,1,195,195
5078,1698,39,1,389,389
5079,1698,60,2,330,660
5080,1699,60,2,330,660
5081,1699,115,1,394,394
5082,1699,37,3,376,1128
5083,1700,43,2,362,724
5084,1700,23,1,315,315
5085,1700,58,3,304,912
5086,1700,9,1,384,384
5087,1701,101,3,195,585
5088,1701,72,1,182,182
5089,1701,76,1,303,303
5090,1702,80,2,237,474
5091,1702,65,3,186,558
5092,1703,98,3,264,792
5093,1703,106,1,181,181
5094,1703,77,2,133,266
5095,1703,28,2,233,466
5096,1704,14,3,240,720
5097,1704,53,2,166,332
5098,1705,28,1,233,233
5099,1705,10,3,372,1116
5100,1705,109,1,119,119
5101,1705,2,1,417,417
5102,1706,68,2,393,786
5103,1706,63,1,416,416
5104,1707,99,1,280,280
5105,1707,90,1,393,393
5106,1707,111,2,206,412
5107,1708,45,1,200,200
5108,1708,5,2,305,610
5109,1708,61,1,222,222
5110,1709,78,2,236,472
5111,1709,37,3,376,1128
5112,1709,75,3,259,777
5113,1710,101,1,195,195
5114,1710,113,3,128,384
5115,1710,29,1,174,174
5116,1710,66,3,232,696
5117,1711,11,3,282,846
5118,1711,59,3,296,888
5119,1712,64,3,284,852
5120,1712,102,2,214,428
5121,1713,89,3,265,795
5122,1713,36,1,253,253
5123,1714,39,3,389,1167
5124,1714,18,3,198,594
5125,1715,104,3,137,411
5126,1715,46,2,233,466
5127,1715,51,1,206,206
5128,1715,98,3,264,792
5129,1716,76,2,303,606
5130,1716,43,2,362,724
5131,1716,93,1,287,287
5132,1716,18,3,198,594
5133,1717,41,2,232,464
5134,1717,41,2,232,464
5135,1717,24,3,327,981
5136,1717,103,1,298,298
5137,1718,105,2,275,550
5138,1718,113,1,128,128
5139,1718,4,2,209,418
5140,1718,45,2,200,400
5141,1719,120,2,159,318
5142,1719,3,3,282,846
5143,1719,112,3,360,1080
5144,1719,91,2,192,384
5145,1720,51,2,206,412
5146,1720,47,3,83,249
5147,1720,10,3,372,1116
5148,1721,46,2,233,466
5149,1721,106,3,181,543
5150,1722,82,2,256,512
5151,1722,89,2,265,530
5152,1722,13,1,102,102
5153,1722,86,3,234,702
5154,1723,99,1,280,280
5155,1723,36,2,253,506
5156,1724,25,2,292,584
5157,1724,64,1,284,284
5158,1724,8,1,137,137
5159,1725,104,3,137,411
5160,1725,104,3,137,411
5161,1726,55,1,379,379
5162,1726,64,3,284,852
5163,1726,88,2,393,786
5164,1726,34,3,167,501
5165,1727,71,1,246,246
5166,1727,42,3,414,1242
5167,1727,38,2,265,530
5168,1727,117,3,157,471
5169,1728,68,2,393,786
5170,1728,30,2,267,534
5171,1728,13,1,102,102
5172,1729,49,1,201,201
5173,1729,45,3,200,600
5174,1729,73,3,167,501
5175,1730,59,2,296,592
5176,1730,84,2,234,468
5177,1731,42,2,414,828
5178,1731,74,1,375,375
5179,1731,107,1,256,256
5180,1731,103,3,298,894
5181,1732,87,1,362,362
5182,1732,38,1,265,265
5183,1732,115,1,394,394
5184,1733,111,3,206,618
5185,1733,36,2,253,506
5186,1734,8,3,137,411
5187,1734,47,3,83,249
5188,1735,64,3,284,852
5189,1735,28,1,233,233
5190,1735,62,3,155,465
5191,1735,51,1,206,206
5192,1736,63,2,416,832
5193,1736,63,3,416,1248
5194,1736,102,1,214,214
5195,1736,52,1,463,463
5196,1737,41,3,232,696
5197,1737,117,2,157,314
5198,1737,75,2,259,518
5199,1737,8,3,137,411
5200,1738,29,1,174,174
5201,1738,9,2,384,768
5202,1738,64,3,284,852
5203,1738,16,3,178,534
5204,1739,74,2,375,750
5205,1739,28,1,233,233
5206,1739,110,2,315,630
5207,1739,76,2,303,606
5208,1740,119,1,133,133
5209,1740,75,2,259,518
5210,1740,89,3,265,795
5211,1741,54,2,389,778
5212,1741,8,2,137,274
5213,1742,83,2,230,460
5214,1742,96,2,402,804
5215,1742,91,3,192,576
5216,1743,42,3,414,1242
5217,1743,88,2,393,786
5218,1744,29,3,174,522
5219,1744,87,3,362,1086
5220,1744,6,3,145,435
5221,1744,33,2,237,474
5222,1745,102,1,214,214
5223,1745,82,3,256,768
5224,1745,21,1,265,265
5225,1745,27,3,287,861
5226,1746,18,3,198,594
5227,1746,16,2,178,356
5228,1747,33,3,237,711
5229,1747,37,1,376,376
5230,1747,119,3,133,399
5231,1748,24,1,327,327
5232,1748,66,2,232,464
5233,1748,111,2,206,412
5234,1748,59,2,296,592
5235,1749,5,1,305,305
5236,1749,66,1,232,232
5237,1750,116,3,253,759
5238,1750,109,2,119,238
5239,1750,57,2,429,858
5240,1750,52,1,463,463
5241,1751,100,3,271,813
5242,1751,53,1,166,166
5243,1752,22,2,290,580
5244,1752,73,3,167,501
5245,1753,37,1,376,376
5246,1753,62,2,155,310
5247,1753,21,2,265,530
5248,1754,64,3,284,852
5249,1754,92,2,156,312
5250,1754,47,2,83,166
5251,1755,69,2,231,462
5252,1755,85,2,309,618
5253,1756,56,2,186,372
5254,1756,68,3,393,1179
5255,1756,113,1,128,128
5256,1757,70,2,228,456
5257,1757,71,3,246,738
5258,1758,23,3,315,945
5259,1758,41,2,232,464
5260,1758,114,3,284,852
5261,1758,79,3,427,1281
5262,1759,30,1,267,267
5263,1759,38,3,265,795
5264,1759,2,1,417,417
5265,1760,87,3,362,1086
5266,1760,57,1,429,429
5267,1760,32,1,266,266
5268,1761,13,2,102,204
5269,1761,60,1,330,330
5270,1761,23,1,315,315
5271,1762,7,2,375,750
5272,1762,39,1,389,389
5273,1762,103,1,298,298
5274,1762,106,2,181,362
5275,1763,62,1,155,155
5276,1763,87,2,362,724
5277,1763,87,3,362,1086
5278,1764,31,1,360,360
5279,1764,110,2,315,630
5280,1764,75,1,259,259
5281,1765,106,2,181,362
5282,1765,7,3,375,1125
5283,1765,34,2,167,334
5284,1765,3,1,282,282
5285,1766,24,1,327,327
5286,1766,43,1,362,362
5287,1767,11,3,282,846
5288,1767,67,3,87,261
5289,1767,61,1,222,222
5290,1768,93,2,287,574
5291,1768,43,3,362,1086
5292,1769,52,2,463,926
5293,1769,76,1,303,303
5294,1769,114,1,284,284
5295,1770,70,3,228,684
5296,1770,59,2,296,592
5297,1771,72,1,182,182
5298,1771,54,1,389,389
5299,1771,73,3,167,501
5300,1771,56,2,186,372
5301,1772,118,3,190,570
5302,1772,7,1,375,375
5303,1772,17,1,382,382
5304,1772,24,1,327,327
5305,1773,107,3,256,768
5306,1773,76,2,303,606
5307,1774,113,3,128,384
5308,1774,17,1,382,382
5309,1774,87,1,362,362
5310,1774,96,1,402,402
5311,1775,29,1,174,174
5312,1775,21,1,265,265
5313,1775,112,3,360,1080
5314,1776,50,3,243,729
5315,1776,30,1,267,267
5316,1776,119,1,133,133
5317,1777,5,2,305,610
5318,1777,90,3,393,1179
5319,1777,59,3,296,888
5320,1777,30,3,267,801
5321,1778,59,2,296,592
5322,1778,54,3,389,1167
5323,1778,24,1,327,327
5324,1778,88,1,393,393
5325,1779,76,1,303,303
5326,1779,86,2,234,468
5327,1779,112,2,360,720
5328,1780,34,1,167,167
5329,1780,32,1,266,266
5330,1781,41,1,232,232
5331,1781,72,1,182,182
5332,1782,115,3,394,1182
5333,1782,66,1,232,232
5334,1782,15,3,78,234
5335,1782,107,3,256,768
5336,1783,105,2,275,550
5337,1783,80,3,237,711
5338,1784,86,1,234,234
5339,1784,30,3,267,801
5340,1784,7,3,375,1125
5341,1785,52,2,463,926
5342,1785,41,1,232,232
5343,1786,87,2,362,724
5344,1786,84,2,234,468
5345,1786,114,1,284,284
5346,1787,1,2,280,560
5347,1787,60,1,330,330
5348,1787,38,1,265,265
5349,1788,4,2,209,418
5350,1788,105,2,275,550
5351,1788,31,1,360,360
5352,1789,29,2,174,348
5353,1789,99,1,280,280
5354,1789,29,1,174,174
5355,1789,119,2,133,266
5356,1790,3,3,282,846
5357,1790,68,3,393,1179
5358,1790,55,1,379,379
5359,1790,28,1,233,233
5360,1791,30,2,267,534
5361,1791,33,1,237,237
5362,1791,84,3,234,702
5363,1792,95,1,331,331
5364,1792,99,1,280,280
5365,1792,50,3,243,729
5366,1792,100,2,271,542
5367,1793,118,3,190,570
5368,1793,55,1,379,379
5369,1793,70,2,228,456
5370,1794,104,2,137,274
5371,1794,112,3,360,1080
5372,1794,67,3,87,261
5373,1795,86,2,234,468
5374,1795,83,3,230,690
5375,1796,32,1,266,266
5376,1796,27,1,287,287
5377,1796,25,3,292,876
5378,1796,112,3,360,1080
5379,1797,60,2,330,660
5380,1797,25,2,292,584
5381,1797,78,1,236,236
5382,1798,105,2,275,550
5383,1798,105,1,275,275
5384,1798,24,2,327,654
5385,1798,104,3,137,411
5386,1799,28,2,233,466
5387,1799,64,3,284,852
5388,1800,83,1,230,230
5389,1800,57,1,429,429
5390,1800,94,2,263,526
5391,1801,64,1,284,284
5392,1801,85,3,309,927
5393,1802,102,3,214,642
5394,1802,9,3,384,1152
5395,1803,37,3,376,1128
5396,1803,1,3,280,840
5397,1803,91,1,192,192
5398,1804,7,3,375,1125
5399,1804,86,3,234,702
5400,1804,119,3,133,399
5401,1805,50,3,243,729
5402,1805,39,1,389,389
5403,1805,64,1,284,284
5404,1805,5,3,305,915
5405,1806,16,2,178,356
5406,1806,34,3,167,501
5407,1806,103,3,298,894
5408,1806,32,3,266,798
5409,1807,101,2,195,390
5410,1807,72,2,182,364
5411,1807,45,2,200,400
5412,1807,11,3,282,846
5413,1808,52,1,463,463
5414,1808,53,3,166,498
5415,1809,117,1,157,157
5416,1809,22,1,290,290
5417,1809,56,3,186,558
5418,1809,35,3,190,570
5419,1810,95,3,331,993
5420,1810,86,2,234,468
5421,1810,2,2,417,834
5422,1810,63,2,416,832
5423,1811,34,3,167,501
5424,1811,59,2,296,592
5425,1811,72,2,182,364
5426,1812,41,2,232,464
5427,1812,40,2,347,694
5428,1812,46,1,233,233
5429,1812,36,1,253,253
5430,1813,48,1,263,263
5431,1813,75,2,259,518
5432,1813,41,3,232,696
5433,1814,14,2,240,480
5434,1814,98,1,264,264
5435,1814,20,3,184,552
5436,1814,87,1,362,362
5437,1815,3,3,282,846
5438,1815,57,2,429,858
5439,1815,114,3,284,852
5440,1816,112,1,360,360
5441,1816,67,1,87,87
5442,1816,12,1,218,218
5443,1816,85,3,309,927
5444,1817,67,3,87,261
5445,1817,60,1,330,330
5446,1818,24,1,327,327
5447,1818,90,2,393,786
5448,1818,42,3,414,1242
5449,1818,29,3,174,522
5450,1819,41,3,232,696
5451,1819,29,3,174,522
5452,1819,58,3,304,912
5453,1820,7,1,375,375
5454,1820,39,1,389,389
5455,1820,85,1,309,309
5456,1821,78,2,236,472
5457,1821,34,1,167,167
5458,1821,103,3,298,894
5459,1821,96,3,402,1206
5460,1822,112,3,360,1080
5461,1822,107,1,256,256
5462,1823,55,3,379,1137
5463,1823,101,2,195,390
5464,1824,52,2,463,926
5465,1824,25,1,292,292
5466,1824,111,2,206,412
5467,1825,59,3,296,888
5468,1825,99,2,280,560
5469,1825,21,2,265,530
5470,1826,40,3,347,1041
5471,1826,100,1,271,271
5472,1827,24,3,327,981
5473,1827,43,3,362,1086
5474,1828,117,3,157,471
5475,1828,25,1,292,292
5476,1829,22,3,290,870
5477,1829,71,1,246,246
5478,1829,10,3,372,1116
5479,1830,120,1,159,159
5480,1830,33,3,237,711
5481,1831,37,2,376,752
5482,1831,8,3,137,411
5483,1831,4,3,209,627
5484,1832,62,3,155,465
5485,1832,116,3,253,759
5486,1833,120,1,159,159
5487,1833,27,2,287,574
5488,1833,24,1,327,327
5489,1833,11,3,282,846
5490,1834,90,3,393,1179
5491,1834,40,2,347,694
5492,1834,81,2,306,612
5493,1834,58,2,304,608
5494,1835,36,1,253,253
5495,1835,52,1,463,463
5496,1836,12,2,218,436
5497,1836,112,2,360,720
5498,1836,53,3,166,498
5499,1837,33,1,237,237
5500,1837,70,2,228,456
5501,1838,88,1,393,393
5502,1838,25,3,292,876
5503,1838,24,3,327,981
5504,1838,56,2,186,372
5505,1839,81,1,306,306
5506,1839,114,1,284,284
5507,1839,18,1,198,198
5508,1839,83,1,230,230
5509,1840,92,3,156,468
5510,1840,77,1,133,133
5511,1841,33,1,237,237
5512,1841,88,3,393,1179
5513,1841,54,3,389,1167
5514,1842,62,1,155,155
5515,1842,43,3,362,1086
5516,1842,80,1,237,237
5517,1842,111,3,206,618
5518,1843,50,1,243,243
5519,1843,108,2,235,470
5520,1844,101,1,195,195
5521,1844,33,1,237,237
5522,1844,28,2,233,466
5523,1844,37,1,376,376
5524,1845,86,2,234,468
5525,1845,9,3,384,1152
5526,1845,112,2,360,720
5527,1846,21,2,265,530
5528,1846,45,3,200,600
5529,1847,105,1,275,275
5530,1847,34,2,167,334
5531,1848,88,2,393,786
5532,1848,56,1,186,186
5533,1849,114,3,284,852
5534,1849,107,1,256,256
5535,1849,46,2,233,466
5536,1849,20,1,184,184
5537,1850,3,3,282,846
5538,1850,107,2,256,512
5539,1850,99,2,280,560
5540,1851,94,1,263,263
5541,1851,39,3,389,1167
5542,1851,41,2,232,464
5543,1851,40,1,347,347
5544,1852,59,3,296,888
5545,1852,110,1,315,315
5546,1853,58,1,304,304
5547,1853,28,1,233,233
5548,1853,82,2,256,512
5549,1854,39,2,389,778
5550,1854,101,2,195,390
5551,1854,39,2,389,778
5552,1854,91,1,192,192
5553,1855,113,3,128,384
5554,1855,120,2,159,318
5555,1856,53,2,166,332
5556,1856,47,3,83,249
5557,1857,87,2,362,724
5558,1857,69,1,231,231
5559,1857,50,3,243,729
5560,1858,42,3,414,1242
5561,1858,83,3,230,690
5562,1858,116,1,253,253
5563,1859,7,2,375,750
5564,1859,3,3,282,846
5565,1860,25,2,292,584
5566,1860,28,3,233,699
5567,1861,88,1,393,393
5568,1861,79,2,427,854
5569,1861,47,2,83,166
5570,1861,90,1,393,393
5571,1862,68,2,393,786
5572,1862,43,3,362,1086
5573,1863,62,2,155,310
5574,1863,42,2,414,828
5575,1863,56,1,186,186
5576,1863,82,2,256,512
5577,1864,43,3,362,1086
5578,1864,24,3,327,981
5579,1865,117,3,157,471
5580,1865,119,2,133,266
5581,1865,67,1,87,87
5582,1865,70,2,228,456
5583,1866,34,2,167,334
5584,1866,14,2,240,480
5585,1866,15,3,78,234
5586,1867,86,1,234,234
5587,1867,107,3,256,768
5588,1867,49,2,201,402
5589,1868,64,1,284,284
5590,1868,110,3,315,945
5591,1868,75,2,259,518
5592,1868,60,3,330,990
5593,1869,60,1,330,330
5594,1869,40,1,347,347
5595,1869,80,3,237,711
5596,1869,31,2,360,720
5597,1870,108,3,235,705
5598,1870,92,3,156,468
5599,1870,79,2,427,854
5600,1871,21,3,265,795
5601,1871,110,2,315,630
5602,1871,30,2,267,534
5603,1871,23,3,315,945
5604,1872,119,2,133,266
5605,1872,1,2,280,560
5606,1873,69,2,231,462
5607,1873,112,2,360,720
5608,1874,84,3,234,702
5609,1874,62,3,155,465
5610,1874,118,1,190,190
5611,1874,84,2,234,468
5612,1875,75,1,259,259
5613,1875,27,2,287,574
5614,1875,77,1,133,133
5615,1875,90,1,393,393
5616,1876,83,3,230,690
5617,1876,36,2,253,506
5618,1877,42,1,414,414
5619,1877,113,3,128,384
5620,1878,92,1,156,156
5621,1878,69,1,231,231
5622,1878,90,3,393,1179
5623,1879,113,1,128,128
5624,1879,23,2,315,630
5625,1879,49,2,201,402
5626,1879,116,1,253,253
5627,1880,71,3,246,738
5628,1880,69,2,231,462
5629,1881,35,2,190,380
5630,1881,22,3,290,870
5631,1882,51,2,206,412
5632,1882,72,1,182,182
5633,1882,85,3,309,927
5634,1882,2,1,417,417
5635,1883,16,3,178,534
5636,1883,70,2,228,456
5637,1883,120,3,159,477
5638,1884,14,1,240,240
5639,1884,89,1,265,265
5640,1884,11,3,282,846
5641,1884,62,1,155,155
5642,1885,119,3,133,399
5643,1885,88,1,393,393
5644,1885,113,2,128,256
5645,1886,4,2,209,418
5646,1886,15,3,78,234
5647,1887,78,3,236,708
5648,1887,120,1,159,159
5649,1887,37,3,376,1128
5650,1887,27,2,287,574
5651,1888,20,2,184,368
5652,1888,18,3,198,594
5653,1889,86,1,234,234
5654,1889,87,3,362,1086
5655,1889,99,1,280,280
5656,1890,92,2,156,312
5657,1890,21,2,265,530
5658,1890,44,3,263,789
5659,1890,107,1,256,256
5660,1891,42,1,414,414
5661,1891,86,3,234,702
5662,1891,5,2,305,610
5663,1891,72,1,182,182
5664,1892,11,1,282,282
5665,1892,47,1,83,83
5666,1892,72,2,182,364
5667,1892,56,1,186,186
5668,1893,14,3,240,720
5669,1893,1,2,280,560
5670,1893,80,3,237,711
5671,1893,1,3,280,840
5672,1894,26,1,393,393
5673,1894,32,2,266,532
5674,1895,47,2,83,166
5675,1895,80,1,237,237
5676,1896,98,2,264,528
5677,1896,73,3,167,501
5678,1896,90,3,393,1179
5679,1896,43,2,362,724
5680,1897,90,2,393,786
5681,1897,40,3,347,1041
5682,1897,26,3,393,1179
5683,1897,83,3,230,690
5684,1898,118,3,190,570
5685,1898,119,1,133,133
5686,1899,53,1,166,166
5687,1899,118,1,190,190
5688,1899,76,1,303,303
5689,1900,24,2,327,654
5690,1900,1,2,280,560
5691,1901,43,2,362,724
5692,1901,36,2,253,506
5693,1901,72,3,182,546
5694,1902,76,3,303,909
5695,1902,103,2,298,596
5696,1903,23,1,315,315
5697,1903,58,3,304,912
5698,1903,98,3,264,792
5699,1904,21,3,265,795
5700,1904,36,2,253,506
5701,1904,108,3,235,705
5702,1904,55,1,379,379
5703,1905,119,3,133,399
5704,1905,113,3,128,384
5705,1905,90,3,393,1179
5706,1905,27,2,287,574
5707,1906,11,2,282,564
5708,1906,89,3,265,795
5709,1906,65,3,186,558
5710,1906,68,3,393,1179
5711,1907,34,3,167,501
5712,1907,4,3,209,627
5713,1907,111,1,206,206
5714,1908,57,3,429,1287
5715,1908,28,3,233,699
5716,1908,95,3,331,993
5717,1908,87,2,362,724
5718,1909,33,1,237,237
5719,1909,51,2,206,412
5720,1909,60,2,330,660
5721,1909,59,3,296,888
5722,1910,1,3,280,840
5723,1910,90,3,393,1179
5724,1910,9,2,384,768
5725,1910,111,2,206,412
5726,1911,72,1,182,182
5727,1911,18,2,198,396
5728,1911,53,3,166,498
5729,1911,61,2,222,444
5730,1912,64,1,284,284
5731,1912,54,1,389,389
5732,1912,96,1,402,402
5733,1912,47,1,83,83
5734,1913,104,2,137,274
5735,1913,15,1,78,78
5736,1913,9,2,384,768
5737,1913,65,1,186,186
5738,1914,87,2,362,724
5739,1914,37,1,376,376
5740,1914,92,2,156,312
5741,1914,52,1,463,463
5742,1915,40,1,347,347
5743,1915,51,3,206,618
5744,1915,34,1,167,167
5745,1916,1,3,280,840
5746,1916,116,3,253,759
5747,1916,63,1,416,416
5748,1916,40,1,347,347
5749,1917,4,1,209,209
5750,1917,22,1,290,290
5751,1918,75,1,259,259
5752,1918,5,2,305,610
5753,1918,79,3,427,1281
5754,1918,115,2,394,788
5755,1919,69,2,231,462
5756,1919,76,1,303,303
5757,1919,7,3,375,1125
5758,1920,117,2,157,314
5759,1920,119,2,133,266
5760,1920,107,3,256,768
5761,1921,9,3,384,1152
5762,1921,54,3,389,1167
5763,1921,91,1,192,192
5764,1921,12,2,218,436
5765,1922,77,3,133,399
5766,1922,35,2,190,380
5767,1922,74,2,375,750
5768,1922,55,2,379,758
5769,1923,6,1,145,145
5770,1923,107,2,256,512
5771,1923,45,1,200,200
5772,1923,6,3,145,435
5773,1924,84,2,234,468
5774,1924,90,2,393,786
5775,1924,59,3,296,888
5776,1925,15,2,78,156
5777,1925,4,3,209,627
5778,1926,42,3,414,1242
5779,1926,73,3,167,501
5780,1926,74,2,375,750
5781,1927,26,3,393,1179
5782,1927,28,1,233,233
5783,1927,78,3,236,708
5784,1927,7,3,375,1125
5785,1928,54,2,389,778
5786,1928,11,3,282,846
5787,1929,62,3,155,465
5788,1929,86,2,234,468
5789,1929,94,1,263,263
5790,1930,60,2,330,660
5791,1930,104,1,137,137
5792,1930,24,3,327,981
5793,1930,49,2,201,402
5794,1931,67,3,87,261
5795,1931,88,1,393,393
5796,1932,102,3,214,642
5797,1932,11,2,282,564
5798,1933,28,2,233,466
5799,1933,97,1,136,136
5800,1934,20,3,184,552
5801,1934,20,2,184,368
5802,1934,38,2,265,530
5803,1934,32,3,266,798
5804,1935,83,1,230,230
5805,1935,90,2,393,786
5806,1936,99,2,280,560
5807,1936,97,2,136,272
5808,1936,55,1,379,379
5809,1936,57,2,429,858
5810,1937,91,2,192,384
5811,1937,106,3,181,543
5812,1937,59,1,296,296
5813,1938,112,2,360,720
5814,1938,24,3,327,981
5815,1939,79,2,427,854
5816,1939,24,2,327,654
5817,1940,37,3,376,1128
5818,1940,51,2,206,412
5819,1940,19,1,297,297
5820,1940,115,3,394,1182
5821,1941,39,3,389,1167
5822,1941,107,3,256,768
5823,1941,24,2,327,654
5824,1942,34,1,167,167
5825,1942,67,1,87,87
5826,1943,53,3,166,498
5827,1943,36,3,253,759
5828,1943,45,1,200,200
5829,1944,67,1,87,87
5830,1944,77,2,133,266
5831,1944,24,2,327,654
5832,1945,49,1,201,201
5833,1945,60,1,330,330
5834,1945,33,2,237,474
5835,1946,99,2,280,560
5836,1946,86,1,234,234
5837,1947,60,3,330,990
5838,1947,49,1,201,201
5839,1947,9,1,384,384
5840,1947,98,3,264,792
5841,1948,12,3,218,654
5842,1948,23,1,315,315
5843,1949,74,2,375,750
5844,1949,118,2,190,380
5845,1950,27,1,287,287
5846,1950,25,2,292,584
5847,1950,11,1,282,282
5848,1951,55,2,379,758
5849,1951,119,2,133,266
5850,1951,38,1,265,265
5851,1951,74,2,375,750
5852,1952,63,1,416,416
5853,1952,97,1,136,136
5854,1952,18,2,198,396
5855,1953,108,3,235,705
5856,1953,43,3,362,1086
5857,1953,92,3,156,468
5858,1954,36,1,253,253
5859,1954,15,2,78,156
5860,1954,76,3,303,909
5861,1955,94,2,263,526
5862,1955,70,1,228,228
5863,1955,75,3,259,777
5864,1956,101,2,195,390
5865,1956,95,3,331,993
5866,1957,109,2,119,238
5867,1957,18,1,198,198
5868,1957,100,3,271,813
5869,1957,84,2,234,468
5870,1958,58,2,304,608
5871,1958,74,2,375,750
5872,1958,61,2,222,444
5873,1958,71,2,246,492
5874,1959,40,1,347,347
5875,1959,30,3,267,801
5876,1960,49,1,201,201
5877,1960,6,1,145,145
5878,1960,4,2,209,418
5879,1960,68,1,393,393
5880,1961,6,1,145,145
5881,1961,90,2,393,786
5882,1961,43,1,362,362
5883,1961,18,2,198,396
5884,1962,90,1,393,393
5885,1962,78,2,236,472
5886,1962,120,1,159,159
5887,1962,16,2,178,356
5888,1963,76,3,303,909
5889,1963,115,1,394,394
5890,1963,111,3,206,618
5891,1963,93,1,287,287
5892,1964,49,3,201,603
5893,1964,31,1,360,360
5894,1964,98,2,264,528
5895,1964,47,3,83,249
5896,1965,113,2,128,256
5897,1965,29,2,174,348
5898,1966,38,2,265,530
5899,1966,6,2,145,290
5900,1966,116,2,253,506
5901,1967,115,3,394,1182
5902,1967,8,2,137,274
5903,1967,89,3,265,795
5904,1967,99,2,280,560
5905,1968,39,3,389,1167
5906,1968,23,2,315,630
5907,1968,103,2,298,596
5908,1969,99,3,280,840
5909,1969,7,2,375,750
5910,1969,42,1,414,414
5911,1970,120,1,159,159
5912,1970,65,3,186,558
5913,1970,80,3,237,711
5914,1971,14,1,240,240
5915,1971,81,3,306,918
5916,1971,85,2,309,618
5917,1971,28,2,233,466
5918,1972,65,2,186,372
5919,1972,68,1,393,393
5920,1972,40,3,347,1041
5921,1972,53,1,166,166
5922,1973,19,3,297,891
5923,1973,12,1,218,218
5924,1973,28,1,233,233
5925,1973,119,3,133,399
5926,1974,59,2,296,592
5927,1974,112,1,360,360
5928,1975,92,2,156,312
5929,1975,46,2,233,466
5930,1976,96,3,402,1206
5931,1976,23,2,315,630
5932,1976,115,1,394,394
5933,1976,19,3,297,891
5934,1977,100,1,271,271
5935,1977,68,2,393,786
5936,1978,98,3,264,792
5937,1978,45,1,200,200
5938,1978,98,1,264,264
5939,1978,49,3,201,603
5940,1979,119,3,133,399
5941,1979,96,1,402,402
5942,1979,46,3,233,699
5943,1979,82,2,256,512
5944,1980,46,1,233,233
5945,1980,119,3,133,399
5946,1981,71,1,246,246
5947,1981,14,3,240,720
5948,1982,44,1,263,263
5949,1982,6,2,145,290
5950,1982,83,1,230,230
5951,1982,12,3,218,654
5952,1983,4,3,209,627
5953,1983,52,3,463,1389
5954,1983,56,2,186,372
5955,1983,80,1,237,237
5956,1984,4,2,209,418
5957,1984,45,2,200,400
5958,1984,82,3,256,768
5959,1985,26,2,393,786
5960,1985,115,3,394,1182
5961,1985,71,3,246,738
5962,1986,99,1,280,280
5963,1986,24,1,327,327
5964,1987,51,3,206,618
5965,1987,45,1,200,200
5966,1988,55,2,379,758
5967,1988,19,2,297,594
5968,1989,51,3,206,618
5969,1989,104,1,137,137
5970,1990,118,3,190,570
5971,1990,7,2,375,750
5972,1990,106,3,181,543
5973,1990,84,3,234,702
5974,1991,88,1,393,393
5975,1991,104,3,137,411
5976,1991,42,3,414,1242
5977,1991,20,2,184,368
5978,1992,97,1,136,136
5979,1992,55,2,379,758
5980,1993,44,2,263,526
5981,1993,96,2,402,804
5982,1994,96,3,402,1206
5983,1994,46,3,233,699
5984,1995,17,3,382,1146
5985,1995,61,2,222,444
5986,1995,119,3,133,399
5987,1995,19,1,297,297
5988,1996,2,3,417,1251
5989,1996,83,2,230,460
5990,1997,16,3,178,534
5991,1997,105,3,275,825
5992,1997,24,3,327,981
5993,1997,58,1,304,304
5994,1998,44,2,263,526
5995,1998,10,3,372,1116
5996,1998,105,1,275,275
5997,1998,78,3,236,708
5998,1999,113,2,128,256
5999,1999,3,2,282,564
6000,2000,36,3,253,759
6001,2000,70,1,228,228
6002,2000,5,1,305,305
6003,2001,12,2,218,436
6004,2001,52,2,463,926
6005,2002,8,2,137,274
6006,2002,28,1,233,233
6007,2002,108,2,235,470
6008,2002,84,2,234,468
6009,2003,24,2,327,654
6010,2003,64,1,284,284
6011,2003,19,2,297,594
6012,2003,26,3,393,1179
6013,2004,88,2,393,786
6014,2004,23,2,315,630
6015,2004,93,1,287,287
6016,2004,116,1,253,253
6017,2005,34,1,167,167
6018,2005,85,3,309,927
6019,2005,81,2,306,612
6020,2005,3,1,282,282
6021,2006,11,2,282,564
6022,2006,117,3,157,471
6023,2006,67,1,87,87
6024,2007,115,2,394,788
6025,2007,112,1,360,360
6026,2008,111,3,206,618
6027,2008,101,3,195,585
6028,2008,33,1,237,237
6029,2008,79,3,427,1281
6030,2009,67,3,87,261
6031,2009,102,2,214,428
6032,2010,73,2,167,334
6033,2010,79,1,427,427
6034,2010,97,2,136,272
6035,2011,64,3,284,852
6036,2011,63,1,416,416
6037,2012,58,2,304,608
6038,2012,108,1,235,235
6039,2012,69,3,231,693
6040,2013,5,1,305,305
6041,2013,53,1,166,166
6042,2013,68,2,393,786
6043,2013,40,3,347,1041
6044,2014,98,3,264,792
6045,2014,4,1,209,209
6046,2015,16,2,178,356
6047,2015,106,1,181,181
6048,2015,77,1,133,133
6049,2016,94,3,263,789
6050,2016,111,1,206,206
6051,2016,26,3,393,1179
6052,2016,99,3,280,840
6053,2017,3,1,282,282
6054,2017,98,2,264,528
6055,2017,17,2,382,764
6056,2018,102,2,214,428
6057,2018,15,2,78,156
6058,2018,79,1,427,427
6059,2018,38,3,265,795
6060,2019,37,3,376,1128
6061,2019,23,3,315,945
6062,2019,116,1,253,253
6063,2019,113,3,128,384
6064,2020,47,1,83,83
6065,2020,42,1,414,414
6066,2020,53,3,166,498
6067,2021,39,3,389,1167
6068,2021,19,2,297,594
6069,2021,88,2,393,786
6070,2022,112,2,360,720
6071,2022,57,1,429,429
6072,2023,7,2,375,750
6073,2023,76,3,303,909
6074,2024,27,2,287,574
6075,2024,117,1,157,157
6076,2024,110,2,315,630
6077,2025,96,3,402,1206
6078,2025,20,1,184,184
6079,2025,65,3,186,558
6080,2026,25,3,292,876
6081,2026,84,2,234,468
6082,2026,4,1,209,209
6083,2026,21,3,265,795
6084,2027,74,1,375,375
6085,2027,60,3,330,990
6086,2027,72,3,182,546
6087,2027,4,1,209,209
6088,2028,53,3,166,498
6089,2028,45,3,200,600
6090,2028,98,3,264,792
6091,2029,77,1,133,133
6092,2029,87,2,362,724
6093,2029,81,2,306,612
6094,2029,108,1,235,235
6095,2030,51,1,206,206
6096,2030,21,1,265,265
6097,2031,101,1,195,195
6098,2031,49,2,201,402
6099,2031,99,3,280,840
6100,2032,73,1,167,167
6101,2032,37,3,376,1128
6102,2032,46,2,233,466
6103,2033,15,2,78,156
6104,2033,74,2,375,750
6105,2034,26,2,393,786
6106,2034,5,3,305,915
6107,2034,36,3,253,759
6108,2035,87,3,362,1086
6109,2035,1,3,280,840
6110,2036,84,2,234,468
6111,2036,62,1,155,155
6112,2036,86,3,234,702
6113,2037,78,2,236,472
6114,2037,31,1,360,360
6115,2037,16,3,178,534
6116,2038,114,2,284,568
6117,2038,63,1,416,416
6118,2039,66,2,232,464
6119,2039,8,2,137,274
6120,2040,9,2,384,768
6121,2040,97,1,136,136
6122,2041,60,3,330,990
6123,2041,89,3,265,795
6124,2041,91,2,192,384
6125,2041,82,3,256,768
6126,2042,110,1,315,315
6127,2042,115,3,394,1182
6128,2042,57,1,429,429
6129,2042,44,1,263,263
6130,2043,29,1,174,174
6131,2043,50,2,243,486
6132,2043,88,3,393,1179
6133,2043,116,3,253,759
6134,2044,38,1,265,265
6135,2044,6,3,145,435
6136,2045,54,2,389,778
6137,2045,110,3,315,945
6138,2046,16,3,178,534
6139,2046,105,3,275,825
6140,2046,3,3,282,846
6141,2046,73,3,167,501
6142,2047,110,1,315,315
6143,2047,17,2,382,764
6144,2047,94,1,263,263
6145,2048,54,2,389,778
6146,2048,114,1,284,284
6147,2048,79,1,427,427
6148,2048,44,3,263,789
6149,2049,10,1,372,372
6150,2049,116,3,253,759
6151,2049,33,1,237,237
6152,2049,41,2,232,464
6153,2050,101,2,195,390
6154,2050,8,3,137,411
6155,2051,92,3,156,468
6156,2051,48,3,263,789
6157,2051,57,2,429,858
6158,2051,27,2,287,574
6159,2052,109,2,119,238
6160,2052,98,2,264,528
6161,2052,73,2,167,334
6162,2053,86,1,234,234
6163,2053,43,1,362,362
6164,2053,66,3,232,696
6165,2053,91,2,192,384
6166,2054,41,1,232,232
6167,2054,13,1,102,102
6168,2054,110,2,315,630
6169,2055,99,1,280,280
6170,2055,38,1,265,265
6171,2056,75,2,259,518
6172,2056,21,2,265,530
6173,2057,24,2,327,654
6174,2057,42,1,414,414
6175,2058,8,2,137,274
6176,2058,86,1,234,234
6177,2058,87,2,362,724
6178,2058,88,1,393,393
6179,2059,15,3,78,234
6180,2059,30,3,267,801
6181,2059,111,1,206,206
6182,2059,78,2,236,472
6183,2060,24,1,327,327
6184,2060,35,2,190,380
6185,2061,103,3,298,894
6186,2061,110,3,315,945
6187,2061,19,3,297,891
6188,2062,98,1,264,264
6189,2062,18,3,198,594
6190,2062,84,2,234,468
6191,2063,60,1,330,330
6192,2063,119,1,133,133
6193,2063,24,3,327,981
6194,2063,23,3,315,945
6195,2064,35,3,190,570
6196,2064,67,2,87,174
6197,2064,35,1,190,190
6198,2064,16,3,178,534
6199,2065,46,3,233,699
6200,2065,70,2,228,456
6201,2066,28,3,233,699
6202,2066,47,1,83,83
6203,2066,91,3,192,576
6204,2066,59,1,296,296
6205,2067,48,1,263,263
6206,2067,73,3,167,501
6207,2068,1,1,280,280
6208,2068,113,2,128,256
6209,2068,70,2,228,456
6210,2068,102,2,214,428
6211,2069,108,3,235,705
6212,2069,37,1,376,376
6213,2069,34,1,167,167
6214,2069,3,3,282,846
6215,2070,55,1,379,379
6216,2070,57,1,429,429
6217,2070,10,2,372,744
6218,2071,50,1,243,243
6219,2071,120,1,159,159
6220,2071,29,2,174,348
6221,2072,36,3,253,759
6222,2072,102,3,214,642
6223,2073,99,2,280,560
6224,2073,88,3,393,1179
6225,2074,82,3,256,768
6226,2074,88,1,393,393
6227,2074,68,2,393,786
6228,2074,113,3,128,384
6229,2075,70,2,228,456
6230,2075,2,1,417,417
6231,2075,120,2,159,318
6232,2076,90,3,393,1179
6233,2076,32,1,266,266
6234,2076,2,1,417,417
6235,2076,1,1,280,280
6236,2077,48,2,263,526
6237,2077,56,1,186,186
6238,2077,91,2,192,384
6239,2077,37,3,376,1128
6240,2078,98,2,264,528
6241,2078,54,3,389,1167
6242,2078,55,3,379,1137
6243,2079,15,2,78,156
6244,2079,3,1,282,282
6245,2079,54,2,389,778
6246,2080,106,1,181,181
6247,2080,63,2,416,832
6248,2080,82,2,256,512
6249,2081,52,2,463,926
6250,2081,87,2,362,724
6251,2081,54,1,389,389
6252,2082,42,2,414,828
6253,2082,94,2,263,526
6254,2082,3,1,282,282
6255,2082,6,2,145,290
6256,2083,86,1,234,234
6257,2083,101,3,195,585
6258,2083,83,3,230,690
6259,2084,49,3,201,603
6260,2084,32,2,266,532
6261,2084,91,2,192,384
6262,2085,34,3,167,501
6263,2085,98,2,264,528
6264,2086,93,1,287,287
6265,2086,109,3,119,357
6266,2086,44,1,263,263
6267,2086,75,3,259,777
6268,2087,45,3,200,600
6269,2087,42,1,414,414
6270,2088,119,3,133,399
6271,2088,118,3,190,570
6272,2088,66,3,232,696
6273,2089,89,3,265,795
6274,2089,7,2,375,750
6275,2090,87,1,362,362
6276,2090,98,1,264,264
6277,2091,98,1,264,264
6278,2091,69,3,231,693
6279,2091,119,1,133,133
6280,2092,1,1,280,280
6281,2092,101,3,195,585
6282,2092,35,1,190,190
6283,2093,113,2,128,256
6284,2093,55,2,379,758
6285,2093,87,3,362,1086
6286,2094,32,2,266,532
6287,2094,113,2,128,256
6288,2094,107,1,256,256
6289,2094,95,1,331,331
6290,2095,52,2,463,926
6291,2095,16,3,178,534
6292,2096,35,3,190,570
6293,2096,99,1,280,280
6294,2097,12,2,218,436
6295,2097,76,3,303,909
6296,2098,52,1,463,463
6297,2098,42,2,414,828
6298,2098,7,3,375,1125
6299,2098,94,1,263,263
6300,2099,100,1,271,271
6301,2099,82,2,256,512
6302,2099,90,3,393,1179
6303,2100,61,1,222,222
6304,2100,23,2,315,630
6305,2100,52,1,463,463
6306,2101,62,1,155,155
6307,2101,119,1,133,133
6308,2101,18,1,198,198
6309,2102,26,1,393,393
6310,2102,66,3,232,696
6311,2102,63,1,416,416
6312,2102,101,3,195,585
6313,2103,54,2,389,778
6314,2103,118,2,190,380
6315,2103,36,2,253,506
6316,2103,31,3,360,1080
6317,2104,39,1,389,389
6318,2104,85,3,309,927
6319,2105,117,2,157,314
6320,2105,108,1,235,235
6321,2105,5,2,305,610
6322,2106,108,1,235,235
6323,2106,76,2,303,606
6324,2107,3,1,282,282
6325,2107,108,2,235,470
6326,2107,42,1,414,414
6327,2108,13,2,102,204
6328,2108,64,1,284,284
6329,2108,32,1,266,266
6330,2109,54,3,389,1167
6331,2109,90,1,393,393
6332,2109,20,1,184,184
6333,2109,11,3,282,846
6334,2110,17,2,382,764
6335,2110,51,1,206,206
6336,2110,20,3,184,552
6337,2110,68,2,393,786
6338,2111,8,3,137,411
6339,2111,96,2,402,804
6340,2112,82,1,256,256
6341,2112,58,1,304,304
6342,2112,99,1,280,280
6343,2113,56,2,186,372
6344,2113,11,1,282,282
6345,2114,62,3,155,465
6346,2114,73,1,167,167
6347,2115,69,1,231,231
6348,2115,59,1,296,296
6349,2115,56,2,186,372
6350,2116,6,3,145,435
6351,2116,16,3,178,534
6352,2117,59,1,296,296
6353,2117,49,3,201,603
6354,2117,89,2,265,530
6355,2118,88,2,393,786
6356,2118,46,1,233,233
6357,2118,10,2,372,744
6358,2119,23,2,315,630
6359,2119,2,1,417,417
6360,2120,111,2,206,412
6361,2120,12,3,218,654
6362,2120,1,2,280,560
6363,2120,99,1,280,280
6364,2121,120,1,159,159
6365,2121,120,1,159,159
6366,2121,46,3,233,699
6367,2121,23,3,315,945
6368,2122,45,3,200,600
6369,2122,103,2,298,596
6370,2123,63,1,416,416
6371,2123,10,2,372,744
6372,2124,83,2,230,460
6373,2124,113,2,128,256
6374,2125,116,1,253,253
6375,2125,112,3,360,1080
6376,2125,120,3,159,477
6377,2126,76,3,303,909
6378,2126,43,1,362,362
6379,2126,73,3,167,501
6380,2127,30,2,267,534
6381,2127,98,3,264,792
6382,2127,3,3,282,846
6383,2128,56,1,186,186
6384,2128,40,3,347,1041
6385,2128,12,3,218,654
6386,2129,63,1,416,416
6387,2129,60,1,330,330
6388,2129,79,3,427,1281
6389,2130,58,3,304,912
6390,2130,25,1,292,292
6391,2131,61,3,222,666
6392,2131,118,1,190,190
6393,2132,87,2,362,724
6394,2132,102,3,214,642
6395,2132,58,1,304,304
6396,2132,113,2,128,256
6397,2133,101,1,195,195
6398,2133,68,1,393,393
6399,2134,54,3,389,1167
6400,2134,84,3,234,702
6401,2134,72,1,182,182
6402,2134,74,2,375,750
6403,2135,47,3,83,249
6404,2135,101,1,195,195
6405,2135,2,3,417,1251
6406,2135,33,3,237,711
6407,2136,25,2,292,584
6408,2136,100,2,271,542
6409,2137,15,2,78,156
6410,2137,73,3,167,501
6411,2137,45,3,200,600
6412,2138,77,3,133,399
6413,2138,105,1,275,275
6414,2138,64,1,284,284
6415,2139,41,2,232,464
6416,2139,104,2,137,274
6417,2140,101,3,195,585
6418,2140,15,3,78,234
6419,2141,60,3,330,990
6420,2141,104,2,137,274
6421,2142,117,3,157,471
6422,2142,8,1,137,137
6423,2142,76,2,303,606
6424,2142,73,2,167,334
6425,2143,22,1,290,290
6426,2143,88,3,393,1179
6427,2144,68,1,393,393
6428,2144,62,2,155,310
6429,2145,71,2,246,492
6430,2145,44,1,263,263
6431,2146,13,2,102,204
6432,2146,60,1,330,330
6433,2147,92,1,156,156
6434,2147,78,3,236,708
6435,2148,40,2,347,694
6436,2148,73,1,167,167
6437,2149,99,3,280,840
6438,2149,39,2,389,778
6439,2150,25,2,292,584
6440,2150,63,1,416,416
6441,2151,63,3,416,1248
6442,2151,15,1,78,78
6443,2152,98,1,264,264
6444,2152,41,3,232,696
6445,2153,117,2,157,314
6446,2153,103,3,298,894
6447,2154,24,2,327,654
6448,2154,13,3,102,306
6449,2154,103,2,298,596
6450,2155,49,2,201,402
6451,2155,90,1,393,393
6452,2155,111,3,206,618
6453,2155,9,1,384,384
6454,2156,65,2,186,372
6455,2156,78,1,236,236
6456,2156,9,2,384,768
6457,2156,58,3,304,912
6458,2157,94,1,263,263
6459,2157,48,1,263,263
6460,2158,12,1,218,218
6461,2158,7,1,375,375
6462,2158,108,3,235,705
6463,2158,119,2,133,266
6464,2159,104,2,137,274
6465,2159,57,3,429,1287
6466,2160,78,2,236,472
6467,2160,54,2,389,778
6468,2160,101,3,195,585
6469,2160,68,2,393,786
6470,2161,44,2,263,526
6471,2161,5,2,305,610
6472,2161,102,2,214,428
6473,2162,103,3,298,894
6474,2162,9,2,384,768
6475,2163,97,3,136,408
6476,2163,40,2,347,694
6477,2163,98,3,264,792
6478,2164,95,2,331,662
6479,2164,4,3,209,627
6480,2165,79,1,427,427
6481,2165,7,1,375,375
6482,2166,2,3,417,1251
6483,2166,113,2,128,256
6484,2167,59,1,296,296
6485,2167,77,3,133,399
6486,2168,45,3,200,600
6487,2168,63,2,416,832
6488,2168,85,2,309,618
6489,2168,100,2,271,542
6490,2169,55,1,379,379
6491,2169,101,3,195,585
6492,2169,98,2,264,528
6493,2169,55,2,379,758
6494,2170,43,3,362,1086
6495,2170,9,2,384,768
6496,2170,30,3,267,801
6497,2171,65,3,186,558
6498,2171,65,2,186,372
6499,2172,9,3,384,1152
6500,2172,15,2,78,156
6501,2173,38,1,265,265
6502,2173,118,1,190,190
6503,2173,64,1,284,284
6504,2174,51,3,206,618
6505,2174,28,1,233,233
6506,2175,72,3,182,546
6507,2175,2,1,417,417
6508,2175,99,3,280,840
6509,2176,5,3,305,915
6510,2176,30,3,267,801
6511,2176,109,2,119,238
6512,2177,104,1,137,137
6513,2177,33,2,237,474
6514,2178,71,2,246,492
6515,2178,57,3,429,1287
6516,2178,16,2,178,356
6517,2178,20,2,184,368
6518,2179,100,2,271,542
6519,2179,41,3,232,696
6520,2179,60,2,330,660
6521,2180,116,1,253,253
6522,2180,43,3,362,1086
6523,2181,6,2,145,290
6524,2181,61,2,222,444
6525,2181,41,1,232,232
6526,2181,117,1,157,157
6527,2182,46,3,233,699
6528,2182,67,2,87,174
6529,2182,50,3,243,729
6530,2183,29,2,174,348
6531,2183,63,3,416,1248
6532,2184,33,2,237,474
6533,2184,100,2,271,542
6534,2184,60,2,330,660
6535,2185,68,1,393,393
6536,2185,23,2,315,630
6537,2186,63,3,416,1248
6538,2186,59,1,296,296
6539,2187,53,1,166,166
6540,2187,15,3,78,234
6541,2188,4,3,209,627
6542,2188,54,2,389,778
6543,2188,46,2,233,466
6544,2188,53,1,166,166
6545,2189,73,1,167,167
6546,2189,89,2,265,530
6547,2189,69,2,231,462
6548,2189,28,1,233,233
6549,2190,117,2,157,314
6550,2190,41,3,232,696
6551,2190,98,1,264,264
6552,2190,27,2,287,574
6553,2191,73,3,167,501
6554,2191,13,1,102,102
6555,2192,104,2,137,274
6556,2192,56,2,186,372
6557,2193,33,1,237,237
6558,2193,107,2,256,512
6559,2193,72,2,182,364
6560,2193,110,1,315,315
6561,2194,12,3,218,654
6562,2194,99,1,280,280
6563,2194,103,2,298,596
6564,2194,12,2,218,436
6565,2195,90,3,393,1179
6566,2195,5,2,305,610
6567,2195,97,3,136,408
6568,2196,20,3,184,552
6569,2196,60,3,330,990
6570,2197,6,3,145,435
6571,2197,4,3,209,627
6572,2197,105,2,275,550
6573,2198,53,3,166,498
6574,2198,55,2,379,758
6575,2198,79,2,427,854
6576,2199,99,2,280,560
6577,2199,75,3,259,777
6578,2199,7,3,375,1125
6579,2199,115,3,394,1182
6580,2200,12,3,218,654
6581,2200,15,1,78,78
6582,2201,65,2,186,372
6583,2201,7,2,375,750
6584,2201,38,2,265,530
6585,2202,92,1,156,156
6586,2202,118,2,190,380
6587,2202,8,1,137,137
6588,2203,94,3,263,789
6589,2203,37,1,376,376
6590,2204,75,1,259,259
6591,2204,97,3,136,408
6592,2204,106,3,181,543
6593,2204,94,2,263,526
6594,2205,20,3,184,552
6595,2205,10,1,372,372
6596,2205,102,3,214,642
6597,2206,51,3,206,618
6598,2206,85,2,309,618
6599,2207,69,2,231,462
6600,2207,79,3,427,1281
6601,2208,73,1,167,167
6602,2208,83,1,230,230
6603,2209,22,1,290,290
6604,2209,71,3,246,738
6605,2210,40,3,347,1041
6606,2210,12,3,218,654
6607,2210,8,1,137,137
6608,2211,10,2,372,744
6609,2211,57,3,429,1287
6610,2212,71,2,246,492
6611,2212,3,2,282,564
6612,2213,109,1,119,119
6613,2213,78,2,236,472
6614,2213,50,3,243,729
6615,2213,50,1,243,243
6616,2214,71,1,246,246
6617,2214,12,1,218,218
6618,2214,18,1,198,198
6619,2214,72,2,182,364
6620,2215,75,1,259,259
6621,2215,116,3,253,759
6622,2215,106,1,181,181
6623,2215,32,1,266,266
6624,2216,8,1,137,137
6625,2216,39,1,389,389
6626,2216,24,3,327,981
6627,2217,46,2,233,466
6628,2217,85,2,309,618
6629,2217,36,1,253,253
6630,2217,84,1,234,234
6631,2218,22,2,290,580
6632,2218,89,3,265,795
6633,2218,93,1,287,287
6634,2218,64,1,284,284
6635,2219,96,1,402,402
6636,2219,57,3,429,1287
6637,2219,32,1,266,266
6638,2219,78,1,236,236
6639,2220,48,1,263,263
6640,2220,62,3,155,465
6641,2220,4,2,209,418
6642,2220,113,1,128,128
6643,2221,82,1,256,256
6644,2221,54,3,389,1167
6645,2221,2,2,417,834
6646,2222,20,1,184,184
6647,2222,120,2,159,318
6648,2222,106,2,181,362
6649,2222,54,2,389,778
6650,2223,118,3,190,570
6651,2223,5,1,305,305
6652,2224,16,3,178,534
6653,2224,71,3,246,738
6654,2225,81,3,306,918
6655,2225,31,3,360,1080
6656,2225,4,2,209,418
6657,2225,115,3,394,1182
6658,2226,66,3,232,696
6659,2226,112,3,360,1080
6660,2226,96,2,402,804
6661,2227,2,2,417,834
6662,2227,4,3,209,627
6663,2227,119,3,133,399
6664,2227,52,3,463,1389
6665,2228,13,2,102,204
6666,2228,119,1,133,133
6667,2228,58,2,304,608
6668,2229,13,3,102,306
6669,2229,34,3,167,501
6670,2230,106,3,181,543
6671,2230,65,2,186,372
6672,2230,9,3,384,1152
6673,2231,94,2,263,526
6674,2231,68,2,393,786
6675,2232,33,1,237,237
6676,2232,5,2,305,610
6677,2232,72,1,182,182
6678,2233,109,1,119,119
6679,2233,106,1,181,181
6680,2233,99,2,280,560
6681,2233,40,2,347,694
6682,2234,118,2,190,380
6683,2234,7,2,375,750
6684,2234,26,2,393,786
6685,2235,63,1,416,416
6686,2235,118,2,190,380
6687,2235,29,1,174,174
6688,2235,116,1,253,253
6689,2236,33,2,237,474
6690,2236,46,1,233,233
6691,2236,19,2,297,594
6692,2236,60,3,330,990
6693,2237,63,3,416,1248
6694,2237,53,3,166,498
6695,2237,105,2,275,550
6696,2238,22,2,290,580
6697,2238,9,2,384,768
6698,2238,73,3,167,501
6699,2239,2,2,417,834
6700,2239,106,3,181,543
6701,2240,21,1,265,265
6702,2240,10,1,372,372
6703,2241,56,2,186,372
6704,2241,48,3,263,789
6705,2241,116,2,253,506
6706,2241,27,3,287,861
6707,2242,78,1,236,236
6708,2242,10,1,372,372
6709,2242,82,1,256,256
6710,2242,78,1,236,236
6711,2243,73,1,167,167
6712,2243,75,1,259,259
6713,2243,1,3,280,840
6714,2244,41,3,232,696
6715,2244,17,1,382,382
6716,2244,63,2,416,832
6717,2244,94,2,263,526
6718,2245,79,3,427,1281
6719,2245,81,1,306,306
6720,2245,91,3,192,576
6721,2245,56,1,186,186
6722,2246,68,1,393,393
6723,2246,25,2,292,584
6724,2247,76,3,303,909
6725,2247,38,1,265,265
6726,2248,14,2,240,480
6727,2248,85,1,309,309
6728,2248,58,3,304,912
6729,2248,6,3,145,435
6730,2249,98,1,264,264
6731,2249,13,3,102,306
6732,2250,111,3,206,618
6733,2250,79,1,427,427
6734,2251,45,3,200,600
6735,2251,34,3,167,501
6736,2251,25,2,292,584
6737,2251,61,2,222,444
6738,2252,2,1,417,417
6739,2252,67,2,87,174
6740,2253,93,3,287,861
6741,2253,64,1,284,284
6742,2253,23,3,315,945
6743,2254,46,2,233,466
6744,2254,88,1,393,393
6745,2255,84,2,234,468
6746,2255,13,3,102,306
6747,2255,12,1,218,218
6748,2255,73,3,167,501
6749,2256,62,2,155,310
6750,2256,57,2,429,858
6751,2257,118,3,190,570
6752,2257,88,3,393,1179
6753,2257,72,3,182,546
6754,2258,40,1,347,347
6755,2258,11,2,282,564
6756,2259,103,1,298,298
6757,2259,76,1,303,303
6758,2260,38,3,265,795
6759,2260,20,1,184,184
6760,2260,43,2,362,724
6761,2261,96,3,402,1206
6762,2261,97,2,136,272
6763,2261,21,1,265,265
6764,2262,44,3,263,789
6765,2262,72,2,182,364
6766,2262,55,2,379,758
6767,2263,81,3,306,918
6768,2263,115,1,394,394
6769,2263,92,2,156,312
6770,2263,100,1,271,271
6771,2264,26,1,393,393
6772,2264,81,3,306,918
6773,2265,115,3,394,1182
6774,2265,70,3,228,684
6775,2266,105,1,275,275
6776,2266,11,3,282,846
6777,2266,25,3,292,876
6778,2267,15,1,78,78
6779,2267,50,3,243,729
6780,2267,16,1,178,178
6781,2268,112,1,360,360
6782,2268,97,3,136,408
6783,2268,43,2,362,724
6784,2268,104,2,137,274
6785,2269,15,1,78,78
6786,2269,81,2,306,612
6787,2270,57,2,429,858
6788,2270,83,1,230,230
6789,2270,83,1,230,230
6790,2271,98,3,264,792
6791,2271,58,1,304,304
6792,2272,13,3,102,306
6793,2272,21,3,265,795
6794,2273,39,2,389,778
6795,2273,25,2,292,584
6796,2273,86,3,234,702
6797,2274,11,2,282,564
6798,2274,108,2,235,470
6799,2274,113,2,128,256
6800,2275,116,2,253,506
6801,2275,8,3,137,411
6802,2275,8,3,137,411
6803,2275,1,1,280,280
6804,2276,63,2,416,832
6805,2276,15,1,78,78
6806,2276,51,3,206,618
6807,2277,21,2,265,530
6808,2277,10,3,372,1116
6809,2277,100,3,271,813
6810,2278,54,3,389,1167
6811,2278,114,3,284,852
6812,2278,72,2,182,364
6813,2279,100,1,271,271
6814,2279,54,2,389,778
6815,2279,109,3,119,357
6816,2279,39,2,389,778
6817,2280,45,2,200,400
6818,2280,17,2,382,764
6819,2281,8,1,137,137
6820,2281,19,3,297,891
6821,2281,93,2,287,574
6822,2282,15,3,78,234
6823,2282,38,1,265,265
6824,2282,112,1,360,360
6825,2283,75,1,259,259
6826,2283,8,3,137,411
6827,2283,68,3,393,1179
6828,2283,21,2,265,530
6829,2284,104,1,137,137
6830,2284,7,1,375,375
6831,2285,19,3,297,891
6832,2285,119,3,133,399
6833,2285,109,1,119,119
6834,2285,59,2,296,592
6835,2286,60,2,330,660
6836,2286,118,1,190,190
6837,2286,79,3,427,1281
6838,2286,23,2,315,630
6839,2287,14,2,240,480
6840,2287,24,2,327,654
6841,2287,13,3,102,306
6842,2288,98,2,264,528
6843,2288,76,2,303,606
6844,2289,107,3,256,768
6845,2289,9,3,384,1152
6846,2289,64,3,284,852
6847,2289,112,3,360,1080
6848,2290,107,3,256,768
6849,2290,29,1,174,174
6850,2290,61,2,222,444
6851,2290,65,2,186,372
6852,2291,111,1,206,206
6853,2291,11,2,282,564
6854,2292,44,2,263,526
6855,2292,28,3,233,699
6856,2293,26,3,393,1179
6857,2293,83,3,230,690
6858,2294,47,1,83,83
6859,2294,28,2,233,466
6860,2295,108,3,235,705
6861,2295,51,3,206,618
6862,2295,3,1,282,282
6863,2296,105,3,275,825
6864,2296,32,2,266,532
6865,2296,30,1,267,267
6866,2296,22,3,290,870
6867,2297,16,3,178,534
6868,2297,75,3,259,777
6869,2298,109,3,119,357
6870,2298,60,2,330,660
6871,2298,114,1,284,284
6872,2299,8,1,137,137
6873,2299,99,2,280,560
6874,2299,70,1,228,228
6875,2300,106,3,181,543
6876,2300,42,3,414,1242
6877,2300,75,3,259,777
6878,2301,5,3,305,915
6879,2301,75,2,259,518
6880,2301,7,1,375,375
6881,2302,35,1,190,190
6882,2302,101,1,195,195
6883,2303,21,2,265,530
6884,2303,3,3,282,846
6885,2304,10,1,372,372
6886,2304,41,3,232,696
6887,2304,61,2,222,444
6888,2304,16,3,178,534
6889,2305,109,3,119,357
6890,2305,103,1,298,298
6891,2305,115,2,394,788
6892,2305,47,1,83,83
6893,2306,55,2,379,758
6894,2306,116,3,253,759
6895,2307,72,1,182,182
6896,2307,48,2,263,526
6897,2307,73,3,167,501
6898,2307,24,3,327,981
6899,2308,83,3,230,690
6900,2308,21,2,265,530
6901,2308,23,3,315,945
6902,2309,114,1,284,284
6903,2309,16,3,178,534
6904,2309,106,3,181,543
6905,2310,28,2,233,466
6906,2310,67,3,87,261
6907,2310,37,1,376,376
6908,2311,78,1,236,236
6909,2311,86,2,234,468
6910,2311,30,2,267,534
6911,2311,79,1,427,427
6912,2312,51,2,206,412
6913,2312,57,1,429,429
6914,2312,35,2,190,380
6915,2313,56,3,186,558
6916,2313,118,2,190,380
6917,2314,93,1,287,287
6918,2314,83,2,230,460
6919,2314,84,1,234,234
6920,2314,41,3,232,696
6921,2315,68,3,393,1179
6922,2315,108,2,235,470
6923,2315,20,1,184,184
6924,2315,107,1,256,256
6925,2316,74,1,375,375
6926,2316,77,2,133,266
6927,2316,40,2,347,694
6928,2317,1,3,280,840
6929,2317,120,3,159,477
6930,2318,12,1,218,218
6931,2318,71,3,246,738
6932,2318,40,3,347,1041
6933,2319,106,2,181,362
6934,2319,78,2,236,472
6935,2320,79,1,427,427
6936,2320,97,2,136,272
6937,2320,54,3,389,1167
6938,2320,32,1,266,266
6939,2321,119,2,133,266
6940,2321,4,2,209,418
6941,2322,23,2,315,630
6942,2322,30,3,267,801
6943,2322,32,1,266,266
6944,2322,70,3,228,684
6945,2323,92,1,156,156
6946,2323,66,2,232,464
6947,2323,108,3,235,705
6948,2324,99,1,280,280
6949,2324,82,3,256,768
6950,2324,41,2,232,464
6951,2324,108,2,235,470
6952,2325,70,2,228,456
6953,2325,91,3,192,576
6954,2326,63,2,416,832
6955,2326,90,2,393,786
6956,2327,8,2,137,274
6957,2327,7,3,375,1125
6958,2327,76,3,303,909
6959,2328,75,3,259,777
6960,2328,73,3,167,501
6961,2328,110,3,315,945
6962,2328,33,1,237,237
6963,2329,5,1,305,305
6964,2329,100,2,271,542
6965,2329,72,1,182,182
6966,2329,74,3,375,1125
6967,2330,9,1,384,384
6968,2330,106,3,181,543
6969,2331,32,2,266,532
6970,2331,54,2,389,778
6971,2331,101,3,195,585
6972,2331,110,3,315,945
6973,2332,28,3,233,699
6974,2332,48,1,263,263
6975,2332,50,1,243,243
6976,2333,35,1,190,190
6977,2333,96,1,402,402
6978,2333,44,2,263,526
6979,2333,30,3,267,801
6980,2334,39,2,389,778
6981,2334,76,3,303,909
6982,2334,27,3,287,861
6983,2335,72,1,182,182
6984,2335,90,1,393,393
6985,2336,8,1,137,137
6986,2336,94,2,263,526
6987,2336,114,2,284,568
6988,2337,44,3,263,789
6989,2337,60,3,330,990
6990,2337,89,2,265,530
6991,2337,25,3,292,876
6992,2338,44,3,263,789
6993,2338,10,2,372,744
6994,2339,99,2,280,560
6995,2339,2,2,417,834
6996,2339,78,2,236,472
6997,2340,54,2,389,778
6998,2340,37,2,376,752
6999,2341,46,3,233,699
7000,2341,56,1,186,186
7001,2341,80,2,237,474
7002,2341,87,3,362,1086
7003,2342,102,3,214,642
7004,2342,4,2,209,418
7005,2342,119,1,133,133
7006,2343,67,3,87,261
7007,2343,112,3,360,1080
7008,2344,82,3,256,768
7009,2344,36,1,253,253
7010,2345,79,2,427,854
7011,2345,42,1,414,414
7012,2345,40,2,347,694
7013,2346,46,1,233,233
7014,2346,20,2,184,368
7015,2347,5,1,305,305
7016,2347,3,3,282,846
7017,2347,117,1,157,157
7018,2348,45,1,200,200
7019,2348,108,3,235,705
7020,2348,61,3,222,666
7021,2348,41,2,232,464
7022,2349,85,1,309,309
7023,2349,6,2,145,290
7024,2349,53,1,166,166
7025,2349,84,2,234,468
7026,2350,4,3,209,627
7027,2350,92,1,156,156
7028,2350,102,3,214,642
7029,2350,61,2,222,444
7030,2351,60,3,330,990
7031,2351,10,1,372,372
7032,2351,40,2,347,694
7033,2351,119,2,133,266
7034,2352,43,3,362,1086
7035,2352,66,2,232,464
7036,2352,7,2,375,750
7037,2352,83,2,230,460
7038,2353,93,2,287,574
7039,2353,34,1,167,167
7040,2353,23,2,315,630
7041,2353,59,3,296,888
7042,2354,57,1,429,429
7043,2354,90,1,393,393
7044,2355,1,3,280,840
7045,2355,12,3,218,654
7046,2355,113,3,128,384
7047,2355,35,1,190,190
7048,2356,90,2,393,786
7049,2356,80,2,237,474
7050,2356,6,2,145,290
7051,2357,17,2,382,764
7052,2357,36,3,253,759
7053,2357,55,3,379,1137
7054,2358,69,1,231,231
7055,2358,85,2,309,618
7056,2358,61,3,222,666
7057,2359,50,2,243,486
7058,2359,15,3,78,234
7059,2359,104,2,137,274
7060,2359,90,3,393,1179
7061,2360,113,2,128,256
7062,2360,11,3,282,846
7063,2360,111,3,206,618
7064,2360,68,2,393,786
7065,2361,102,1,214,214
7066,2361,10,3,372,1116
7067,2361,39,1,389,389
7068,2361,63,3,416,1248
7069,2362,67,1,87,87
7070,2362,105,3,275,825
7071,2363,4,2,209,418
7072,2363,5,3,305,915
7073,2364,90,2,393,786
7074,2364,118,2,190,380
7075,2364,69,2,231,462
7076,2364,51,1,206,206
7077,2365,78,3,236,708
7078,2365,17,1,382,382
7079,2365,57,3,429,1287
7080,2366,61,1,222,222
7081,2366,64,2,284,568
7082,2367,111,3,206,618
7083,2367,96,3,402,1206
7084,2367,85,1,309,309
7085,2368,16,3,178,534
7086,2368,10,3,372,1116
7087,2369,49,1,201,201
7088,2369,110,2,315,630
7089,2369,111,3,206,618
7090,2369,11,2,282,564
7091,2370,69,2,231,462
7092,2370,86,1,234,234
7093,2371,95,3,331,993
7094,2371,3,3,282,846
7095,2372,96,2,402,804
7096,2372,44,2,263,526
7097,2372,61,2,222,444
7098,2372,2,1,417,417
7099,2373,94,3,263,789
7100,2373,66,2,232,464
7101,2373,23,3,315,945
7102,2374,36,3,253,759
7103,2374,94,2,263,526
7104,2374,39,1,389,389
7105,2374,112,1,360,360
7106,2375,13,3,102,306
7107,2375,2,2,417,834
7108,2375,54,1,389,389
7109,2376,33,1,237,237
7110,2376,28,1,233,233
7111,2376,47,1,83,83
7112,2376,1,2,280,560
7113,2377,93,3,287,861
7114,2377,75,1,259,259
7115,2377,17,1,382,382
7116,2378,107,2,256,512
7117,2378,94,3,263,789
7118,2379,76,1,303,303
7119,2379,29,1,174,174
7120,2379,117,1,157,157
7121,2379,50,2,243,486
7122,2380,87,1,362,362
7123,2380,120,2,159,318
7124,2381,97,1,136,136
7125,2381,17,2,382,764
7126,2381,25,2,292,584
7127,2381,60,1,330,330
7128,2382,37,2,376,752
7129,2382,67,1,87,87
7130,2382,63,3,416,1248
7131,2382,108,2,235,470
7132,2383,58,2,304,608
7133,2383,95,3,331,993
7134,2383,94,2,263,526
7135,2383,116,3,253,759
7136,2384,45,2,200,400
7137,2384,37,3,376,1128
7138,2384,62,2,155,310
7139,2385,115,2,394,788
7140,2385,62,1,155,155
7141,2385,59,2,296,592
7142,2386,70,1,228,228
7143,2386,65,1,186,186
7144,2386,21,1,265,265
7145,2386,31,1,360,360
7146,2387,40,3,347,1041
7147,2387,73,1,167,167
7148,2387,74,1,375,375
7149,2387,114,2,284,568
7150,2388,9,2,384,768
7151,2388,30,1,267,267
7152,2389,114,2,284,568
7153,2389,94,3,263,789
7154,2390,110,1,315,315
7155,2390,53,2,166,332
7156,2391,72,1,182,182
7157,2391,3,3,282,846
7158,2391,51,2,206,412
7159,2392,52,1,463,463
7160,2392,95,3,331,993
7161,2393,19,3,297,891
7162,2393,52,2,463,926
7163,2393,60,3,330,990
7164,2394,61,1,222,222
7165,2394,21,1,265,265
7166,2394,93,2,287,574
7167,2395,41,3,232,696
7168,2395,16,2,178,356
7169,2396,50,2,243,486
7170,2396,63,1,416,416
7171,2397,47,2,83,166
7172,2397,106,3,181,543
7173,2397,62,1,155,155
7174,2398,65,2,186,372
7175,2398,15,3,78,234
7176,2399,102,3,214,642
7177,2399,73,3,167,501
7178,2399,12,2,218,436
7179,2400,105,3,275,825
7180,2400,27,3,287,861
7181,2400,40,2,347,694
7182,2400,31,2,360,720
7183,2401,43,1,362,362
7184,2401,109,1,119,119
7185,2401,92,3,156,468
7186,2401,16,1,178,178
7187,2402,13,1,102,102
7188,2402,40,3,347,1041
7189,2402,22,2,290,580
7190,2403,64,1,284,284
7191,2403,68,1,393,393
7192,2403,35,1,190,190
7193,2403,21,3,265,795
7194,2404,36,2,253,506
7195,2404,69,3,231,693
7196,2404,30,2,267,534
7197,2404,25,2,292,584
7198,2405,112,3,360,1080
7199,2405,77,1,133,133
7200,2405,7,3,375,1125
7201,2405,98,2,264,528
7202,2406,12,3,218,654
7203,2406,49,1,201,201
7204,2406,69,2,231,462
7205,2406,64,2,284,568
7206,2407,28,2,233,466
7207,2407,76,1,303,303
7208,2407,1,3,280,840
7209,2408,26,3,393,1179
7210,2408,95,3,331,993
7211,2409,54,2,389,778
7212,2409,109,3,119,357
7213,2409,120,2,159,318
7214,2409,21,2,265,530
7215,2410,76,3,303,909
7216,2410,81,3,306,918
7217,2410,99,2,280,560
7218,2410,29,3,174,522
7219,2411,16,2,178,356
7220,2411,64,2,284,568
7221,2412,47,2,83,166
7222,2412,84,2,234,468
7223,2413,110,3,315,945
7224,2413,99,3,280,840
7225,2413,116,2,253,506
7226,2413,120,3,159,477
7227,2414,1,3,280,840
7228,2414,42,1,414,414
7229,2414,120,2,159,318
7230,2414,75,1,259,259
7231,2415,16,3,178,534
7232,2415,103,3,298,894
7233,2415,76,3,303,909
7234,2416,48,1,263,263
7235,2416,53,1,166,166
7236,2416,109,3,119,357
7237,2417,2,1,417,417
7238,2417,61,1,222,222
7239,2417,53,1,166,166
7240,2418,77,2,133,266
7241,2418,113,1,128,128
7242,2418,116,3,253,759
7243,2418,48,3,263,789
7244,2419,21,3,265,795
7245,2419,85,3,309,927
7246,2419,117,1,157,157
7247,2420,104,1,137,137
7248,2420,92,1,156,156
7249,2420,33,1,237,237
7250,2421,66,2,232,464
7251,2421,47,2,83,166
7252,2422,74,3,375,1125
7253,2422,60,2,330,660
7254,2422,48,2,263,526
7255,2422,55,1,379,379
7256,2423,84,2,234,468
7257,2423,16,1,178,178
7258,2423,20,1,184,184
7259,2424,93,3,287,861
7260,2424,70,2,228,456
7261,2424,77,2,133,266
7262,2424,46,1,233,233
7263,2425,9,2,384,768
7264,2425,104,1,137,137
7265,2425,55,3,379,1137
7266,2425,74,1,375,375
7267,2426,98,3,264,792
7268,2426,68,3,393,1179
7269,2426,71,1,246,246
7270,2427,31,2,360,720
7271,2427,98,3,264,792
7272,2427,30,3,267,801
7273,2427,7,1,375,375
7274,2428,99,3,280,840
7275,2428,100,1,271,271
7276,2428,118,3,190,570
7277,2428,40,1,347,347
7278,2429,9,2,384,768
7279,2429,77,1,133,133
7280,2429,31,2,360,720
7281,2429,92,2,156,312
7282,2430,88,1,393,393
7283,2430,99,2,280,560
7284,2430,73,3,167,501
7285,2430,78,1,236,236
7286,2431,81,1,306,306
7287,2431,63,2,416,832
7288,2431,49,2,201,402
7289,2432,17,2,382,764
7290,2432,8,3,137,411
7291,2432,32,1,266,266
7292,2433,11,1,282,282
7293,2433,25,1,292,292
7294,2434,58,3,304,912
7295,2434,42,2,414,828
7296,2434,65,3,186,558
7297,2434,22,1,290,290
7298,2435,117,1,157,157
7299,2435,58,1,304,304
7300,2435,116,3,253,759
7301,2436,112,3,360,1080
7302,2436,116,2,253,506
7303,2436,85,3,309,927
7304,2436,113,3,128,384
7305,2437,75,2,259,518
7306,2437,33,1,237,237
7307,2437,113,2,128,256
7308,2438,82,1,256,256
7309,2438,71,1,246,246
7310,2438,15,3,78,234
7311,2438,36,2,253,506
7312,2439,66,2,232,464
7313,2439,64,3,284,852
7314,2439,45,1,200,200
7315,2439,61,2,222,444
7316,2440,22,1,290,290
7317,2440,81,1,306,306
7318,2440,4,1,209,209
7319,2441,70,2,228,456
7320,2441,96,1,402,402
7321,2441,41,1,232,232
7322,2441,49,2,201,402
7323,2442,115,2,394,788
7324,2442,20,3,184,552
7325,2442,83,3,230,690
7326,2442,58,3,304,912
7327,2443,94,1,263,263
7328,2443,58,1,304,304
7329,2443,59,2,296,592
7330,2444,75,3,259,777
7331,2444,84,3,234,702
7332,2444,113,1,128,128
7333,2445,3,3,282,846
7334,2445,23,1,315,315
7335,2446,86,1,234,234
7336,2446,32,3,266,798
7337,2446,118,3,190,570
7338,2446,100,1,271,271
7339,2447,28,2,233,466
7340,2447,91,3,192,576
7341,2447,72,1,182,182
7342,2447,6,1,145,145
7343,2448,28,1,233,233
7344,2448,40,1,347,347
7345,2448,27,2,287,574
7346,2449,60,1,330,330
7347,2449,41,3,232,696
7348,2449,87,1,362,362
7349,2450,48,1,263,263
7350,2450,117,1,157,157
7351,2450,80,2,237,474
7352,2450,104,2,137,274
7353,2451,94,1,263,263
7354,2451,76,1,303,303
7355,2452,85,3,309,927
7356,2452,96,1,402,402
7357,2453,103,2,298,596
7358,2453,113,1,128,128
7359,2454,16,2,178,356
7360,2454,91,3,192,576
7361,2454,22,2,290,580
7362,2455,77,2,133,266
7363,2455,85,2,309,618
7364,2455,37,2,376,752
7365,2455,68,3,393,1179
7366,2456,16,3,178,534
7367,2456,115,1,394,394
7368,2457,108,1,235,235
7369,2457,69,2,231,462
7370,2457,27,3,287,861
7371,2458,81,2,306,612
7372,2458,36,2,253,506
7373,2459,76,2,303,606
7374,2459,101,2,195,390
7375,2459,90,2,393,786
7376,2459,51,2,206,412
7377,2460,96,1,402,402
7378,2460,51,1,206,206
7379,2460,22,3,290,870
7380,2461,56,2,186,372
7381,2461,53,2,166,332
7382,2461,95,2,331,662
7383,2462,115,3,394,1182
7384,2462,68,1,393,393
7385,2462,37,2,376,752
7386,2463,58,3,304,912
7387,2463,68,3,393,1179
7388,2463,103,2,298,596
7389,2463,99,1,280,280
7390,2464,42,2,414,828
7391,2464,119,2,133,266
7392,2464,82,2,256,512
7393,2465,89,1,265,265
7394,2465,35,2,190,380
7395,2465,31,3,360,1080
7396,2465,92,3,156,468
7397,2466,81,1,306,306
7398,2466,18,2,198,396
7399,2466,21,1,265,265
7400,2467,80,3,237,711
7401,2467,71,3,246,738
7402,2467,98,3,264,792
7403,2467,48,2,263,526
7404,2468,92,3,156,468
7405,2468,44,3,263,789
7406,2468,120,3,159,477
7407,2469,81,1,306,306
7408,2469,83,2,230,460
7409,2470,79,2,427,854
7410,2470,62,2,155,310
7411,2471,34,1,167,167
7412,2471,80,2,237,474
7413,2472,118,2,190,380
7414,2472,2,3,417,1251
7415,2473,21,3,265,795
7416,2473,70,2,228,456
7417,2473,3,1,282,282
7418,2473,99,1,280,280
7419,2474,16,3,178,534
7420,2474,58,2,304,608
7421,2474,93,3,287,861
7422,2474,9,2,384,768
7423,2475,64,2,284,568
7424,2475,14,2,240,480
7425,2475,53,2,166,332
7426,2476,20,3,184,552
7427,2476,59,1,296,296
7428,2477,49,1,201,201
7429,2477,26,1,393,393
7430,2478,44,2,263,526
7431,2478,15,1,78,78
7432,2478,64,3,284,852
7433,2478,15,3,78,234
7434,2479,58,2,304,608
7435,2479,50,3,243,729
7436,2480,10,2,372,744
7437,2480,65,3,186,558
7438,2481,35,2,190,380
7439,2481,97,2,136,272
7440,2482,35,1,190,190
7441,2482,23,2,315,630
7442,2482,39,2,389,778
7443,2483,75,3,259,777
7444,2483,92,1,156,156
7445,2483,36,2,253,506
7446,2484,79,1,427,427
7447,2484,82,1,256,256
7448,2484,2,1,417,417
7449,2485,67,1,87,87
7450,2485,75,2,259,518
7451,2485,100,3,271,813
7452,2485,52,3,463,1389
7453,2486,34,3,167,501
7454,2486,112,2,360,720
7455,2486,25,1,292,292
7456,2487,35,1,190,190
7457,2487,5,3,305,915
7458,2488,1,3,280,840
7459,2488,78,1,236,236
7460,2488,88,2,393,786
7461,2489,20,3,184,552
7462,2489,108,3,235,705
7463,2490,30,3,267,801
7464,2490,78,2,236,472
7465,2490,63,3,416,1248
7466,2490,45,2,200,400
7467,2491,62,2,155,310
7468,2491,98,1,264,264
7469,2492,91,3,192,576
7470,2492,111,1,206,206
7471,2493,42,3,414,1242
7472,2493,22,3,290,870
7473,2494,116,1,253,253
7474,2494,16,2,178,356
7475,2494,49,1,201,201
7476,2495,22,2,290,580
7477,2495,24,1,327,327
7478,2495,92,2,156,312
7479,2496,40,2,347,694
7480,2496,60,3,330,990
7481,2496,106,1,181,181
7482,2497,53,2,166,332
7483,2497,29,1,174,174
7484,2498,10,1,372,372
7485,2498,117,1,157,157
7486,2499,47,1,83,83
7487,2499,103,1,298,298
7488,2500,52,3,463,1389
7489,2500,45,3,200,600
7490,2500,120,1,159,159
7491,2500,43,3,362,1086
7492,2501,11,2,282,564
7493,2501,59,3,296,888
7494,2502,49,1,201,201
7495,2502,105,1,275,275
7496,2503,88,1,393,393
7497,2503,84,3,234,702
7498,2503,47,2,83,166
7499,2503,72,3,182,546
7500,2504,90,2,393,786
7501,2504,35,2,190,380
7502,2504,22,1,290,290
7503,2504,66,2,232,464
7504,2505,85,3,309,927
7505,2505,87,2,362,724
7506,2505,22,2,290,580
7507,2506,58,1,304,304
7508,2506,87,2,362,724
7509,2507,37,1,376,376
7510,2507,71,3,246,738
7511,2508,24,3,327,981
7512,2508,90,1,393,393
7513,2508,17,1,382,382
7514,2509,33,1,237,237
7515,2509,29,3,174,522
7516,2510,43,3,362,1086
7517,2510,21,2,265,530
7518,2510,82,1,256,256
7519,2511,12,3,218,654
7520,2511,101,3,195,585
7521,2511,113,1,128,128
7522,2511,56,3,186,558
7523,2512,4,3,209,627
7524,2512,59,3,296,888
7525,2512,68,3,393,1179
7526,2512,91,1,192,192
7527,2513,98,2,264,528
7528,2513,82,1,256,256
7529,2513,102,3,214,642
7530,2513,37,2,376,752
7531,2514,94,1,263,263
7532,2514,70,2,228,456
7533,2515,11,3,282,846
7534,2515,3,3,282,846
7535,2516,64,3,284,852
7536,2516,107,1,256,256
7537,2517,4,1,209,209
7538,2517,26,3,393,1179
7539,2517,33,1,237,237
7540,2517,43,1,362,362
7541,2518,95,2,331,662
7542,2518,8,3,137,411
7543,2518,113,1,128,128
7544,2519,62,3,155,465
7545,2519,11,2,282,564
7546,2520,27,3,287,861
7547,2520,10,3,372,1116
7548,2521,60,2,330,660
7549,2521,1,2,280,560
7550,2521,1,3,280,840
7551,2521,41,2,232,464
7552,2522,107,3,256,768
7553,2522,44,3,263,789
7554,2522,89,1,265,265
7555,2522,93,2,287,574
7556,2523,47,2,83,166
7557,2523,30,2,267,534
7558,2523,32,1,266,266
7559,2524,102,1,214,214
7560,2524,103,2,298,596
7561,2524,71,1,246,246
7562,2524,13,1,102,102
7563,2525,3,2,282,564
7564,2525,11,1,282,282
7565,2526,57,2,429,858
7566,2526,112,2,360,720
7567,2526,57,1,429,429
7568,2526,109,1,119,119
7569,2527,85,3,309,927
7570,2527,97,1,136,136
7571,2527,112,1,360,360
7572,2527,75,2,259,518
7573,2528,109,3,119,357
7574,2528,115,3,394,1182
7575,2528,44,1,263,263
7576,2529,51,3,206,618
7577,2529,103,1,298,298
7578,2529,28,3,233,699
7579,2529,8,1,137,137
7580,2530,11,1,282,282
7581,2530,101,3,195,585
7582,2530,69,2,231,462
7583,2531,33,3,237,711
7584,2531,55,1,379,379
7585,2531,84,1,234,234
7586,2531,116,1,253,253
7587,2532,19,3,297,891
7588,2532,60,3,330,990
7589,2532,7,1,375,375
7590,2532,10,2,372,744
7591,2533,59,3,296,888
7592,2533,18,1,198,198
7593,2533,115,1,394,394
7594,2534,102,1,214,214
7595,2534,94,1,263,263
7596,2534,93,3,287,861
7597,2535,53,1,166,166
7598,2535,62,2,155,310
7599,2535,39,2,389,778
7600,2536,116,3,253,759
7601,2536,104,2,137,274
7602,2536,27,2,287,574
7603,2536,114,3,284,852
7604,2537,93,1,287,287
7605,2537,101,1,195,195
7606,2537,49,3,201,603
7607,2537,64,1,284,284
7608,2538,106,1,181,181
7609,2538,7,1,375,375
7610,2538,69,3,231,693
7611,2538,54,3,389,1167
7612,2539,106,2,181,362
7613,2539,103,2,298,596
7614,2540,98,2,264,528
7615,2540,66,3,232,696
7616,2540,115,3,394,1182
7617,2541,76,2,303,606
7618,2541,18,1,198,198
7619,2541,8,1,137,137
7620,2541,39,2,389,778
7621,2542,76,1,303,303
7622,2542,111,3,206,618
7623,2543,98,2,264,528
7624,2543,93,1,287,287
7625,2543,97,2,136,272
7626,2544,36,3,253,759
7627,2544,73,1,167,167
7628,2545,104,1,137,137
7629,2545,18,3,198,594
7630,2545,29,3,174,522
7631,2545,73,3,167,501
7632,2546,6,1,145,145
7633,2546,76,2,303,606
7634,2546,115,3,394,1182
7635,2546,64,1,284,284
7636,2547,40,2,347,694
7637,2547,119,3,133,399
7638,2547,48,3,263,789
7639,2547,49,2,201,402
7640,2548,41,3,232,696
7641,2548,39,1,389,389
7642,2548,4,1,209,209
7643,2549,22,2,290,580
7644,2549,24,2,327,654
7645,2550,14,3,240,720
7646,2550,29,2,174,348
7647,2550,114,3,284,852
7648,2550,31,2,360,720
7649,2551,76,2,303,606
7650,2551,34,3,167,501
7651,2551,65,1,186,186
7652,2552,1,2,280,560
7653,2552,53,2,166,332
7654,2552,65,3,186,558
7655,2553,46,1,233,233
7656,2553,18,2,198,396
7657,2553,99,1,280,280
7658,2554,18,2,198,396
7659,2554,7,3,375,1125
7660,2554,85,3,309,927
7661,2555,22,2,290,580
7662,2555,57,1,429,429
7663,2555,99,2,280,560
7664,2556,8,1,137,137
7665,2556,4,1,209,209
7666,2556,78,1,236,236
7667,2557,59,3,296,888
7668,2557,15,2,78,156
7669,2557,57,2,429,858
7670,2558,92,2,156,312
7671,2558,44,2,263,526
7672,2558,11,2,282,564
7673,2558,31,1,360,360
7674,2559,84,1,234,234
7675,2559,61,3,222,666
7676,2559,18,3,198,594
7677,2560,85,1,309,309
7678,2560,50,2,243,486
7679,2560,27,1,287,287
7680,2560,84,1,234,234
7681,2561,89,1,265,265
7682,2561,62,3,155,465
7683,2561,61,3,222,666
7684,2562,44,2,263,526
7685,2562,58,2,304,608
7686,2563,62,1,155,155
7687,2563,60,3,330,990
7688,2563,71,2,246,492
7689,2563,80,3,237,711
7690,2564,72,2,182,364
7691,2564,42,2,414,828
7692,2564,84,3,234,702
7693,2564,15,2,78,156
7694,2565,40,1,347,347
7695,2565,116,1,253,253
7696,2566,3,1,282,282
7697,2566,70,3,228,684
7698,2566,1,2,280,560
7699,2567,29,3,174,522
7700,2567,17,2,382,764
7701,2567,58,3,304,912
7702,2568,1,1,280,280
7703,2568,84,1,234,234
7704,2568,52,2,463,926
7705,2568,99,2,280,560
7706,2569,31,3,360,1080
7707,2569,106,3,181,543
7708,2569,82,1,256,256
7709,2570,42,3,414,1242
7710,2570,10,1,372,372
7711,2570,61,3,222,666
7712,2571,76,3,303,909
7713,2571,40,1,347,347
7714,2571,41,3,232,696
7715,2571,118,3,190,570
7716,2572,19,3,297,891
7717,2572,75,1,259,259
7718,2572,86,3,234,702
7719,2572,39,1,389,389
7720,2573,119,3,133,399
7721,2573,75,2,259,518
7722,2574,42,1,414,414
7723,2574,65,1,186,186
7724,2574,115,3,394,1182
7725,2575,103,3,298,894
7726,2575,5,2,305,610
7727,2575,101,1,195,195
7728,2575,73,3,167,501
7729,2576,109,1,119,119
7730,2576,29,3,174,522
7731,2576,40,1,347,347
7732,2576,61,1,222,222
7733,2577,25,3,292,876
7734,2577,40,1,347,347
7735,2577,64,3,284,852
7736,2578,47,3,83,249
7737,2578,45,3,200,600
7738,2578,115,2,394,788
7739,2579,15,2,78,156
7740,2579,20,2,184,368
7741,2579,44,1,263,263
7742,2579,108,2,235,470
7743,2580,108,2,235,470
7744,2580,28,1,233,233
7745,2580,30,3,267,801
7746,2580,23,1,315,315
7747,2581,22,1,290,290
7748,2581,110,1,315,315
7749,2581,33,3,237,711
7750,2582,110,2,315,630
7751,2582,15,2,78,156
7752,2583,81,1,306,306
7753,2583,118,1,190,190
7754,2583,88,3,393,1179
7755,2583,80,3,237,711
7756,2584,30,2,267,534
7757,2584,103,1,298,298
7758,2584,17,3,382,1146
7759,2584,34,2,167,334
7760,2585,5,3,305,915
7761,2585,6,2,145,290
7762,2586,38,2,265,530
7763,2586,48,3,263,789
7764,2587,57,1,429,429
7765,2587,24,1,327,327
7766,2588,61,2,222,444
7767,2588,106,3,181,543
7768,2589,50,1,243,243
7769,2589,93,2,287,574
7770,2589,45,3,200,600
7771,2589,43,3,362,1086
7772,2590,47,3,83,249
7773,2590,30,1,267,267
7774,2591,25,1,292,292
7775,2591,35,3,190,570
7776,2591,32,2,266,532
7777,2591,63,1,416,416
7778,2592,98,1,264,264
7779,2592,22,2,290,580
7780,2593,112,1,360,360
7781,2593,34,3,167,501
7782,2593,104,3,137,411
7783,2593,116,2,253,506
7784,2594,83,3,230,690
7785,2594,37,1,376,376
7786,2595,71,3,246,738
7787,2595,11,2,282,564
7788,2595,84,3,234,702
7789,2596,38,1,265,265
7790,2596,110,2,315,630
7791,2597,24,2,327,654
7792,2597,84,1,234,234
7793,2597,19,1,297,297
7794,2598,13,3,102,306
7795,2598,108,3,235,705
7796,2598,19,2,297,594
7797,2598,57,3,429,1287
7798,2599,14,1,240,240
7799,2599,105,1,275,275
7800,2599,118,1,190,190
7801,2600,91,3,192,576
7802,2600,99,2,280,560
7803,2600,21,2,265,530
7804,2600,18,2,198,396
7805,2601,62,2,155,310
7806,2601,63,3,416,1248
7807,2601,35,2,190,380
7808,2601,61,1,222,222
7809,2602,37,1,376,376
7810,2602,120,3,159,477
7811,2603,28,2,233,466
7812,2603,83,1,230,230
7813,2603,18,1,198,198
7814,2604,84,1,234,234
7815,2604,17,3,382,1146
7816,2604,98,1,264,264
7817,2604,70,3,228,684
7818,2605,53,2,166,332
7819,2605,96,2,402,804
7820,2605,29,2,174,348
7821,2606,39,2,389,778
7822,2606,79,2,427,854
7823,2606,79,3,427,1281
7824,2607,76,3,303,909
7825,2607,20,3,184,552
7826,2607,2,3,417,1251
7827,2607,114,3,284,852
7828,2608,94,2,263,526
7829,2608,27,2,287,574
7830,2608,31,2,360,720
7831,2608,74,2,375,750
7832,2609,76,3,303,909
7833,2609,85,2,309,618
7834,2609,20,1,184,184
7835,2609,111,3,206,618
7836,2610,59,2,296,592
7837,2610,19,2,297,594
7838,2610,80,3,237,711
7839,2611,10,1,372,372
7840,2611,105,2,275,550
7841,2612,52,3,463,1389
7842,2612,43,1,362,362
7843,2612,113,1,128,128
7844,2613,85,2,309,618
7845,2613,22,2,290,580
7846,2614,102,1,214,214
7847,2614,103,3,298,894
7848,2614,87,2,362,724
7849,2614,97,2,136,272
7850,2615,106,2,181,362
7851,2615,25,3,292,876
7852,2616,103,1,298,298
7853,2616,112,1,360,360
7854,2616,59,1,296,296
7855,2616,31,2,360,720
7856,2617,59,3,296,888
7857,2617,76,1,303,303
7858,2618,34,3,167,501
7859,2618,11,1,282,282
7860,2618,65,2,186,372
7861,2619,19,2,297,594
7862,2619,109,2,119,238
7863,2619,36,1,253,253
7864,2619,100,1,271,271
7865,2620,106,1,181,181
7866,2620,88,1,393,393
7867,2621,106,1,181,181
7868,2621,65,1,186,186
7869,2622,85,3,309,927
7870,2622,31,3,360,1080
7871,2622,71,3,246,738
7872,2622,44,3,263,789
7873,2623,16,2,178,356
7874,2623,45,3,200,600
7875,2623,65,2,186,372
7876,2624,38,3,265,795
7877,2624,47,3,83,249
7878,2624,105,2,275,550
7879,2624,5,3,305,915
7880,2625,94,1,263,263
7881,2625,27,1,287,287
7882,2626,36,2,253,506
7883,2626,8,3,137,411
7884,2626,93,3,287,861
7885,2626,27,2,287,574
7886,2627,113,2,128,256
7887,2627,113,3,128,384
7888,2627,25,2,292,584
7889,2627,21,2,265,530
7890,2628,92,1,156,156
7891,2628,66,2,232,464
7892,2629,108,3,235,705
7893,2629,102,3,214,642
7894,2629,27,3,287,861
7895,2629,68,3,393,1179
7896,2630,110,1,315,315
7897,2630,49,2,201,402
7898,2630,84,1,234,234
7899,2630,72,1,182,182
7900,2631,87,3,362,1086
7901,2631,61,2,222,444
7902,2632,65,3,186,558
7903,2632,12,2,218,436
7904,2632,70,1,228,228
7905,2632,14,1,240,240
7906,2633,8,3,137,411
7907,2633,27,1,287,287
7908,2634,77,2,133,266
7909,2634,90,1,393,393
7910,2634,27,1,287,287
7911,2635,52,1,463,463
7912,2635,69,3,231,693
7913,2635,88,2,393,786
7914,2636,74,2,375,750
7915,2636,57,3,429,1287
7916,2636,111,2,206,412
7917,2637,105,1,275,275
7918,2637,2,3,417,1251
7919,2637,63,2,416,832
7920,2638,55,2,379,758
7921,2638,78,3,236,708
7922,2638,10,2,372,744
7923,2638,36,3,253,759
7924,2639,66,3,232,696
7925,2639,98,3,264,792
7926,2639,95,3,331,993
7927,2640,62,1,155,155
7928,2640,97,3,136,408
7929,2640,37,1,376,376
7930,2640,71,3,246,738
7931,2641,92,3,156,468
7932,2641,107,2,256,512
7933,2642,57,1,429,429
7934,2642,42,3,414,1242
7935,2643,20,2,184,368
7936,2643,29,1,174,174
7937,2643,18,2,198,396
7938,2644,93,3,287,861
7939,2644,49,2,201,402
7940,2644,22,2,290,580
7941,2644,95,2,331,662
7942,2645,4,3,209,627
7943,2645,112,3,360,1080
7944,2646,11,2,282,564
7945,2646,4,3,209,627
7946,2646,97,3,136,408
7947,2646,17,3,382,1146
7948,2647,40,3,347,1041
7949,2647,23,1,315,315
7950,2647,22,3,290,870
7951,2648,60,2,330,660
7952,2648,31,3,360,1080
7953,2649,120,2,159,318
7954,2649,6,3,145,435
7955,2650,76,3,303,909
7956,2650,2,1,417,417
7957,2650,52,2,463,926
7958,2650,82,2,256,512
7959,2651,72,3,182,546
7960,2651,113,2,128,256
7961,2651,103,3,298,894
7962,2652,119,3,133,399
7963,2652,50,1,243,243
7964,2652,75,1,259,259
7965,2653,1,2,280,560
7966,2653,110,3,315,945
7967,2653,10,2,372,744
7968,2653,116,2,253,506
7969,2654,3,3,282,846
7970,2654,50,1,243,243
7971,2654,73,2,167,334
7972,2654,48,3,263,789
7973,2655,84,2,234,468
7974,2655,31,1,360,360
7975,2655,107,3,256,768
7976,2656,78,2,236,472
7977,2656,36,2,253,506
7978,2656,83,1,230,230
7979,2657,84,1,234,234
7980,2657,15,3,78,234
7981,2657,115,2,394,788
7982,2657,14,1,240,240
7983,2658,79,1,427,427
7984,2658,25,2,292,584
7985,2659,3,1,282,282
7986,2659,89,3,265,795
7987,2659,64,1,284,284
7988,2659,57,2,429,858
7989,2660,119,1,133,133
7990,2660,38,2,265,530
7991,2660,59,3,296,888
7992,2661,59,3,296,888
7993,2661,43,1,362,362
7994,2661,8,1,137,137
7995,2662,90,1,393,393
7996,2662,38,2,265,530
7997,2663,9,1,384,384
7998,2663,28,3,233,699
7999,2663,24,2,327,654
8000,2663,93,1,287,287
8001,2664,63,1,416,416
8002,2664,76,3,303,909
8003,2664,44,3,263,789
8004,2665,75,1,259,259
8005,2665,24,3,327,981
8006,2665,83,2,230,460
8007,2666,114,2,284,568
8008,2666,72,3,182,546
8009,2666,78,1,236,236
8010,2666,79,2,427,854
8011,2667,101,2,195,390
8012,2667,4,1,209,209
8013,2668,2,1,417,417
8014,2668,31,2,360,720
8015,2668,120,2,159,318
8016,2669,18,3,198,594
8017,2669,17,1,382,382
8018,2669,97,2,136,272
8019,2669,65,2,186,372
8020,2670,19,2,297,594
8021,2670,2,2,417,834
8022,2671,34,2,167,334
8023,2671,80,1,237,237
8024,2671,104,1,137,137
8025,2671,59,1,296,296
8026,2672,36,2,253,506
8027,2672,84,3,234,702
8028,2672,94,1,263,263
8029,2672,86,3,234,702
8030,2673,81,2,306,612
8031,2673,54,3,389,1167
8032,2673,51,1,206,206
8033,2674,12,1,218,218
8034,2674,66,1,232,232
8035,2674,76,2,303,606
8036,2675,66,3,232,696
8037,2675,26,1,393,393
8038,2675,16,2,178,356
8039,2676,12,2,218,436
8040,2676,45,2,200,400
8041,2676,80,3,237,711
8042,2676,89,1,265,265
8043,2677,48,2,263,526
8044,2677,21,3,265,795
8045,2677,72,3,182,546
8046,2677,55,3,379,1137
8047,2678,96,2,402,804
8048,2678,76,1,303,303
8049,2678,19,2,297,594
8050,2678,33,2,237,474
8051,2679,50,3,243,729
8052,2679,64,3,284,852
8053,2680,89,3,265,795
8054,2680,89,3,265,795
8055,2681,112,2,360,720
8056,2681,20,1,184,184
8057,2682,88,2,393,786
8058,2682,117,1,157,157
8059,2682,20,1,184,184
8060,2683,4,1,209,209
8061,2683,80,3,237,711
8062,2683,102,1,214,214
8063,2684,23,1,315,315
8064,2684,114,1,284,284
8065,2684,45,2,200,400
8066,2685,21,2,265,530
8067,2685,62,2,155,310
8068,2685,36,1,253,253
8069,2686,50,2,243,486
8070,2686,77,3,133,399
8071,2686,107,1,256,256
8072,2687,38,2,265,530
8073,2687,89,1,265,265
8074,2687,26,1,393,393
8075,2688,49,1,201,201
8076,2688,17,2,382,764
8077,2688,83,3,230,690
8078,2688,18,3,198,594
8079,2689,33,3,237,711
8080,2689,71,1,246,246
8081,2690,19,3,297,891
8082,2690,106,3,181,543
8083,2690,2,1,417,417
8084,2690,100,3,271,813
8085,2691,3,1,282,282
8086,2691,92,2,156,312
8087,2692,35,3,190,570
8088,2692,108,2,235,470
8089,2692,104,2,137,274
8090,2693,29,3,174,522
8091,2693,29,2,174,348
8092,2693,94,1,263,263
8093,2694,94,1,263,263
8094,2694,95,2,331,662
8095,2694,76,3,303,909
8096,2694,60,3,330,990
8097,2695,6,1,145,145
8098,2695,58,2,304,608
8099,2695,80,2,237,474
8100,2696,109,2,119,238
8101,2696,47,1,83,83
8102,2696,3,3,282,846
8103,2697,57,2,429,858
8104,2697,82,2,256,512
8105,2697,10,3,372,1116
8106,2698,43,1,362,362
8107,2698,79,3,427,1281
8108,2698,51,1,206,206
8109,2698,79,2,427,854
8110,2699,78,2,236,472
8111,2699,118,2,190,380
8112,2699,90,3,393,1179
8113,2699,36,3,253,759
8114,2700,53,3,166,498
8115,2700,22,2,290,580
8116,2700,112,1,360,360
8117,2700,4,2,209,418
8118,2701,15,3,78,234
8119,2701,66,2,232,464
8120,2702,101,1,195,195
8121,2702,63,1,416,416
8122,2702,42,2,414,828
8123,2703,90,3,393,1179
8124,2703,96,3,402,1206
8125,2703,81,3,306,918
8126,2703,17,1,382,382
8127,2704,60,3,330,990
8128,2704,75,1,259,259
8129,2704,70,2,228,456
8130,2704,57,3,429,1287
8131,2705,10,1,372,372
8132,2705,81,2,306,612
8133,2705,92,2,156,312
8134,2706,16,2,178,356
8135,2706,40,3,347,1041
8136,2706,47,2,83,166
8137,2706,15,2,78,156
8138,2707,5,2,305,610
8139,2707,101,2,195,390
8140,2707,91,1,192,192
8141,2708,16,2,178,356
8142,2708,115,1,394,394
8143,2708,52,3,463,1389
8144,2708,62,3,155,465
8145,2709,4,3,209,627
8146,2709,53,3,166,498
8147,2710,118,1,190,190
8148,2710,36,3,253,759
8149,2710,28,2,233,466
8150,2710,80,3,237,711
8151,2711,72,2,182,364
8152,2711,113,1,128,128
8153,2712,38,2,265,530
8154,2712,106,3,181,543
8155,2712,80,1,237,237
8156,2712,47,2,83,166
8157,2713,26,2,393,786
8158,2713,29,3,174,522
8159,2713,11,1,282,282
8160,2714,4,2,209,418
8161,2714,108,3,235,705
8162,2714,11,3,282,846
8163,2715,77,2,133,266
8164,2715,78,3,236,708
8165,2715,54,1,389,389
8166,2715,47,2,83,166
8167,2716,97,2,136,272
8168,2716,114,2,284,568
8169,2717,11,3,282,846
8170,2717,70,1,228,228
8171,2717,44,1,263,263
8172,2717,78,2,236,472
8173,2718,75,1,259,259
8174,2718,64,3,284,852
8175,2718,101,2,195,390
8176,2719,116,1,253,253
8177,2719,33,1,237,237
8178,2719,49,3,201,603
8179,2720,45,2,200,400
8180,2720,32,3,266,798
8181,2721,98,3,264,792
8182,2721,93,1,287,287
8183,2722,3,3,282,846
8184,2722,113,2,128,256
8185,2722,5,1,305,305
8186,2722,69,1,231,231
8187,2723,91,1,192,192
8188,2723,49,1,201,201
8189,2723,3,3,282,846
8190,2724,27,3,287,861
8191,2724,40,3,347,1041
8192,2725,23,1,315,315
8193,2725,83,2,230,460
8194,2726,107,3,256,768
8195,2726,108,3,235,705
8196,2726,66,2,232,464
8197,2726,8,2,137,274
8198,2727,1,3,280,840
8199,2727,16,1,178,178
8200,2727,60,1,330,330
8201,2727,115,3,394,1182
8202,2728,75,3,259,777
8203,2728,88,3,393,1179
8204,2729,28,3,233,699
8205,2729,119,1,133,133
8206,2729,38,2,265,530
8207,2729,68,3,393,1179
8208,2730,1,3,280,840
8209,2730,20,3,184,552
8210,2731,95,2,331,662
8211,2731,53,3,166,498
8212,2732,65,3,186,558
8213,2732,19,3,297,891
8214,2732,17,1,382,382
8215,2732,102,3,214,642
8216,2733,62,2,155,310
8217,2733,105,3,275,825
8218,2733,102,2,214,428
8219,2734,23,3,315,945
8220,2734,18,1,198,198
8221,2734,39,1,389,389
8222,2734,1,3,280,840
8223,2735,100,2,271,542
8224,2735,95,2,331,662
8225,2736,92,1,156,156
8226,2736,51,2,206,412
8227,2737,38,3,265,795
8228,2737,73,2,167,334
8229,2738,96,1,402,402
8230,2738,88,2,393,786
8231,2738,52,1,463,463
8232,2739,26,2,393,786
8233,2739,98,1,264,264
8234,2739,100,3,271,813
8235,2740,102,2,214,428
8236,2740,21,1,265,265
8237,2740,28,3,233,699
8238,2741,9,2,384,768
8239,2741,112,2,360,720
8240,2741,116,1,253,253
8241,2742,85,3,309,927
8242,2742,113,3,128,384
8243,2743,87,2,362,724
8244,2743,40,3,347,1041
8245,2744,45,1,200,200
8246,2744,65,2,186,372
8247,2744,73,2,167,334
8248,2744,20,1,184,184
8249,2745,25,2,292,584
8250,2745,24,1,327,327
8251,2746,76,1,303,303
8252,2746,108,2,235,470
8253,2746,47,3,83,249
8254,2746,65,2,186,372
8255,2747,98,1,264,264
8256,2747,14,1,240,240
8257,2748,110,1,315,315
8258,2748,33,3,237,711
8259,2748,102,1,214,214
8260,2749,63,3,416,1248
8261,2749,6,2,145,290
8262,2749,8,3,137,411
8263,2749,108,2,235,470
8264,2750,92,1,156,156
8265,2750,17,3,382,1146
8266,2750,97,3,136,408
8267,2751,43,3,362,1086
8268,2751,29,3,174,522
8269,2752,117,1,157,157
8270,2752,115,3,394,1182
8271,2752,12,3,218,654
8272,2752,12,2,218,436
8273,2753,22,1,290,290
8274,2753,10,3,372,1116
8275,2753,39,3,389,1167
8276,2753,32,1,266,266
8277,2754,29,2,174,348
8278,2754,96,2,402,804
8279,2755,33,3,237,711
8280,2755,10,3,372,1116
8281,2755,63,2,416,832
8282,2755,7,2,375,750
8283,2756,96,1,402,402
8284,2756,95,3,331,993
8285,2757,90,1,393,393
8286,2757,51,2,206,412
8287,2758,95,2,331,662
8288,2758,51,3,206,618
8289,2759,73,2,167,334
8290,2759,98,3,264,792
8291,2760,62,2,155,310
8292,2760,54,2,389,778
8293,2761,70,1,228,228
8294,2761,44,3,263,789
8295,2761,16,1,178,178
8296,2761,82,1,256,256
8297,2762,82,1,256,256
8298,2762,43,3,362,1086
8299,2762,57,1,429,429
8300,2763,97,2,136,272
8301,2763,87,1,362,362
8302,2764,105,3,275,825
8303,2764,75,3,259,777
8304,2764,13,3,102,306
8305,2765,85,3,309,927
8306,2765,18,2,198,396
8307,2765,73,2,167,334
8308,2765,1,3,280,840
8309,2766,80,1,237,237
8310,2766,56,3,186,558
8311,2766,58,3,304,912
8312,2767,8,3,137,411
8313,2767,22,3,290,870
8314,2768,13,3,102,306
8315,2768,78,2,236,472
8316,2769,43,1,362,362
8317,2769,85,1,309,309
8318,2769,83,3,230,690
8319,2770,5,1,305,305
8320,2770,85,3,309,927
8321,2770,99,2,280,560
8322,2770,83,3,230,690
8323,2771,49,2,201,402
8324,2771,56,1,186,186
8325,2771,106,2,181,362
8326,2771,73,2,167,334
8327,2772,91,3,192,576
8328,2772,61,2,222,444
8329,2772,20,2,184,368
8330,2772,26,1,393,393
8331,2773,96,2,402,804
8332,2773,26,2,393,786
8333,2774,116,1,253,253
8334,2774,87,3,362,1086
8335,2774,72,2,182,364
8336,2775,105,1,275,275
8337,2775,91,2,192,384
8338,2775,68,2,393,786
8339,2775,21,2,265,530
8340,2776,65,1,186,186
8341,2776,59,3,296,888
8342,2776,43,3,362,1086
8343,2777,117,3,157,471
8344,2777,101,3,195,585
8345,2777,101,2,195,390
8346,2777,10,2,372,744
8347,2778,40,2,347,694
8348,2778,27,3,287,861
8349,2778,105,3,275,825
8350,2779,115,3,394,1182
8351,2779,84,3,234,702
8352,2780,116,2,253,506
8353,2780,92,2,156,312
8354,2780,71,3,246,738
8355,2780,10,1,372,372
8356,2781,2,2,417,834
8357,2781,5,1,305,305
8358,2781,68,1,393,393
8359,2781,53,2,166,332
8360,2782,40,3,347,1041
8361,2782,42,2,414,828
8362,2783,30,3,267,801
8363,2783,64,2,284,568
8364,2783,69,1,231,231
8365,2783,49,1,201,201
8366,2784,53,3,166,498
8367,2784,52,3,463,1389
8368,2784,18,1,198,198
8369,2784,46,2,233,466
8370,2785,21,3,265,795
8371,2785,99,1,280,280
8372,2786,38,3,265,795
8373,2786,9,3,384,1152
8374,2786,63,1,416,416
8375,2787,85,2,309,618
8376,2787,40,3,347,1041
8377,2788,31,1,360,360
8378,2788,76,1,303,303
8379,2789,110,1,315,315
8380,2789,86,2,234,468
8381,2790,79,2,427,854
8382,2790,32,3,266,798
8383,2790,78,3,236,708
8384,2791,58,2,304,608
8385,2791,85,1,309,309
8386,2792,2,1,417,417
8387,2792,55,1,379,379
8388,2792,74,2,375,750
8389,2793,64,1,284,284
8390,2793,15,2,78,156
8391,2793,108,2,235,470
8392,2793,21,3,265,795
8393,2794,116,2,253,506
8394,2794,114,3,284,852
8395,2795,55,3,379,1137
8396,2795,95,3,331,993
8397,2795,21,2,265,530
8398,2795,5,1,305,305
8399,2796,86,3,234,702
8400,2796,94,3,263,789
8401,2797,9,1,384,384
8402,2797,31,3,360,1080
8403,2798,120,1,159,159
8404,2798,96,3,402,1206
8405,2798,57,1,429,429
8406,2799,96,1,402,402
8407,2799,76,3,303,909
8408,2799,93,1,287,287
8409,2800,37,1,376,376
8410,2800,95,2,331,662
8411,2801,66,2,232,464
8412,2801,112,2,360,720
8413,2801,10,2,372,744
8414,2802,41,2,232,464
8415,2802,91,1,192,192
8416,2802,99,2,280,560
8417,2803,116,1,253,253
8418,2803,119,2,133,266
8419,2804,10,1,372,372
8420,2804,64,3,284,852
8421,2804,96,2,402,804
8422,2805,111,3,206,618
8423,2805,78,3,236,708
8424,2805,48,3,263,789
8425,2805,119,1,133,133
8426,2806,11,3,282,846
8427,2806,69,3,231,693
8428,2806,104,3,137,411
8429,2807,118,3,190,570
8430,2807,43,1,362,362
8431,2807,100,3,271,813
8432,2807,78,1,236,236
8433,2808,54,2,389,778
8434,2808,13,2,102,204
8435,2809,29,2,174,348
8436,2809,31,3,360,1080
8437,2809,93,2,287,574
8438,2809,34,3,167,501
8439,2810,100,2,271,542
8440,2810,54,2,389,778
8441,2810,6,3,145,435
8442,2811,97,3,136,408
8443,2811,85,3,309,927
8444,2811,43,3,362,1086
8445,2812,82,3,256,768
8446,2812,13,1,102,102
8447,2812,20,2,184,368
8448,2812,102,3,214,642
8449,2813,95,3,331,993
8450,2813,101,1,195,195
8451,2814,103,2,298,596
8452,2814,27,2,287,574
8453,2815,38,2,265,530
8454,2815,88,2,393,786
8455,2815,119,3,133,399
8456,2815,100,1,271,271
8457,2816,46,3,233,699
8458,2816,14,1,240,240
8459,2816,40,3,347,1041
8460,2817,42,3,414,1242
8461,2817,16,1,178,178
8462,2817,56,3,186,558
8463,2818,12,1,218,218
8464,2818,92,1,156,156
8465,2818,19,1,297,297
8466,2819,103,2,298,596
8467,2819,104,3,137,411
8468,2819,64,1,284,284
8469,2820,84,1,234,234
8470,2820,81,2,306,612
8471,2820,91,3,192,576
8472,2821,106,2,181,362
8473,2821,67,2,87,174
8474,2822,1,2,280,560
8475,2822,27,3,287,861
8476,2823,14,2,240,480
8477,2823,72,3,182,546
8478,2823,41,3,232,696
8479,2824,58,2,304,608
8480,2824,109,1,119,119
8481,2825,34,1,167,167
8482,2825,70,1,228,228
8483,2825,28,2,233,466
8484,2826,19,2,297,594
8485,2826,101,1,195,195
8486,2826,84,1,234,234
8487,2826,86,1,234,234
8488,2827,112,3,360,1080
8489,2827,15,3,78,234
8490,2827,21,3,265,795
8491,2827,88,2,393,786
8492,2828,59,1,296,296
8493,2828,98,1,264,264
8494,2828,79,1,427,427
8495,2829,43,3,362,1086
8496,2829,109,2,119,238
8497,2829,31,2,360,720
8498,2829,82,3,256,768
8499,2830,4,3,209,627
8500,2830,3,3,282,846
8501,2830,70,2,228,456
8502,2830,24,1,327,327
8503,2831,89,2,265,530
8504,2831,107,2,256,512
8505,2831,120,2,159,318
8506,2832,58,3,304,912
8507,2832,112,1,360,360
8508,2832,16,2,178,356
8509,2833,47,2,83,166
8510,2833,97,1,136,136
8511,2833,112,1,360,360
8512,2834,62,3,155,465
8513,2834,118,2,190,380
8514,2835,119,1,133,133
8515,2835,45,1,200,200
8516,2835,77,3,133,399
8517,2836,68,2,393,786
8518,2836,109,2,119,238
8519,2837,79,2,427,854
8520,2837,112,1,360,360
8521,2837,75,1,259,259
8522,2837,58,1,304,304
8523,2838,53,1,166,166
8524,2838,63,3,416,1248
8525,2838,38,1,265,265
8526,2838,62,1,155,155
8527,2839,118,1,190,190
8528,2839,39,2,389,778
8529,2839,85,1,309,309
8530,2839,99,3,280,840
8531,2840,19,2,297,594
8532,2840,33,3,237,711
8533,2841,56,2,186,372
8534,2841,93,1,287,287
8535,2842,49,2,201,402
8536,2842,77,1,133,133
8537,2842,8,1,137,137
8538,2843,91,1,192,192
8539,2843,44,2,263,526
8540,2844,56,3,186,558
8541,2844,38,3,265,795
8542,2844,32,1,266,266
8543,2845,105,3,275,825
8544,2845,70,3,228,684
8545,2845,44,1,263,263
8546,2846,109,1,119,119
8547,2846,62,1,155,155
8548,2846,114,1,284,284
8549,2846,110,2,315,630
8550,2847,66,1,232,232
8551,2847,95,2,331,662
8552,2847,29,1,174,174
8553,2848,102,3,214,642
8554,2848,63,2,416,832
8555,2849,85,1,309,309
8556,2849,92,2,156,312
8557,2850,97,3,136,408
8558,2850,51,1,206,206
8559,2850,36,3,253,759
8560,2851,88,2,393,786
8561,2851,62,3,155,465
8562,2852,90,2,393,786
8563,2852,86,2,234,468
8564,2853,24,1,327,327
8565,2853,12,2,218,436
8566,2853,33,2,237,474
8567,2854,107,2,256,512
8568,2854,39,3,389,1167
8569,2854,16,3,178,534
8570,2855,60,3,330,990
8571,2855,67,2,87,174
8572,2855,68,3,393,1179
8573,2855,112,1,360,360
8574,2856,9,1,384,384
8575,2856,82,1,256,256
8576,2857,65,1,186,186
8577,2857,113,1,128,128
8578,2857,82,1,256,256
8579,2857,104,3,137,411
8580,2858,63,1,416,416
8581,2858,77,2,133,266
8582,2858,100,3,271,813
8583,2859,108,3,235,705
8584,2859,110,1,315,315
8585,2859,51,3,206,618
8586,2860,24,2,327,654
8587,2860,105,1,275,275
8588,2860,27,1,287,287
8589,2860,31,3,360,1080
8590,2861,76,2,303,606
8591,2861,13,2,102,204
8592,2861,59,2,296,592
8593,2861,114,1,284,284
8594,2862,120,1,159,159
8595,2862,88,3,393,1179
8596,2863,42,1,414,414
8597,2863,73,3,167,501
8598,2863,30,3,267,801
8599,2864,20,3,184,552
8600,2864,106,3,181,543
8601,2865,28,3,233,699
8602,2865,8,1,137,137
8603,2865,113,3,128,384
8604,2866,35,1,190,190
8605,2866,58,2,304,608
8606,2867,96,2,402,804
8607,2867,99,1,280,280
8608,2867,19,2,297,594
8609,2868,14,1,240,240
8610,2868,79,3,427,1281
8611,2869,114,1,284,284
8612,2869,43,2,362,724
8613,2870,11,1,282,282
8614,2870,82,3,256,768
8615,2870,95,2,331,662
8616,2871,101,2,195,390
8617,2871,27,2,287,574
8618,2872,16,1,178,178
8619,2872,28,3,233,699
8620,2873,8,1,137,137
8621,2873,27,3,287,861
8622,2874,105,1,275,275
8623,2874,42,2,414,828
8624,2874,65,1,186,186
8625,2874,91,2,192,384
8626,2875,53,1,166,166
8627,2875,46,1,233,233
8628,2876,52,3,463,1389
8629,2876,88,1,393,393
8630,2877,42,3,414,1242
8631,2877,48,3,263,789
8632,2877,32,2,266,532
8633,2877,83,3,230,690
8634,2878,73,1,167,167
8635,2878,24,1,327,327
8636,2878,70,1,228,228
8637,2879,74,1,375,375
8638,2879,4,1,209,209
8639,2880,42,3,414,1242
8640,2880,11,1,282,282
8641,2880,120,3,159,477
8642,2880,71,1,246,246
8643,2881,3,1,282,282
8644,2881,33,2,237,474
8645,2881,8,2,137,274
8646,2881,84,2,234,468
8647,2882,49,1,201,201
8648,2882,120,3,159,477
8649,2882,118,3,190,570
8650,2883,69,3,231,693
8651,2883,89,3,265,795
8652,2883,108,1,235,235
8653,2883,108,3,235,705
8654,2884,51,1,206,206
8655,2884,92,1,156,156
8656,2885,32,2,266,532
8657,2885,21,1,265,265
8658,2885,99,3,280,840
8659,2885,61,3,222,666
8660,2886,105,3,275,825
8661,2886,55,2,379,758
8662,2887,23,3,315,945
8663,2887,112,3,360,1080
8664,2887,98,3,264,792
8665,2887,71,1,246,246
8666,2888,42,1,414,414
8667,2888,112,1,360,360
8668,2888,14,1,240,240
8669,2888,64,2,284,568
8670,2889,24,2,327,654
8671,2889,44,2,263,526
8672,2889,65,2,186,372
8673,2890,3,2,282,564
8674,2890,55,1,379,379
8675,2890,24,1,327,327
8676,2891,63,3,416,1248
8677,2891,97,1,136,136
8678,2891,103,2,298,596
8679,2891,90,1,393,393
8680,2892,70,2,228,456
8681,2892,97,2,136,272
8682,2892,9,1,384,384
8683,2892,24,2,327,654
8684,2893,25,3,292,876
8685,2893,89,3,265,795
8686,2893,43,3,362,1086
8687,2894,98,1,264,264
8688,2894,84,1,234,234
8689,2894,95,1,331,331
8690,2895,79,2,427,854
8691,2895,5,2,305,610
8692,2895,118,1,190,190
8693,2896,99,3,280,840
8694,2896,4,2,209,418
8695,2897,58,3,304,912
8696,2897,24,2,327,654
8697,2897,22,3,290,870
8698,2897,55,3,379,1137
8699,2898,20,1,184,184
8700,2898,15,3,78,234
8701,2898,101,3,195,585
8702,2898,113,2,128,256
8703,2899,82,2,256,512
8704,2899,47,3,83,249
8705,2899,24,2,327,654
8706,2899,48,3,263,789
8707,2900,101,1,195,195
8708,2900,16,1,178,178
8709,2900,58,2,304,608
8710,2901,65,1,186,186
8711,2901,76,3,303,909
8712,2901,112,1,360,360
8713,2901,92,3,156,468
8714,2902,58,1,304,304
8715,2902,38,1,265,265
8716,2903,104,1,137,137
8717,2903,23,1,315,315
8718,2903,27,1,287,287
8719,2904,18,1,198,198
8720,2904,19,1,297,297
8721,2904,92,3,156,468
8722,2904,16,2,178,356
8723,2905,42,2,414,828
8724,2905,104,3,137,411
8725,2905,83,3,230,690
8726,2905,98,1,264,264
8727,2906,49,3,201,603
8728,2906,39,1,389,389
8729,2906,33,3,237,711
8730,2907,61,3,222,666
8731,2907,35,3,190,570
8732,2908,116,1,253,253
8733,2908,88,3,393,1179
8734,2908,72,2,182,364
8735,2909,39,1,389,389
8736,2909,46,3,233,699
8737,2909,29,2,174,348
8738,2909,17,1,382,382
8739,2910,2,3,417,1251
8740,2910,25,1,292,292
8741,2911,54,2,389,778
8742,2911,45,3,200,600
8743,2911,65,2,186,372
8744,2911,17,2,382,764
8745,2912,63,2,416,832
8746,2912,87,1,362,362
8747,2912,29,1,174,174
8748,2913,105,3,275,825
8749,2913,94,2,263,526
8750,2913,25,1,292,292
8751,2913,19,1,297,297
8752,2914,112,3,360,1080
8753,2914,83,2,230,460
8754,2914,39,2,389,778
8755,2914,74,3,375,1125
8756,2915,62,2,155,310
8757,2915,104,1,137,137
8758,2915,17,3,382,1146
8759,2916,13,1,102,102
8760,2916,70,1,228,228
8761,2917,71,1,246,246
8762,2917,63,2,416,832
8763,2917,19,2,297,594
8764,2917,40,1,347,347
8765,2918,90,2,393,786
8766,2918,81,1,306,306
8767,2918,81,3,306,918
8768,2918,54,2,389,778
8769,2919,5,1,305,305
8770,2919,32,3,266,798
8771,2919,3,1,282,282
8772,2919,76,3,303,909
8773,2920,57,1,429,429
8774,2920,54,2,389,778
8775,2920,93,2,287,574
8776,2920,27,2,287,574
8777,2921,104,2,137,274
8778,2921,9,2,384,768
8779,2921,65,3,186,558
8780,2922,23,3,315,945
8781,2922,92,2,156,312
8782,2922,90,1,393,393
8783,2923,65,1,186,186
8784,2923,58,1,304,304
8785,2923,8,2,137,274
8786,2924,59,2,296,592
8787,2924,47,3,83,249
8788,2924,67,1,87,87
8789,2925,63,3,416,1248
8790,2925,28,1,233,233
8791,2925,111,2,206,412
8792,2926,48,2,263,526
8793,2926,41,3,232,696
8794,2927,107,3,256,768
8795,2927,27,3,287,861
8796,2927,6,1,145,145
8797,2928,62,2,155,310
8798,2928,105,2,275,550
8799,2928,30,3,267,801
8800,2928,54,2,389,778
8801,2929,18,3,198,594
8802,2929,28,3,233,699
8803,2929,101,2,195,390
8804,2930,88,2,393,786
8805,2930,46,1,233,233
8806,2931,99,3,280,840
8807,2931,75,3,259,777
8808,2931,89,1,265,265
8809,2931,32,3,266,798
8810,2932,59,1,296,296
8811,2932,95,1,331,331
8812,2932,97,2,136,272
8813,2933,65,2,186,372
8814,2933,30,1,267,267
8815,2933,29,3,174,522
8816,2933,87,1,362,362
8817,2934,113,2,128,256
8818,2934,109,1,119,119
8819,2934,90,3,393,1179
8820,2935,109,3,119,357
8821,2935,70,2,228,456
8822,2935,12,2,218,436
8823,2935,18,2,198,396
8824,2936,39,1,389,389
8825,2936,13,2,102,204
8826,2937,25,3,292,876
8827,2937,64,3,284,852
8828,2937,40,2,347,694
8829,2938,115,2,394,788
8830,2938,80,1,237,237
8831,2939,24,3,327,981
8832,2939,117,2,157,314
8833,2939,31,2,360,720
8834,2939,9,3,384,1152
8835,2940,71,3,246,738
8836,2940,34,3,167,501
8837,2940,105,1,275,275
8838,2940,120,3,159,477
8839,2941,35,1,190,190
8840,2941,15,1,78,78
8841,2942,20,1,184,184
8842,2942,14,2,240,480
8843,2942,13,3,102,306
8844,2942,83,2,230,460
8845,2943,51,3,206,618
8846,2943,18,1,198,198
8847,2944,72,3,182,546
8848,2944,6,3,145,435
8849,2945,20,1,184,184
8850,2945,13,2,102,204
8851,2945,30,3,267,801
8852,2945,46,3,233,699
8853,2946,64,3,284,852
8854,2946,61,1,222,222
8855,2947,11,2,282,564
8856,2947,119,1,133,133
8857,2947,58,1,304,304
8858,2948,57,3,429,1287
8859,2948,29,1,174,174
8860,2948,43,3,362,1086
8861,2948,72,1,182,182
8862,2949,35,3,190,570
8863,2949,31,1,360,360
8864,2949,39,2,389,778
8865,2949,27,3,287,861
8866,2950,102,3,214,642
8867,2950,78,3,236,708
8868,2950,113,1,128,128
8869,2951,7,3,375,1125
8870,2951,24,3,327,981
8871,2952,77,3,133,399
8872,2952,85,2,309,618
8873,2952,94,1,263,263
8874,2952,79,3,427,1281
8875,2953,16,2,178,356
8876,2953,1,2,280,560
8877,2953,9,1,384,384
8878,2954,35,2,190,380
8879,2954,44,3,263,789
8880,2954,74,3,375,1125
8881,2954,98,3,264,792
8882,2955,30,3,267,801
8883,2955,85,1,309,309
8884,2956,64,2,284,568
8885,2956,34,2,167,334
8886,2956,46,3,233,699
8887,2957,83,2,230,460
8888,2957,14,1,240,240
8889,2957,38,2,265,530
8890,2958,116,2,253,506
8891,2958,110,3,315,945
8892,2958,87,3,362,1086
8893,2958,80,1,237,237
8894,2959,76,1,303,303
8895,2959,30,2,267,534
8896,2960,111,2,206,412
8897,2960,15,2,78,156
8898,2960,16,1,178,178
8899,2960,21,3,265,795
8900,2961,79,1,427,427
8901,2961,10,1,372,372
8902,2961,71,3,246,738
8903,2962,17,2,382,764
8904,2962,115,3,394,1182
8905,2962,32,3,266,798
8906,2963,63,1,416,416
8907,2963,38,2,265,530
8908,2963,15,3,78,234
8909,2963,111,2,206,412
8910,2964,47,1,83,83
8911,2964,45,3,200,600
8912,2964,89,3,265,795
8913,2965,49,3,201,603
8914,2965,40,2,347,694
8915,2966,76,2,303,606
8916,2966,95,3,331,993
8917,2966,101,3,195,585
8918,2966,9,1,384,384
8919,2967,111,2,206,412
8920,2967,119,2,133,266
8921,2968,75,1,259,259
8922,2968,27,1,287,287
8923,2968,49,3,201,603
8924,2968,110,1,315,315
8925,2969,34,2,167,334
8926,2969,16,2,178,356
8927,2969,44,3,263,789
8928,2970,95,1,331,331
8929,2970,108,2,235,470
8930,2970,62,1,155,155
8931,2970,78,3,236,708
8932,2971,17,2,382,764
8933,2971,17,3,382,1146
8934,2972,1,1,280,280
8935,2972,67,2,87,174
8936,2973,14,1,240,240
8937,2973,2,3,417,1251
8938,2974,119,1,133,133
8939,2974,94,1,263,263
8940,2974,36,2,253,506
8941,2974,14,1,240,240
8942,2975,3,3,282,846
8943,2975,33,3,237,711
8944,2975,34,1,167,167
8945,2975,118,2,190,380
8946,2976,70,1,228,228
8947,2976,79,2,427,854
8948,2977,18,1,198,198
8949,2977,49,3,201,603
8950,2978,71,1,246,246
8951,2978,29,1,174,174
8952,2978,32,2,266,532
8953,2979,105,3,275,825
8954,2979,37,3,376,1128
8955,2979,1,3,280,840
8956,2980,36,3,253,759
8957,2980,51,3,206,618
8958,2981,107,3,256,768
8959,2981,48,3,263,789
8960,2981,8,2,137,274
8961,2981,55,2,379,758
8962,2982,46,3,233,699
8963,2982,26,2,393,786
8964,2982,86,2,234,468
8965,2983,30,2,267,534
8966,2983,9,3,384,1152
8967,2983,26,1,393,393
8968,2983,32,1,266,266
8969,2984,41,2,232,464
8970,2984,113,1,128,128
8971,2985,66,2,232,464
8972,2985,48,1,263,263
8973,2985,90,1,393,393
8974,2985,23,3,315,945
8975,2986,83,2,230,460
8976,2986,57,3,429,1287
8977,2986,117,2,157,314
8978,2987,22,3,290,870
8979,2987,83,1,230,230
8980,2988,89,3,265,795
8981,2988,23,2,315,630
8982,2988,71,1,246,246
8983,2988,66,2,232,464
8984,2989,14,1,240,240
8985,2989,96,1,402,402
8986,2989,18,2,198,396
8987,2989,84,1,234,234
8988,2990,99,3,280,840
8989,2990,14,3,240,720
8990,2990,27,2,287,574
8991,2990,11,2,282,564
8992,2991,34,2,167,334
8993,2991,68,2,393,786
8994,2991,17,1,382,382
8995,2991,66,1,232,232
8996,2992,5,3,305,915
8997,2992,96,3,402,1206
8998,2992,96,2,402,804
8999,2993,91,3,192,576
9000,2993,50,1,243,243
9001,2994,97,3,136,408
9002,2994,23,2,315,630
9003,2994,41,3,232,696
9004,2994,96,3,402,1206
9005,2995,67,3,87,261
9006,2995,105,2,275,550
9007,2995,90,1,393,393
9008,2996,1,1,280,280
9009,2996,55,2,379,758
9010,2996,79,2,427,854
9011,2996,8,1,137,137
9012,2997,69,2,231,462
9013,2997,6,2,145,290
9014,2998,78,1,236,236
9015,2998,22,2,290,580
9016,2999,26,1,393,393
9017,2999,107,1,256,256
9018,3000,66,2,232,464
9019,3000,93,1,287,287
9020,3001,100,3,271,813
9021,3001,33,2,237,474
9022,3001,61,3,222,666
9023,3002,100,3,271,813
9024,3002,84,1,234,234
9025,3002,92,2,156,312
9026,3002,90,3,393,1179
9027,3003,55,2,379,758
9028,3003,115,3,394,1182
9029,3003,32,3,266,798
9030,3003,105,2,275,550
9031,3004,46,1,233,233
9032,3004,61,1,222,222
9033,3004,115,1,394,394
9034,3005,19,3,297,891
9035,3005,86,2,234,468
9036,3005,35,3,190,570
9037,3006,6,2,145,290
9038,3006,88,3,393,1179
9039,3006,30,3,267,801
9040,3007,113,3,128,384
9041,3007,46,1,233,233
9042,3008,41,1,232,232
9043,3008,56,1,186,186
9044,3009,5,3,305,915
9045,3009,4,3,209,627
9046,3010,64,3,284,852
9047,3010,82,3,256,768
9048,3010,98,2,264,528
9049,3010,71,3,246,738
9050,3011,119,2,133,266
9051,3011,44,3,263,789
9052,3012,36,3,253,759
9053,3012,109,3,119,357
9054,3012,43,2,362,724
9055,3012,37,1,376,376
9056,3013,83,3,230,690
9057,3013,69,2,231,462
9058,3014,52,2,463,926
9059,3014,48,1,263,263
9060,3014,39,3,389,1167
9061,3014,15,2,78,156
9062,3015,28,2,233,466
9063,3015,108,1,235,235
9064,3016,37,2,376,752
9065,3016,60,1,330,330
9066,3017,114,3,284,852
9067,3017,10,3,372,1116
9068,3017,6,1,145,145
9069,3017,69,1,231,231
9070,3018,96,2,402,804
9071,3018,68,3,393,1179
9072,3018,31,2,360,720
9073,3018,102,2,214,428
9074,3019,52,2,463,926
9075,3019,10,1,372,372
9076,3020,37,2,376,752
9077,3020,50,2,243,486
9078,3020,72,1,182,182
9079,3020,18,3,198,594
9080,3021,58,2,304,608
9081,3021,101,1,195,195
9082,3021,63,1,416,416
9083,3022,29,2,174,348
9084,3022,27,2,287,574
9085,3023,14,2,240,480
9086,3023,93,1,287,287
9087,3023,13,3,102,306
9088,3023,91,1,192,192
9089,3024,119,2,133,266
9090,3024,31,1,360,360
9091,3024,88,2,393,786
9092,3025,15,1,78,78
9093,3025,67,1,87,87
9094,3025,66,3,232,696
9095,3025,84,1,234,234
9096,3026,19,1,297,297
9097,3026,115,3,394,1182
9098,3026,37,2,376,752
9099,3027,79,1,427,427
9100,3027,106,3,181,543
9101,3027,76,2,303,606
9102,3027,64,2,284,568
9103,3028,105,2,275,550
9104,3028,37,2,376,752
9105,3029,109,1,119,119
9106,3029,32,2,266,532
9107,3030,119,3,133,399
9108,3030,104,3,137,411
9109,3030,38,1,265,265
9110,3031,58,3,304,912
9111,3031,31,1,360,360
9112,3031,96,2,402,804
9113,3031,8,3,137,411
9114,3032,62,3,155,465
9115,3032,62,2,155,310
9116,3032,38,1,265,265
9117,3033,117,3,157,471
9118,3033,59,1,296,296
9119,3033,99,2,280,560
9120,3033,47,2,83,166
9121,3034,74,3,375,1125
9122,3034,88,3,393,1179
9123,3034,117,3,157,471
9124,3034,109,1,119,119
9125,3035,31,2,360,720
9126,3035,9,2,384,768
9127,3035,19,1,297,297
9128,3036,82,3,256,768
9129,3036,103,3,298,894
9130,3036,1,2,280,560
9131,3036,8,3,137,411
9132,3037,25,3,292,876
9133,3037,4,3,209,627
9134,3038,61,3,222,666
9135,3038,18,1,198,198
9136,3039,56,2,186,372
9137,3039,68,1,393,393
9138,3039,42,1,414,414
9139,3040,22,3,290,870
9140,3040,10,3,372,1116
9141,3040,27,3,287,861
9142,3040,23,2,315,630
9143,3041,100,1,271,271
9144,3041,59,2,296,592
9145,3041,60,2,330,660
9146,3042,84,1,234,234
9147,3042,83,1,230,230
9148,3042,46,2,233,466
9149,3042,26,1,393,393
9150,3043,117,3,157,471
9151,3043,113,3,128,384
9152,3043,49,2,201,402
9153,3044,32,3,266,798
9154,3044,64,1,284,284
9155,3044,89,1,265,265
9156,3045,3,2,282,564
9157,3045,103,2,298,596
9158,3045,55,2,379,758
9159,3045,1,1,280,280
9160,3046,103,2,298,596
9161,3046,58,1,304,304
9162,3047,100,1,271,271
9163,3047,108,3,235,705
9164,3048,36,1,253,253
9165,3048,74,3,375,1125
9166,3049,66,3,232,696
9167,3049,80,2,237,474
9168,3049,96,2,402,804
9169,3050,88,1,393,393
9170,3050,32,1,266,266
9171,3051,23,2,315,630
9172,3051,36,2,253,506
9173,3051,18,1,198,198
9174,3051,30,2,267,534
9175,3052,104,3,137,411
9176,3052,27,2,287,574
9177,3052,103,3,298,894
9178,3052,75,1,259,259
9179,3053,47,1,83,83
9180,3053,9,3,384,1152
9181,3054,118,1,190,190
9182,3054,23,2,315,630
9183,3054,99,1,280,280
9184,3054,54,3,389,1167
9185,3055,75,2,259,518
9186,3055,13,2,102,204
9187,3055,34,1,167,167
9188,3055,7,3,375,1125
9189,3056,65,3,186,558
9190,3056,21,1,265,265
9191,3056,99,1,280,280
9192,3057,74,1,375,375
9193,3057,19,2,297,594
9194,3057,99,2,280,560
9195,3057,29,1,174,174
9196,3058,104,2,137,274
9197,3058,10,3,372,1116
9198,3058,93,1,287,287
9199,3059,85,3,309,927
9200,3059,33,1,237,237
9201,3059,34,2,167,334
9202,3060,9,1,384,384
9203,3060,118,2,190,380
9204,3060,72,3,182,546
9205,3061,66,2,232,464
9206,3061,32,2,266,532
9207,3061,96,2,402,804
9208,3061,67,1,87,87
9209,3062,111,1,206,206
9210,3062,2,1,417,417
9211,3062,84,2,234,468
9212,3063,28,1,233,233
9213,3063,76,3,303,909
9214,3064,104,1,137,137
9215,3064,25,3,292,876
9216,3064,119,3,133,399
9217,3065,86,1,234,234
9218,3065,13,1,102,102
9219,3065,19,1,297,297
9220,3065,95,3,331,993
9221,3066,69,3,231,693
9222,3066,119,3,133,399
9223,3066,33,3,237,711
9224,3067,14,1,240,240
9225,3067,48,1,263,263
9226,3067,27,1,287,287
9227,3068,11,2,282,564
9228,3068,46,3,233,699
9229,3068,83,2,230,460
9230,3068,81,1,306,306
9231,3069,62,1,155,155
9232,3069,53,1,166,166
9233,3069,99,1,280,280
9234,3070,90,2,393,786
9235,3070,113,2,128,256
9236,3070,50,2,243,486
9237,3071,107,1,256,256
9238,3071,50,2,243,486
9239,3071,95,2,331,662
9240,3072,31,1,360,360
9241,3072,99,2,280,560
9242,3072,78,3,236,708
9243,3072,28,2,233,466
9244,3073,37,2,376,752
9245,3073,56,2,186,372
9246,3074,35,2,190,380
9247,3074,67,3,87,261
9248,3074,89,3,265,795
9249,3074,58,1,304,304
9250,3075,107,2,256,512
9251,3075,8,3,137,411
9252,3076,17,2,382,764
9253,3076,105,2,275,550
9254,3076,51,1,206,206
9255,3077,110,2,315,630
9256,3077,13,2,102,204
9257,3077,48,3,263,789
9258,3077,45,3,200,600
9259,3078,48,1,263,263
9260,3078,2,2,417,834
9261,3078,6,2,145,290
9262,3078,107,2,256,512
9263,3079,11,3,282,846
9264,3079,31,3,360,1080
9265,3079,23,2,315,630
9266,3079,103,1,298,298
9267,3080,33,1,237,237
9268,3080,42,1,414,414
9269,3081,69,3,231,693
9270,3081,52,2,463,926
9271,3081,46,2,233,466
9272,3081,110,1,315,315
9273,3082,57,3,429,1287
9274,3082,24,2,327,654
9275,3082,80,1,237,237
9276,3083,34,3,167,501
9277,3083,91,2,192,384
9278,3083,80,3,237,711
9279,3083,15,3,78,234
9280,3084,14,1,240,240
9281,3084,112,2,360,720
9282,3085,70,2,228,456
9283,3085,55,3,379,1137
9284,3085,18,1,198,198
9285,3086,97,1,136,136
9286,3086,89,2,265,530
9287,3086,36,3,253,759
9288,3086,80,2,237,474
9289,3087,27,2,287,574
9290,3087,113,2,128,256
9291,3087,7,1,375,375
9292,3087,90,1,393,393
9293,3088,88,1,393,393
9294,3088,77,3,133,399
9295,3088,111,1,206,206
9296,3088,74,3,375,1125
9297,3089,72,1,182,182
9298,3089,88,1,393,393
9299,3089,105,2,275,550
9300,3089,98,1,264,264
9301,3090,120,1,159,159
9302,3090,108,2,235,470
9303,3091,50,2,243,486
9304,3091,112,1,360,360
9305,3091,1,3,280,840
9306,3091,53,2,166,332
9307,3092,35,2,190,380
9308,3092,101,1,195,195
9309,3092,11,3,282,846
9310,3093,95,3,331,993
9311,3093,56,3,186,558
9312,3094,31,1,360,360
9313,3094,36,2,253,506
9314,3094,10,1,372,372
9315,3094,29,2,174,348
9316,3095,61,3,222,666
9317,3095,16,2,178,356
9318,3095,31,2,360,720
9319,3095,92,3,156,468
9320,3096,87,1,362,362
9321,3096,90,2,393,786
9322,3097,57,1,429,429
9323,3097,26,2,393,786
9324,3098,32,1,266,266
9325,3098,106,1,181,181
9326,3098,2,1,417,417
9327,3099,41,2,232,464
9328,3099,120,2,159,318
9329,3099,83,2,230,460
9330,3099,89,1,265,265
9331,3100,42,2,414,828
9332,3100,101,1,195,195
9333,3101,89,1,265,265
9334,3101,43,1,362,362
9335,3101,46,3,233,699
9336,3102,14,3,240,720
9337,3102,15,3,78,234
9338,3103,10,3,372,1116
9339,3103,93,2,287,574
9340,3103,21,2,265,530
9341,3103,24,1,327,327
9342,3104,31,2,360,720
9343,3104,112,2,360,720
9344,3105,49,1,201,201
9345,3105,90,2,393,786
9346,3106,117,2,157,314
9347,3106,75,3,259,777
9348,3106,91,3,192,576
9349,3106,69,3,231,693
9350,3107,40,1,347,347
9351,3107,65,3,186,558
9352,3107,21,2,265,530
9353,3108,21,2,265,530
9354,3108,2,1,417,417
9355,3108,97,1,136,136
9356,3109,111,3,206,618
9357,3109,25,1,292,292
9358,3109,42,3,414,1242
9359,3110,77,3,133,399
9360,3110,101,2,195,390
9361,3111,34,1,167,167
9362,3111,68,1,393,393
9363,3111,90,2,393,786
9364,3112,27,2,287,574
9365,3112,80,2,237,474
9366,3112,80,1,237,237
9367,3112,25,1,292,292
9368,3113,30,2,267,534
9369,3113,105,2,275,550
9370,3113,48,2,263,526
9371,3113,117,1,157,157
9372,3114,105,1,275,275
9373,3114,39,1,389,389
9374,3115,49,2,201,402
9375,3115,59,2,296,592
9376,3115,15,2,78,156
9377,3116,21,3,265,795
9378,3116,34,2,167,334
9379,3117,24,2,327,654
9380,3117,15,3,78,234
9381,3117,9,3,384,1152
9382,3118,65,3,186,558
9383,3118,77,1,133,133
9384,3118,109,2,119,238
9385,3119,59,2,296,592
9386,3119,77,3,133,399
9387,3120,48,1,263,263
9388,3120,27,3,287,861
9389,3120,3,2,282,564
9390,3121,57,1,429,429
9391,3121,69,2,231,462
9392,3121,38,3,265,795
9393,3122,61,2,222,444
9394,3122,63,2,416,832
9395,3122,97,1,136,136
9396,3123,7,2,375,750
9397,3123,102,2,214,428
9398,3124,44,3,263,789
9399,3124,29,1,174,174
9400,3124,75,1,259,259
9401,3124,120,2,159,318
9402,3125,31,3,360,1080
9403,3125,29,1,174,174
9404,3126,74,1,375,375
9405,3126,55,3,379,1137
9406,3126,28,1,233,233
9407,3126,83,2,230,460
9408,3127,20,3,184,552
9409,3127,65,1,186,186
9410,3127,6,3,145,435
9411,3127,22,2,290,580
9412,3128,72,3,182,546
9413,3128,101,1,195,195
9414,3128,2,3,417,1251
9415,3129,3,2,282,564
9416,3129,61,1,222,222
9417,3129,117,3,157,471
9418,3130,64,2,284,568
9419,3130,85,2,309,618
9420,3130,109,1,119,119
9421,3131,83,3,230,690
9422,3131,46,2,233,466
9423,3132,43,1,362,362
9424,3132,93,1,287,287
9425,3132,60,2,330,660
9426,3133,103,3,298,894
9427,3133,104,1,137,137
9428,3133,92,1,156,156
9429,3134,24,3,327,981
9430,3134,55,2,379,758
9431,3134,33,1,237,237
9432,3134,23,1,315,315
9433,3135,94,2,263,526
9434,3135,90,2,393,786
9435,3135,2,3,417,1251
9436,3136,76,2,303,606
9437,3136,99,2,280,560
9438,3137,112,3,360,1080
9439,3137,41,2,232,464
9440,3137,73,2,167,334
9441,3138,115,3,394,1182
9442,3138,84,3,234,702
9443,3139,5,1,305,305
9444,3139,30,1,267,267
9445,3139,71,1,246,246
9446,3139,101,3,195,585
9447,3140,87,2,362,724
9448,3140,60,3,330,990
9449,3140,120,3,159,477
9450,3140,48,2,263,526
9451,3141,48,2,263,526
9452,3141,16,1,178,178
9453,3141,64,3,284,852
9454,3141,104,2,137,274
9455,3142,40,3,347,1041
9456,3142,67,2,87,174
9457,3142,64,3,284,852
9458,3142,60,3,330,990
9459,3143,105,1,275,275
9460,3143,66,1,232,232
9461,3143,69,3,231,693
9462,3144,88,1,393,393
9463,3144,74,3,375,1125
9464,3145,85,3,309,927
9465,3145,101,2,195,390
9466,3145,98,2,264,528
9467,3145,43,2,362,724
9468,3146,53,2,166,332
9469,3146,4,2,209,418
9470,3146,116,1,253,253
9471,3146,17,1,382,382
9472,3147,85,3,309,927
9473,3147,4,1,209,209
9474,3148,9,3,384,1152
9475,3148,47,1,83,83
9476,3149,7,3,375,1125
9477,3149,2,3,417,1251
9478,3150,104,1,137,137
9479,3150,95,3,331,993
9480,3151,99,2,280,560
9481,3151,69,1,231,231
9482,3151,29,3,174,522
9483,3151,4,3,209,627
9484,3152,120,2,159,318
9485,3152,63,2,416,832
9486,3152,80,3,237,711
9487,3152,52,1,463,463
9488,3153,89,1,265,265
9489,3153,83,1,230,230
9490,3154,41,1,232,232
9491,3154,77,2,133,266
9492,3154,21,2,265,530
9493,3154,85,3,309,927
9494,3155,77,3,133,399
9495,3155,97,3,136,408
9496,3155,16,3,178,534
9497,3155,29,1,174,174
9498,3156,34,3,167,501
9499,3156,49,1,201,201
9500,3156,107,2,256,512
9501,3157,99,3,280,840
9502,3157,18,2,198,396
9503,3157,57,2,429,858
9504,3158,77,3,133,399
9505,3158,93,1,287,287
9506,3159,40,1,347,347
9507,3159,97,3,136,408
9508,3159,90,2,393,786
9509,3160,22,3,290,870
9510,3160,22,3,290,870
9511,3160,30,3,267,801
9512,3160,61,1,222,222
9513,3161,66,1,232,232
9514,3161,24,3,327,981
9515,3162,23,1,315,315
9516,3162,51,3,206,618
9517,3162,64,1,284,284
9518,3162,89,2,265,530
9519,3163,8,1,137,137
9520,3163,44,3,263,789
9521,3163,117,2,157,314
9522,3164,69,3,231,693
9523,3164,114,1,284,284
9524,3164,21,1,265,265
9525,3164,22,1,290,290
9526,3165,3,1,282,282
9527,3165,97,3,136,408
9528,3165,102,3,214,642
9529,3166,118,3,190,570
9530,3166,37,1,376,376
9531,3166,49,1,201,201
9532,3166,4,2,209,418
9533,3167,81,3,306,918
9534,3167,109,1,119,119
9535,3167,53,1,166,166
9536,3168,16,3,178,534
9537,3168,107,2,256,512
9538,3168,118,1,190,190
9539,3169,76,2,303,606
9540,3169,117,3,157,471
9541,3169,33,1,237,237
9542,3169,45,1,200,200
9543,3170,115,1,394,394
9544,3170,103,1,298,298
9545,3171,10,2,372,744
9546,3171,119,3,133,399
9547,3172,17,1,382,382
9548,3172,44,3,263,789
9549,3172,69,1,231,231
9550,3173,39,2,389,778
9551,3173,62,3,155,465
9552,3173,93,1,287,287
9553,3174,16,3,178,534
9554,3174,34,3,167,501
9555,3175,44,3,263,789
9556,3175,25,3,292,876
9557,3175,61,3,222,666
9558,3176,45,3,200,600
9559,3176,2,2,417,834
9560,3177,116,3,253,759
9561,3177,65,1,186,186
9562,3178,70,1,228,228
9563,3178,52,2,463,926
9564,3178,32,3,266,798
9565,3178,60,1,330,330
9566,3179,106,2,181,362
9567,3179,54,3,389,1167
9568,3179,46,2,233,466
9569,3179,41,2,232,464
9570,3180,47,1,83,83
9571,3180,14,1,240,240
9572,3181,66,3,232,696
9573,3181,59,3,296,888
9574,3181,15,3,78,234
9575,3181,95,2,331,662
9576,3182,46,2,233,466
9577,3182,104,1,137,137
9578,3183,54,3,389,1167
9579,3183,26,1,393,393
9580,3183,68,3,393,1179
9581,3183,66,1,232,232
9582,3184,40,3,347,1041
9583,3184,64,3,284,852
9584,3184,73,2,167,334
9585,3184,11,2,282,564
9586,3185,12,2,218,436
9587,3185,34,1,167,167
9588,3186,32,1,266,266
9589,3186,40,2,347,694
9590,3186,33,2,237,474
9591,3187,56,1,186,186
9592,3187,44,1,263,263
9593,3187,43,2,362,724
9594,3188,2,1,417,417
9595,3188,103,1,298,298
9596,3188,42,3,414,1242
9597,3188,69,2,231,462
9598,3189,104,3,137,411
9599,3189,37,2,376,752
9600,3189,54,1,389,389
9601,3190,43,2,362,724
9602,3190,40,1,347,347
9603,3190,4,3,209,627
9604,3190,4,3,209,627
9605,3191,117,1,157,157
9606,3191,39,3,389,1167
9607,3192,67,3,87,261
9608,3192,12,3,218,654
9609,3193,16,3,178,534
9610,3193,71,1,246,246
9611,3193,72,2,182,364
9612,3194,78,2,236,472
9613,3194,89,1,265,265
9614,3194,74,1,375,375
9615,3194,16,2,178,356
9616,3195,35,3,190,570
9617,3195,26,1,393,393
9618,3195,34,1,167,167
9619,3196,68,1,393,393
9620,3196,26,1,393,393
9621,3196,41,3,232,696
9622,3197,11,2,282,564
9623,3197,38,1,265,265
9624,3197,36,2,253,506
9625,3197,15,2,78,156
9626,3198,105,2,275,550
9627,3198,102,1,214,214
9628,3198,116,1,253,253
9629,3199,75,1,259,259
9630,3199,31,3,360,1080
9631,3199,68,1,393,393
9632,3200,83,3,230,690
9633,3200,54,1,389,389
9634,3201,40,2,347,694
9635,3201,116,1,253,253
9636,3202,76,2,303,606
9637,3202,29,1,174,174
9638,3202,108,1,235,235
9639,3203,85,2,309,618
9640,3203,61,1,222,222
9641,3203,91,2,192,384
9642,3203,55,1,379,379
9643,3204,79,3,427,1281
9644,3204,52,1,463,463
9645,3205,98,1,264,264
9646,3205,99,2,280,560
9647,3206,74,2,375,750
9648,3206,118,3,190,570
9649,3206,24,2,327,654
9650,3206,24,1,327,327
9651,3207,55,1,379,379
9652,3207,62,3,155,465
9653,3208,85,2,309,618
9654,3208,100,3,271,813
9655,3208,115,2,394,788
9656,3209,78,3,236,708
9657,3209,92,3,156,468
9658,3209,9,2,384,768
9659,3210,13,2,102,204
9660,3210,47,2,83,166
9661,3210,6,3,145,435
9662,3211,41,2,232,464
9663,3211,16,1,178,178
9664,3211,70,3,228,684
9665,3212,53,3,166,498
9666,3212,92,2,156,312
9667,3212,103,1,298,298
9668,3212,77,1,133,133
9669,3213,1,2,280,560
9670,3213,71,2,246,492
9671,3214,15,3,78,234
9672,3214,66,1,232,232
9673,3214,30,3,267,801
9674,3215,43,3,362,1086
9675,3215,101,3,195,585
9676,3215,46,1,233,233
9677,3216,100,3,271,813
9678,3216,28,2,233,466
9679,3216,107,2,256,512
9680,3216,61,3,222,666
9681,3217,49,3,201,603
9682,3217,44,2,263,526
9683,3218,33,1,237,237
9684,3218,93,2,287,574
9685,3218,67,2,87,174
9686,3218,61,3,222,666
9687,3219,63,3,416,1248
9688,3219,2,2,417,834
9689,3220,66,2,232,464
9690,3220,33,3,237,711
9691,3221,65,3,186,558
9692,3221,14,2,240,480
9693,3221,75,3,259,777
9694,3221,54,1,389,389
9695,3222,104,1,137,137
9696,3222,42,3,414,1242
9697,3222,34,1,167,167
9698,3222,80,1,237,237
9699,3223,67,3,87,261
9700,3223,44,3,263,789
9701,3223,18,3,198,594
9702,3224,56,2,186,372
9703,3224,60,3,330,990
9704,3224,76,1,303,303
9705,3225,41,3,232,696
9706,3225,43,1,362,362
9707,3225,108,1,235,235
9708,3225,31,1,360,360
9709,3226,11,3,282,846
9710,3226,104,2,137,274
9711,3226,15,3,78,234
9712,3226,90,1,393,393
9713,3227,109,1,119,119
9714,3227,91,3,192,576
9715,3228,75,1,259,259
9716,3228,16,3,178,534
9717,3229,60,1,330,330
9718,3229,81,2,306,612
9719,3229,44,1,263,263
9720,3230,25,2,292,584
9721,3230,77,2,133,266
9722,3231,11,1,282,282
9723,3231,12,2,218,436
9724,3232,114,2,284,568
9725,3232,99,3,280,840
9726,3233,22,2,290,580
9727,3233,106,1,181,181
9728,3233,63,2,416,832
9729,3234,64,3,284,852
9730,3234,71,3,246,738
9731,3234,43,2,362,724
9732,3234,103,2,298,596
9733,3235,51,1,206,206
9734,3235,101,3,195,585
9735,3235,9,2,384,768
9736,3236,115,1,394,394
9737,3236,1,3,280,840
9738,3236,33,3,237,711
9739,3237,100,2,271,542
9740,3237,111,3,206,618
9741,3237,14,2,240,480
9742,3238,110,2,315,630
9743,3238,89,2,265,530
9744,3238,49,1,201,201
9745,3238,114,1,284,284
9746,3239,102,3,214,642
9747,3239,15,3,78,234
9748,3239,3,1,282,282
9749,3239,80,3,237,711
9750,3240,105,3,275,825
9751,3240,31,2,360,720
9752,3241,54,2,389,778
9753,3241,70,1,228,228
9754,3241,78,3,236,708
9755,3242,80,3,237,711
9756,3242,10,1,372,372
9757,3242,29,1,174,174
9758,3242,11,3,282,846
9759,3243,93,3,287,861
9760,3243,95,2,331,662
9761,3243,17,3,382,1146
9762,3243,113,1,128,128
9763,3244,79,2,427,854
9764,3244,29,1,174,174
9765,3244,10,2,372,744
9766,3244,47,2,83,166
9767,3245,103,3,298,894
9768,3245,87,2,362,724
9769,3245,99,1,280,280
9770,3246,31,3,360,1080
9771,3246,7,2,375,750
9772,3246,24,2,327,654
9773,3246,108,1,235,235
9774,3247,45,2,200,400
9775,3247,4,1,209,209
9776,3247,10,3,372,1116
9777,3248,89,3,265,795
9778,3248,62,1,155,155
9779,3249,80,2,237,474
9780,3249,95,2,331,662
9781,3249,87,1,362,362
9782,3249,18,2,198,396
9783,3250,28,1,233,233
9784,3250,57,3,429,1287
9785,3250,118,3,190,570
9786,3250,8,3,137,411
9787,3251,46,2,233,466
9788,3251,31,1,360,360
9789,3252,7,3,375,1125
9790,3252,82,1,256,256
9791,3253,107,2,256,512
9792,3253,81,3,306,918
9793,3253,94,1,263,263
9794,3253,10,3,372,1116
9795,3254,61,3,222,666
9796,3254,113,1,128,128
9797,3254,46,3,233,699
9798,3255,37,1,376,376
9799,3255,108,2,235,470
9800,3255,37,2,376,752
9801,3255,8,1,137,137
9802,3256,84,3,234,702
9803,3256,75,2,259,518
9804,3256,96,3,402,1206
9805,3257,4,2,209,418
9806,3257,108,1,235,235
9807,3257,2,1,417,417
9808,3258,98,3,264,792
9809,3258,64,3,284,852
9810,3259,118,1,190,190
9811,3259,106,3,181,543
9812,3259,58,1,304,304
9813,3260,65,2,186,372
9814,3260,17,2,382,764
9815,3260,88,2,393,786
9816,3261,65,1,186,186
9817,3261,91,3,192,576
9818,3261,113,3,128,384
9819,3261,120,3,159,477
9820,3262,105,1,275,275
9821,3262,73,1,167,167
9822,3262,8,2,137,274
9823,3262,115,2,394,788
9824,3263,76,1,303,303
9825,3263,57,3,429,1287
9826,3264,94,3,263,789
9827,3264,102,2,214,428
9828,3265,28,3,233,699
9829,3265,113,3,128,384
9830,3266,5,3,305,915
9831,3266,59,3,296,888
9832,3266,66,1,232,232
9833,3266,6,1,145,145
9834,3267,86,3,234,702
9835,3267,58,3,304,912
9836,3267,77,3,133,399
9837,3268,21,1,265,265
9838,3268,41,1,232,232
9839,3268,44,3,263,789
9840,3268,67,1,87,87
9841,3269,31,2,360,720
9842,3269,18,2,198,396
9843,3269,6,3,145,435
9844,3270,54,1,389,389
9845,3270,101,3,195,585
9846,3271,83,3,230,690
9847,3271,102,3,214,642
9848,3271,37,1,376,376
9849,3272,49,3,201,603
9850,3272,110,3,315,945
9851,3273,2,3,417,1251
9852,3273,78,1,236,236
9853,3274,58,3,304,912
9854,3274,110,2,315,630
9855,3274,37,3,376,1128
9856,3275,15,2,78,156
9857,3275,1,2,280,560
9858,3275,47,1,83,83
9859,3275,10,1,372,372
9860,3276,115,2,394,788
9861,3276,91,2,192,384
9862,3276,6,2,145,290
9863,3276,67,1,87,87
9864,3277,64,3,284,852
9865,3277,53,1,166,166
9866,3278,94,3,263,789
9867,3278,77,3,133,399
9868,3279,83,1,230,230
9869,3279,116,3,253,759
9870,3279,73,3,167,501
9871,3279,60,2,330,660
9872,3280,4,2,209,418
9873,3280,24,1,327,327
9874,3281,90,3,393,1179
9875,3281,101,3,195,585
9876,3281,109,1,119,119
9877,3281,80,2,237,474
9878,3282,109,2,119,238
9879,3282,88,1,393,393
9880,3283,39,1,389,389
9881,3283,110,3,315,945
9882,3283,35,1,190,190
9883,3283,41,2,232,464
9884,3284,64,3,284,852
9885,3284,28,1,233,233
9886,3285,62,3,155,465
9887,3285,19,3,297,891
9888,3285,36,3,253,759
9889,3286,96,2,402,804
9890,3286,61,3,222,666
9891,3286,56,2,186,372
9892,3286,82,2,256,512
9893,3287,57,1,429,429
9894,3287,71,2,246,492
9895,3287,115,3,394,1182
9896,3287,73,2,167,334
9897,3288,80,3,237,711
9898,3288,99,1,280,280
9899,3288,23,1,315,315
9900,3288,32,3,266,798
9901,3289,43,3,362,1086
9902,3289,98,3,264,792
9903,3289,29,3,174,522
9904,3289,47,3,83,249
9905,3290,104,2,137,274
9906,3290,15,3,78,234
9907,3290,88,1,393,393
9908,3291,60,1,330,330
9909,3291,4,3,209,627
9910,3292,77,3,133,399
9911,3292,99,3,280,840
9912,3292,81,1,306,306
9913,3293,41,1,232,232
9914,3293,100,3,271,813
9915,3293,114,3,284,852
9916,3293,85,1,309,309
9917,3294,106,3,181,543
9918,3294,5,2,305,610
9919,3294,96,2,402,804
9920,3295,9,3,384,1152
9921,3295,37,2,376,752
9922,3295,60,2,330,660
9923,3295,89,2,265,530
9924,3296,30,2,267,534
9925,3296,12,1,218,218
9926,3296,120,1,159,159
9927,3297,117,1,157,157
9928,3297,28,1,233,233
9929,3297,39,3,389,1167
9930,3298,55,1,379,379
9931,3298,94,1,263,263
9932,3299,58,3,304,912
9933,3299,71,3,246,738
9934,3300,68,3,393,1179
9935,3300,52,3,463,1389
9936,3301,46,3,233,699
9937,3301,64,3,284,852
9938,3301,55,1,379,379
9939,3302,95,1,331,331
9940,3302,49,2,201,402
9941,3302,16,3,178,534
9942,3302,71,2,246,492
9943,3303,110,3,315,945
9944,3303,68,3,393,1179
9945,3303,6,1,145,145
9946,3303,97,1,136,136
9947,3304,64,1,284,284
9948,3304,24,3,327,981
9949,3304,102,1,214,214
9950,3305,58,2,304,608
9951,3305,64,2,284,568
9952,3305,116,1,253,253
9953,3306,118,3,190,570
9954,3306,2,1,417,417
9955,3306,26,1,393,393
9956,3307,71,3,246,738
9957,3307,77,1,133,133
9958,3307,100,2,271,542
9959,3308,59,1,296,296
9960,3308,87,2,362,724
9961,3308,15,2,78,156
9962,3309,106,3,181,543
9963,3309,37,3,376,1128
9964,3310,80,2,237,474
9965,3310,76,3,303,909
9966,3310,109,2,119,238
9967,3310,90,1,393,393
9968,3311,12,2,218,436
9969,3311,83,1,230,230
9970,3312,77,3,133,399
9971,3312,11,1,282,282
9972,3313,52,1,463,463
9973,3313,93,3,287,861
9974,3313,98,3,264,792
9975,3313,63,3,416,1248
9976,3314,58,3,304,912
9977,3314,81,2,306,612
9978,3315,77,3,133,399
9979,3315,15,1,78,78
9980,3315,64,2,284,568
9981,3316,27,1,287,287
9982,3316,112,3,360,1080
9983,3316,17,1,382,382
9984,3316,79,2,427,854
9985,3317,104,1,137,137
9986,3317,47,3,83,249
9987,3317,46,1,233,233
9988,3318,43,2,362,724
9989,3318,25,1,292,292
9990,3319,92,1,156,156
9991,3319,58,1,304,304
9992,3319,83,3,230,690
9993,3320,25,2,292,584
9994,3320,63,3,416,1248
9995,3321,9,3,384,1152
9996,3321,42,3,414,1242
9997,3321,85,1,309,309
9998,3322,116,3,253,759
9999,3322,48,1,263,263
10000,3322,2,2,417,834
10001,3323,93,2,287,574
10002,3323,19,2,297,594
10003,3324,106,2,181,362
10004,3324,103,2,298,596
10005,3324,14,1,240,240
10006,3325,104,3,137,411
10007,3325,42,2,414,828
10008,3325,17,1,382,382
10009,3326,56,1,186,186
10010,3326,67,2,87,174
10011,3327,65,3,186,558
10012,3327,23,1,315,315
10013,3328,15,3,78,234
10014,3328,48,3,263,789
10015,3329,81,3,306,918
10016,3329,10,1,372,372
10017,3329,77,2,133,266
10018,3329,30,3,267,801
10019,3330,34,1,167,167
10020,3330,100,3,271,813
10021,3331,95,1,331,331
10022,3331,35,1,190,190
10023,3332,55,1,379,379
10024,3332,90,3,393,1179
10025,3332,103,3,298,894
10026,3332,9,3,384,1152
10027,3333,47,1,83,83
10028,3333,63,1,416,416
10029,3334,6,1,145,145
10030,3334,63,3,416,1248
10031,3335,17,1,382,382
10032,3335,45,1,200,200
10033,3335,13,3,102,306
10034,3336,73,2,167,334
10035,3336,2,2,417,834
10036,3337,39,1,389,389
10037,3337,48,3,263,789
10038,3338,45,1,200,200
10039,3338,46,2,233,466
10040,3338,73,1,167,167
10041,3339,88,3,393,1179
10042,3339,86,3,234,702
10043,3339,59,3,296,888
10044,3340,98,2,264,528
10045,3340,27,3,287,861
10046,3340,108,2,235,470
10047,3340,3,3,282,846
10048,3341,37,1,376,376
10049,3341,110,2,315,630
10050,3341,52,3,463,1389
10051,3342,77,1,133,133
10052,3342,20,3,184,552
10053,3343,13,3,102,306
10054,3343,114,3,284,852
10055,3343,85,3,309,927
10056,3343,13,1,102,102
10057,3344,100,1,271,271
10058,3344,97,1,136,136
10059,3344,32,1,266,266
10060,3345,3,1,282,282
10061,3345,54,3,389,1167
10062,3345,80,1,237,237
10063,3346,24,1,327,327
10064,3346,14,2,240,480
10065,3346,50,3,243,729
10066,3346,115,2,394,788
10067,3347,31,1,360,360
10068,3347,12,2,218,436
10069,3347,40,2,347,694
10070,3348,92,3,156,468
10071,3348,26,3,393,1179
10072,3349,92,2,156,312
10073,3349,48,2,263,526
10074,3349,7,1,375,375
10075,3349,29,2,174,348
10076,3350,62,3,155,465
10077,3350,68,1,393,393
10078,3350,102,2,214,428
10079,3350,97,2,136,272
10080,3351,112,1,360,360
10081,3351,75,3,259,777
10082,3351,65,3,186,558
10083,3352,95,3,331,993
10084,3352,2,1,417,417
10085,3352,81,2,306,612
10086,3353,51,2,206,412
10087,3353,93,2,287,574
10088,3353,8,3,137,411
10089,3354,64,3,284,852
10090,3354,34,3,167,501
10091,3355,22,3,290,870
10092,3355,84,3,234,702
10093,3356,84,1,234,234
10094,3356,39,1,389,389
10095,3356,118,3,190,570
10096,3357,60,1,330,330
10097,3357,86,3,234,702
10098,3357,24,2,327,654
10099,3357,27,1,287,287
10100,3358,23,3,315,945
10101,3358,100,1,271,271
10102,3359,27,3,287,861
10103,3359,8,1,137,137
10104,3359,28,2,233,466
10105,3360,39,3,389,1167
10106,3360,112,1,360,360
10107,3360,38,2,265,530
10108,3361,28,1,233,233
10109,3361,52,2,463,926
10110,3361,114,3,284,852
10111,3362,106,1,181,181
10112,3362,15,1,78,78
10113,3362,28,3,233,699
10114,3363,102,2,214,428
10115,3363,10,1,372,372
10116,3364,118,2,190,380
10117,3364,35,2,190,380
10118,3364,76,2,303,606
10119,3365,43,1,362,362
10120,3365,20,2,184,368
10121,3365,50,1,243,243
10122,3366,39,1,389,389
10123,3366,53,3,166,498
10124,3366,52,3,463,1389
10125,3366,24,1,327,327
10126,3367,109,3,119,357
10127,3367,53,1,166,166
10128,3367,77,1,133,133
10129,3368,78,1,236,236
10130,3368,105,2,275,550
10131,3368,47,1,83,83
10132,3369,45,2,200,400
10133,3369,47,3,83,249
10134,3369,42,1,414,414
10135,3370,11,3,282,846
10136,3370,4,3,209,627
10137,3370,18,1,198,198
10138,3370,60,3,330,990
10139,3371,3,3,282,846
10140,3371,15,2,78,156
10141,3371,75,3,259,777
10142,3371,98,3,264,792
10143,3372,20,2,184,368
10144,3372,39,2,389,778
10145,3372,21,2,265,530
10146,3373,68,1,393,393
10147,3373,51,3,206,618
10148,3374,6,1,145,145
10149,3374,47,3,83,249
10150,3375,93,1,287,287
10151,3375,28,1,233,233
10152,3376,92,2,156,312
10153,3376,65,3,186,558
10154,3376,107,3,256,768
10155,3376,60,2,330,660
10156,3377,68,2,393,786
10157,3377,9,1,384,384
10158,3377,32,2,266,532
10159,3378,73,1,167,167
10160,3378,39,1,389,389
10161,3379,98,3,264,792
10162,3379,70,3,228,684
10163,3380,71,1,246,246
10164,3380,40,1,347,347
10165,3381,73,2,167,334
10166,3381,103,2,298,596
10167,3382,17,1,382,382
10168,3382,106,1,181,181
10169,3382,81,2,306,612
10170,3383,22,2,290,580
10171,3383,100,2,271,542
10172,3383,53,2,166,332
10173,3383,99,2,280,560
10174,3384,24,1,327,327
10175,3384,119,1,133,133
10176,3384,116,3,253,759
10177,3385,106,2,181,362
10178,3385,119,2,133,266
10179,3385,16,3,178,534
10180,3385,96,1,402,402
10181,3386,3,3,282,846
10182,3386,70,2,228,456
10183,3386,38,3,265,795
10184,3386,10,3,372,1116
10185,3387,48,2,263,526
10186,3387,107,1,256,256
10187,3387,17,3,382,1146
10188,3388,10,3,372,1116
10189,3388,50,3,243,729
10190,3388,115,1,394,394
10191,3388,44,2,263,526
10192,3389,102,2,214,428
10193,3389,48,2,263,526
10194,3389,87,1,362,362
10195,3390,117,3,157,471
10196,3390,69,1,231,231
10197,3390,115,2,394,788
10198,3391,22,1,290,290
10199,3391,105,2,275,550
10200,3392,33,2,237,474
10201,3392,95,1,331,331
10202,3392,38,2,265,530
10203,3393,62,2,155,310
10204,3393,49,3,201,603
10205,3394,94,2,263,526
10206,3394,48,3,263,789
10207,3394,23,1,315,315
10208,3394,118,1,190,190
10209,3395,46,3,233,699
10210,3395,28,2,233,466
10211,3395,78,2,236,472
10212,3396,61,3,222,666
10213,3396,43,1,362,362
10214,3396,28,2,233,466
10215,3396,78,3,236,708
10216,3397,27,3,287,861
10217,3397,92,3,156,468
10218,3397,78,3,236,708
10219,3398,103,1,298,298
10220,3398,117,1,157,157
10221,3398,70,1,228,228
10222,3398,48,2,263,526
10223,3399,48,3,263,789
10224,3399,97,2,136,272
10225,3400,109,1,119,119
10226,3400,60,3,330,990
10227,3400,62,2,155,310
10228,3400,98,2,264,528
10229,3401,38,2,265,530
10230,3401,114,2,284,568
10231,3402,39,1,389,389
10232,3402,49,2,201,402
10233,3402,29,3,174,522
10234,3403,9,2,384,768
10235,3403,98,1,264,264
10236,3403,60,2,330,660
10237,3403,42,2,414,828
10238,3404,117,3,157,471
10239,3404,53,1,166,166
10240,3404,59,3,296,888
10241,3405,100,3,271,813
10242,3405,96,1,402,402
10243,3405,80,2,237,474
10244,3405,43,1,362,362
10245,3406,105,1,275,275
10246,3406,52,2,463,926
10247,3407,64,1,284,284
10248,3407,4,3,209,627
10249,3407,70,1,228,228
10250,3407,113,2,128,256
10251,3408,82,2,256,512
10252,3408,4,3,209,627
10253,3409,56,2,186,372
10254,3409,116,1,253,253
10255,3409,26,2,393,786
10256,3410,108,2,235,470
10257,3410,1,3,280,840
10258,3410,87,1,362,362
10259,3410,16,1,178,178
10260,3411,89,1,265,265
10261,3411,77,1,133,133
10262,3411,93,1,287,287
10263,3411,75,3,259,777
10264,3412,110,1,315,315
10265,3412,29,1,174,174
10266,3412,32,2,266,532
10267,3412,26,3,393,1179
10268,3413,120,1,159,159
10269,3413,110,2,315,630
10270,3413,47,3,83,249
10271,3414,89,2,265,530
10272,3414,30,3,267,801
10273,3414,3,1,282,282
10274,3415,98,3,264,792
10275,3415,48,2,263,526
10276,3415,17,1,382,382
10277,3416,120,1,159,159
10278,3416,66,2,232,464
10279,3417,119,1,133,133
10280,3417,26,3,393,1179
10281,3417,32,2,266,532
10282,3417,111,1,206,206
10283,3418,99,3,280,840
10284,3418,106,3,181,543
10285,3418,86,1,234,234
10286,3418,85,2,309,618
10287,3419,67,1,87,87
10288,3419,64,2,284,568
10289,3420,87,3,362,1086
10290,3420,36,3,253,759
10291,3420,4,3,209,627
10292,3420,60,3,330,990
10293,3421,52,1,463,463
10294,3421,22,3,290,870
10295,3422,119,1,133,133
10296,3422,118,2,190,380
10297,3423,68,3,393,1179
10298,3423,78,1,236,236
10299,3423,76,2,303,606
10300,3423,54,3,389,1167
10301,3424,75,3,259,777
10302,3424,119,2,133,266
10303,3424,29,3,174,522
10304,3424,58,2,304,608
10305,3425,67,2,87,174
10306,3425,75,1,259,259
10307,3425,37,1,376,376
10308,3425,62,1,155,155
10309,3426,37,3,376,1128
10310,3426,29,2,174,348
10311,3426,86,3,234,702
10312,3427,30,2,267,534
10313,3427,18,3,198,594
10314,3427,24,1,327,327
10315,3427,5,2,305,610
10316,3428,31,1,360,360
10317,3428,43,3,362,1086
10318,3428,33,1,237,237
10319,3429,67,1,87,87
10320,3429,34,3,167,501
10321,3429,17,1,382,382
10322,3430,40,2,347,694
10323,3430,115,2,394,788
10324,3431,23,3,315,945
10325,3431,109,1,119,119
10326,3431,119,3,133,399
10327,3432,98,2,264,528
10328,3432,116,1,253,253
10329,3432,65,3,186,558
10330,3432,50,2,243,486
10331,3433,47,3,83,249
10332,3433,33,2,237,474
10333,3433,104,1,137,137
10334,3434,90,2,393,786
10335,3434,80,3,237,711
10336,3434,48,1,263,263
10337,3435,77,1,133,133
10338,3435,52,2,463,926
10339,3436,109,1,119,119
10340,3436,48,3,263,789
10341,3437,114,1,284,284
10342,3437,87,2,362,724
10343,3437,4,3,209,627
10344,3437,110,3,315,945
10345,3438,112,3,360,1080
10346,3438,11,3,282,846
10347,3438,68,3,393,1179
10348,3439,81,3,306,918
10349,3439,69,1,231,231
10350,3440,44,3,263,789
10351,3440,8,3,137,411
10352,3440,113,3,128,384
10353,3441,4,3,209,627
10354,3441,67,1,87,87
10355,3442,110,2,315,630
10356,3442,93,2,287,574
10357,3443,11,1,282,282
10358,3443,90,3,393,1179
10359,3444,51,1,206,206
10360,3444,87,3,362,1086
10361,3444,25,3,292,876
10362,3444,113,3,128,384
10363,3445,47,1,83,83
10364,3445,38,2,265,530
10365,3445,79,1,427,427
10366,3445,76,2,303,606
10367,3446,68,2,393,786
10368,3446,89,3,265,795
10369,3446,120,1,159,159
10370,3447,85,2,309,618
10371,3447,74,2,375,750
10372,3447,118,3,190,570
10373,3447,82,3,256,768
10374,3448,49,2,201,402
10375,3448,8,3,137,411
10376,3449,97,3,136,408
10377,3449,75,1,259,259
10378,3449,24,1,327,327
10379,3450,61,1,222,222
10380,3450,52,3,463,1389
10381,3451,58,3,304,912
10382,3451,57,1,429,429
10383,3451,35,3,190,570
10384,3451,11,1,282,282
10385,3452,23,3,315,945
10386,3452,40,3,347,1041
10387,3452,7,2,375,750
10388,3453,13,2,102,204
10389,3453,102,3,214,642
10390,3454,117,2,157,314
10391,3454,12,3,218,654
10392,3454,105,3,275,825
10393,3455,41,2,232,464
10394,3455,19,2,297,594
10395,3455,114,1,284,284
10396,3456,60,3,330,990
10397,3456,15,2,78,156
10398,3456,83,3,230,690
10399,3456,33,3,237,711
10400,3457,86,2,234,468
10401,3457,4,1,209,209
10402,3458,49,2,201,402
10403,3458,39,2,389,778
10404,3459,24,2,327,654
10405,3459,60,2,330,660
10406,3460,89,3,265,795
10407,3460,87,2,362,724
10408,3460,110,2,315,630
10409,3460,114,1,284,284
10410,3461,76,2,303,606
10411,3461,92,1,156,156
10412,3461,37,1,376,376
10413,3462,97,3,136,408
10414,3462,17,3,382,1146
10415,3463,26,2,393,786
10416,3463,15,2,78,156
10417,3463,16,1,178,178
10418,3464,87,2,362,724
10419,3464,101,2,195,390
10420,3465,87,1,362,362
10421,3465,106,1,181,181
10422,3465,65,2,186,372
10423,3465,94,2,263,526
10424,3466,18,3,198,594
10425,3466,91,1,192,192
10426,3467,57,3,429,1287
10427,3467,9,1,384,384
10428,3467,38,2,265,530
10429,3468,96,2,402,804
10430,3468,65,1,186,186
10431,3468,29,1,174,174
10432,3468,57,2,429,858
10433,3469,119,2,133,266
10434,3469,3,3,282,846
10435,3469,91,1,192,192
10436,3469,41,1,232,232
10437,3470,91,1,192,192
10438,3470,109,3,119,357
10439,3470,15,2,78,156
10440,3470,10,3,372,1116
10441,3471,107,2,256,512
10442,3471,73,3,167,501
10443,3472,15,3,78,234
10444,3472,114,2,284,568
10445,3472,61,3,222,666
10446,3473,111,3,206,618
10447,3473,100,3,271,813
10448,3473,106,1,181,181
10449,3474,5,2,305,610
10450,3474,71,1,246,246
10451,3475,12,2,218,436
10452,3475,56,3,186,558
10453,3476,48,1,263,263
10454,3476,77,1,133,133
10455,3476,1,3,280,840
10456,3477,94,1,263,263
10457,3477,93,1,287,287
10458,3477,45,2,200,400
10459,3478,47,3,83,249
10460,3478,113,2,128,256
10461,3478,15,1,78,78
10462,3478,29,2,174,348
10463,3479,27,1,287,287
10464,3479,41,2,232,464
10465,3480,16,2,178,356
10466,3480,12,3,218,654
10467,3480,14,1,240,240
10468,3480,2,3,417,1251
10469,3481,109,2,119,238
10470,3481,100,3,271,813
10471,3482,85,3,309,927
10472,3482,61,2,222,444
10473,3482,60,1,330,330
10474,3483,22,2,290,580
10475,3483,34,3,167,501
10476,3483,36,3,253,759
10477,3483,43,2,362,724
10478,3484,27,3,287,861
10479,3484,35,2,190,380
10480,3485,10,1,372,372
10481,3485,77,2,133,266
10482,3486,49,2,201,402
10483,3486,47,3,83,249
10484,3486,39,3,389,1167
10485,3487,102,1,214,214
10486,3487,89,1,265,265
10487,3487,58,2,304,608
10488,3487,62,1,155,155
10489,3488,101,3,195,585
10490,3488,68,3,393,1179
10491,3488,68,2,393,786
10492,3489,46,3,233,699
10493,3489,53,1,166,166
10494,3489,25,1,292,292
10495,3490,66,3,232,696
10496,3490,75,3,259,777
10497,3490,80,1,237,237
10498,3490,103,1,298,298
10499,3491,80,3,237,711
10500,3491,115,1,394,394
10501,3491,53,1,166,166
10502,3492,74,1,375,375
10503,3492,18,3,198,594
10504,3492,27,2,287,574
10505,3493,10,3,372,1116
10506,3493,27,3,287,861
10507,3494,102,2,214,428
10508,3494,9,1,384,384
10509,3494,51,2,206,412
10510,3494,17,3,382,1146
10511,3495,44,3,263,789
10512,3495,105,2,275,550
10513,3495,12,1,218,218
10514,3495,111,1,206,206
10515,3496,95,3,331,993
10516,3496,89,2,265,530
10517,3496,64,3,284,852
10518,3496,33,3,237,711
10519,3497,67,2,87,174
10520,3497,54,2,389,778
10521,3497,45,1,200,200
10522,3498,13,3,102,306
10523,3498,100,1,271,271
10524,3498,77,3,133,399
10525,3498,119,3,133,399
10526,3499,36,3,253,759
10527,3499,93,3,287,861
10528,3499,62,3,155,465
10529,3500,78,2,236,472
10530,3500,67,1,87,87
10531,3501,103,3,298,894
10532,3501,56,1,186,186
10533,3502,11,3,282,846
10534,3502,83,2,230,460
10535,3502,99,3,280,840
10536,3502,35,2,190,380
10537,3503,120,1,159,159
10538,3503,103,3,298,894
10539,3504,41,2,232,464
10540,3504,76,1,303,303
10541,3504,117,2,157,314
10542,3505,47,2,83,166
10543,3505,63,3,416,1248
10544,3505,72,3,182,546
10545,3505,61,2,222,444
10546,3506,112,1,360,360
10547,3506,72,3,182,546
10548,3506,60,3,330,990
10549,3506,19,3,297,891
10550,3507,71,3,246,738
10551,3507,3,3,282,846
10552,3507,81,1,306,306
10553,3507,32,1,266,266
10554,3508,115,1,394,394
10555,3508,18,2,198,396
10556,3509,92,2,156,312
10557,3509,25,3,292,876
10558,3509,23,1,315,315
10559,3510,50,1,243,243
10560,3510,112,1,360,360
10561,3510,5,3,305,915
10562,3510,2,2,417,834
10563,3511,92,1,156,156
10564,3511,4,2,209,418
10565,3512,74,1,375,375
10566,3512,62,1,155,155
10567,3513,11,2,282,564
10568,3513,71,3,246,738
10569,3513,76,3,303,909
10570,3514,72,2,182,364
10571,3514,100,1,271,271
10572,3515,18,2,198,396
10573,3515,67,1,87,87
10574,3515,20,3,184,552
10575,3515,9,1,384,384
10576,3516,110,3,315,945
10577,3516,13,2,102,204
10578,3516,59,3,296,888
10579,3516,109,1,119,119
10580,3517,47,1,83,83
10581,3517,60,1,330,330
10582,3517,32,3,266,798
10583,3517,45,3,200,600
10584,3518,22,2,290,580
10585,3518,111,1,206,206
10586,3518,42,1,414,414
10587,3518,73,2,167,334
10588,3519,101,3,195,585
10589,3519,69,1,231,231
10590,3519,92,2,156,312
10591,3519,50,2,243,486
10592,3520,40,1,347,347
10593,3520,32,1,266,266
10594,3521,88,2,393,786
10595,3521,29,3,174,522
10596,3521,87,3,362,1086
10597,3521,63,1,416,416
10598,3522,41,2,232,464
10599,3522,18,2,198,396
10600,3522,6,1,145,145
10601,3522,100,1,271,271
10602,3523,77,2,133,266
10603,3523,107,3,256,768
10604,3524,77,1,133,133
10605,3524,38,3,265,795
10606,3524,42,1,414,414
10607,3525,47,3,83,249
10608,3525,94,2,263,526
10609,3526,19,1,297,297
10610,3526,22,1,290,290
10611,3526,91,1,192,192
10612,3526,93,3,287,861
10613,3527,1,2,280,560
10614,3527,32,3,266,798
10615,3528,105,1,275,275
10616,3528,118,3,190,570
10617,3528,114,2,284,568
10618,3529,30,1,267,267
10619,3529,17,2,382,764
10620,3530,36,3,253,759
10621,3530,22,2,290,580
10622,3531,90,1,393,393
10623,3531,75,3,259,777
10624,3532,110,2,315,630
10625,3532,44,2,263,526
10626,3532,26,3,393,1179
10627,3532,68,2,393,786
10628,3533,59,3,296,888
10629,3533,16,2,178,356
10630,3533,44,1,263,263
10631,3533,47,2,83,166
10632,3534,60,3,330,990
10633,3534,67,1,87,87
10634,3534,23,1,315,315
10635,3534,2,3,417,1251
10636,3535,45,2,200,400
10637,3535,53,3,166,498
10638,3535,96,1,402,402
10639,3536,79,3,427,1281
10640,3536,58,1,304,304
10641,3536,102,1,214,214
10642,3536,14,1,240,240
10643,3537,61,1,222,222
10644,3537,62,1,155,155
10645,3538,103,1,298,298
10646,3538,73,1,167,167
10647,3539,42,3,414,1242
10648,3539,7,1,375,375
10649,3540,93,2,287,574
10650,3540,52,1,463,463
10651,3541,15,2,78,156
10652,3541,62,2,155,310
10653,3541,54,1,389,389
10654,3542,50,1,243,243
10655,3542,4,1,209,209
10656,3542,15,1,78,78
10657,3542,67,2,87,174
10658,3543,115,1,394,394
10659,3543,83,1,230,230
10660,3544,65,1,186,186
10661,3544,4,3,209,627
10662,3545,45,1,200,200
10663,3545,1,3,280,840
10664,3545,25,3,292,876
10665,3545,52,3,463,1389
10666,3546,83,1,230,230
10667,3546,110,1,315,315
10668,3546,12,2,218,436
10669,3546,10,3,372,1116
10670,3547,61,1,222,222
10671,3547,111,2,206,412
10672,3547,75,2,259,518
10673,3547,42,1,414,414
10674,3548,24,2,327,654
10675,3548,56,1,186,186
10676,3549,48,1,263,263
10677,3549,110,1,315,315
10678,3549,19,1,297,297
10679,3550,73,2,167,334
10680,3550,70,2,228,456
10681,3550,59,1,296,296
10682,3551,88,1,393,393
10683,3551,77,3,133,399
10684,3551,28,1,233,233
10685,3552,22,2,290,580
10686,3552,7,3,375,1125
10687,3552,113,3,128,384
10688,3552,79,1,427,427
10689,3553,95,1,331,331
10690,3553,101,2,195,390
10691,3553,49,2,201,402
10692,3554,97,3,136,408
10693,3554,118,3,190,570
10694,3554,106,3,181,543
10695,3554,36,1,253,253
10696,3555,106,1,181,181
10697,3555,6,3,145,435
10698,3556,1,2,280,560
10699,3556,9,3,384,1152
10700,3556,80,1,237,237
10701,3557,5,1,305,305
10702,3557,47,3,83,249
10703,3557,91,3,192,576
10704,3558,117,1,157,157
10705,3558,34,1,167,167
10706,3558,8,3,137,411
10707,3559,65,2,186,372
10708,3559,44,1,263,263
10709,3559,31,3,360,1080
10710,3559,117,3,157,471
10711,3560,26,3,393,1179
10712,3560,2,3,417,1251
10713,3560,106,3,181,543
10714,3561,108,3,235,705
10715,3561,24,3,327,981
10716,3562,84,3,234,702
10717,3562,90,3,393,1179
10718,3562,74,2,375,750
10719,3563,16,1,178,178
10720,3563,95,1,331,331
10721,3563,72,3,182,546
10722,3563,9,3,384,1152
10723,3564,9,2,384,768
10724,3564,55,3,379,1137
10725,3564,22,3,290,870
10726,3565,7,2,375,750
10727,3565,65,1,186,186
10728,3565,16,1,178,178
10729,3566,35,2,190,380
10730,3566,61,3,222,666
10731,3566,120,3,159,477
10732,3567,14,2,240,480
10733,3567,44,2,263,526
10734,3568,65,2,186,372
10735,3568,105,3,275,825
10736,3569,100,3,271,813
10737,3569,47,1,83,83
10738,3569,80,2,237,474
10739,3570,69,3,231,693
10740,3570,30,2,267,534
10741,3571,41,2,232,464
10742,3571,83,1,230,230
10743,3571,93,1,287,287
10744,3571,15,2,78,156
10745,3572,55,3,379,1137
10746,3572,27,3,287,861
10747,3573,64,3,284,852
10748,3573,5,1,305,305
10749,3573,43,3,362,1086
10750,3573,44,3,263,789
10751,3574,88,1,393,393
10752,3574,58,3,304,912
10753,3574,85,1,309,309
10754,3575,71,3,246,738
10755,3575,68,1,393,393
10756,3575,37,2,376,752
10757,3575,105,3,275,825
10758,3576,50,1,243,243
10759,3576,73,1,167,167
10760,3576,115,1,394,394
10761,3576,52,2,463,926
10762,3577,72,1,182,182
10763,3577,13,2,102,204
10764,3577,93,2,287,574
10765,3578,100,2,271,542
10766,3578,52,1,463,463
10767,3578,68,2,393,786
10768,3579,95,1,331,331
10769,3579,117,3,157,471
10770,3579,12,2,218,436
10771,3579,91,1,192,192
10772,3580,78,3,236,708
10773,3580,33,3,237,711
10774,3580,62,1,155,155
10775,3580,16,3,178,534
10776,3581,113,2,128,256
10777,3581,10,3,372,1116
10778,3582,50,1,243,243
10779,3582,23,3,315,945
10780,3583,88,1,393,393
10781,3583,112,3,360,1080
10782,3584,65,1,186,186
10783,3584,25,1,292,292
10784,3584,20,1,184,184
10785,3584,38,3,265,795
10786,3585,55,1,379,379
10787,3585,42,3,414,1242
10788,3585,104,1,137,137
10789,3585,50,2,243,486
10790,3586,7,3,375,1125
10791,3586,28,1,233,233
10792,3586,47,2,83,166
10793,3586,28,2,233,466
10794,3587,58,1,304,304
10795,3587,49,3,201,603
10796,3587,19,1,297,297
10797,3588,41,1,232,232
10798,3588,2,3,417,1251
10799,3589,48,2,263,526
10800,3589,91,1,192,192
10801,3589,5,2,305,610
10802,3589,26,2,393,786
10803,3590,83,1,230,230
10804,3590,5,3,305,915
10805,3590,10,1,372,372
10806,3590,106,3,181,543
10807,3591,88,1,393,393
10808,3591,109,2,119,238
10809,3592,17,2,382,764
10810,3592,112,2,360,720
10811,3593,57,3,429,1287
10812,3593,64,2,284,568
10813,3593,16,1,178,178
10814,3593,66,2,232,464
10815,3594,72,1,182,182
10816,3594,51,3,206,618
10817,3594,16,1,178,178
10818,3595,27,1,287,287
10819,3595,62,1,155,155
10820,3595,97,1,136,136
10821,3596,44,3,263,789
10822,3596,50,2,243,486
10823,3596,107,1,256,256
10824,3596,60,2,330,660
10825,3597,44,3,263,789
10826,3597,23,2,315,630
10827,3598,110,2,315,630
10828,3598,66,2,232,464
10829,3599,21,1,265,265
10830,3599,93,3,287,861
10831,3600,57,1,429,429
10832,3600,64,3,284,852
10833,3600,20,2,184,368
10834,3600,100,1,271,271
10835,3601,67,3,87,261
10836,3601,4,3,209,627
10837,3602,80,2,237,474
10838,3602,108,1,235,235
10839,3603,107,1,256,256
10840,3603,82,1,256,256
10841,3603,54,3,389,1167
10842,3604,62,2,155,310
10843,3604,87,3,362,1086
10844,3604,91,1,192,192
10845,3604,10,1,372,372
10846,3605,58,2,304,608
10847,3605,105,3,275,825
10848,3605,68,3,393,1179
10849,3606,22,1,290,290
10850,3606,119,3,133,399
10851,3606,56,3,186,558
10852,3606,112,2,360,720
10853,3607,54,1,389,389
10854,3607,81,2,306,612
10855,3608,2,1,417,417
10856,3608,92,2,156,312
10857,3608,60,2,330,660
10858,3609,60,3,330,990
10859,3609,72,2,182,364
10860,3610,4,1,209,209
10861,3610,87,2,362,724
10862,3610,98,3,264,792
10863,3611,21,1,265,265
10864,3611,34,2,167,334
10865,3612,110,3,315,945
10866,3612,63,1,416,416
10867,3613,107,3,256,768
10868,3613,44,3,263,789
10869,3613,47,1,83,83
10870,3613,105,3,275,825
10871,3614,73,2,167,334
10872,3614,60,3,330,990
10873,3614,22,3,290,870
10874,3614,78,3,236,708
10875,3615,94,2,263,526
10876,3615,39,1,389,389
10877,3615,89,1,265,265
10878,3616,49,3,201,603
10879,3616,24,2,327,654
10880,3616,74,1,375,375
10881,3617,117,3,157,471
10882,3617,30,2,267,534
10883,3617,48,3,263,789
10884,3618,68,1,393,393
10885,3618,16,3,178,534
10886,3618,38,3,265,795
10887,3619,3,3,282,846
10888,3619,54,2,389,778
10889,3619,73,2,167,334
10890,3619,85,3,309,927
10891,3620,66,1,232,232
10892,3620,61,2,222,444
10893,3620,107,1,256,256
10894,3621,20,2,184,368
10895,3621,26,3,393,1179
10896,3622,65,3,186,558
10897,3622,77,3,133,399
10898,3622,44,2,263,526
10899,3623,1,1,280,280
10900,3623,20,3,184,552
10901,3623,75,2,259,518
10902,3624,35,3,190,570
10903,3624,83,3,230,690
10904,3625,42,1,414,414
10905,3625,109,3,119,357
10906,3625,115,3,394,1182
10907,3625,84,2,234,468
10908,3626,111,1,206,206
10909,3626,54,1,389,389
10910,3626,7,2,375,750
10911,3626,18,1,198,198
10912,3627,76,2,303,606
10913,3627,99,2,280,560
10914,3627,91,2,192,384
10915,3627,58,2,304,608
10916,3628,8,1,137,137
10917,3628,111,2,206,412
10918,3628,55,3,379,1137
10919,3628,39,1,389,389
10920,3629,85,2,309,618
10921,3629,8,3,137,411
10922,3629,14,3,240,720
10923,3629,84,3,234,702
10924,3630,26,3,393,1179
10925,3630,8,3,137,411
10926,3631,2,3,417,1251
10927,3631,55,1,379,379
10928,3631,117,3,157,471
10929,3632,76,2,303,606
10930,3632,10,3,372,1116
10931,3632,57,3,429,1287
10932,3633,5,3,305,915
10933,3633,38,1,265,265
10934,3633,109,3,119,357
10935,3633,89,2,265,530
10936,3634,116,3,253,759
10937,3634,4,3,209,627
10938,3634,33,2,237,474
10939,3635,117,2,157,314
10940,3635,58,2,304,608
10941,3636,50,1,243,243
10942,3636,58,2,304,608
10943,3637,71,2,246,492
10944,3637,70,2,228,456
10945,3637,51,1,206,206
10946,3638,105,3,275,825
10947,3638,5,1,305,305
10948,3638,33,2,237,474
10949,3639,52,3,463,1389
10950,3639,86,2,234,468
10951,3639,44,2,263,526
10952,3639,109,1,119,119
10953,3640,27,3,287,861
10954,3640,87,2,362,724
10955,3641,4,2,209,418
10956,3641,54,3,389,1167
10957,3641,34,3,167,501
10958,3641,9,3,384,1152
10959,3642,116,2,253,506
10960,3642,48,2,263,526
10961,3642,68,2,393,786
10962,3642,29,2,174,348
10963,3643,6,1,145,145
10964,3643,7,2,375,750
10965,3644,43,3,362,1086
10966,3644,6,1,145,145
10967,3645,52,1,463,463
10968,3645,58,3,304,912
10969,3646,38,2,265,530
10970,3646,3,2,282,564
10971,3647,58,2,304,608
10972,3647,88,1,393,393
10973,3647,92,3,156,468
10974,3647,38,3,265,795
10975,3648,9,1,384,384
10976,3648,42,1,414,414
10977,3648,118,3,190,570
10978,3648,90,2,393,786
10979,3649,12,3,218,654
10980,3649,43,3,362,1086
10981,3649,54,2,389,778
10982,3649,66,2,232,464
10983,3650,1,3,280,840
10984,3650,70,1,228,228
10985,3650,96,1,402,402
10986,3651,105,2,275,550
10987,3651,19,1,297,297
10988,3651,5,1,305,305
10989,3651,54,3,389,1167
10990,3652,55,1,379,379
10991,3652,1,3,280,840
10992,3653,105,2,275,550
10993,3653,23,3,315,945
10994,3654,76,1,303,303
10995,3654,64,3,284,852
10996,3654,20,2,184,368
10997,3654,39,3,389,1167
10998,3655,15,2,78,156
10999,3655,114,1,284,284
11000,3656,60,3,330,990
11001,3656,41,1,232,232
11002,3656,73,1,167,167
11003,3657,68,3,393,1179
11004,3657,93,1,287,287
11005,3658,100,2,271,542
11006,3658,41,3,232,696
11007,3658,46,3,233,699
11008,3658,70,2,228,456
11009,3659,78,2,236,472
11010,3659,24,3,327,981
11011,3660,10,1,372,372
11012,3660,75,3,259,777
11013,3661,49,2,201,402
11014,3661,61,3,222,666
11015,3662,67,2,87,174
11016,3662,114,1,284,284
11017,3662,91,2,192,384
11018,3662,70,3,228,684
11019,3663,91,3,192,576
11020,3663,80,1,237,237
11021,3663,37,2,376,752
11022,3663,63,1,416,416
11023,3664,73,3,167,501
11024,3664,118,1,190,190
11025,3665,112,3,360,1080
11026,3665,23,1,315,315
11027,3665,112,3,360,1080
11028,3666,69,1,231,231
11029,3666,100,3,271,813
11030,3666,42,2,414,828
11031,3667,27,1,287,287
11032,3667,117,2,157,314
11033,3667,6,2,145,290
11034,3667,8,2,137,274
11035,3668,26,2,393,786
11036,3668,70,2,228,456
11037,3669,101,1,195,195
11038,3669,86,3,234,702
11039,3670,112,2,360,720
11040,3670,15,3,78,234
11041,3670,36,2,253,506
11042,3671,20,1,184,184
11043,3671,2,1,417,417
11044,3671,39,1,389,389
11045,3671,12,3,218,654
11046,3672,2,1,417,417
11047,3672,109,1,119,119
11048,3673,44,2,263,526
11049,3673,101,2,195,390
11050,3674,84,1,234,234
11051,3674,85,3,309,927
11052,3674,90,3,393,1179
11053,3675,73,3,167,501
11054,3675,13,2,102,204
11055,3676,25,2,292,584
11056,3676,4,1,209,209
11057,3677,62,1,155,155
11058,3677,113,1,128,128
11059,3677,39,2,389,778
11060,3677,26,2,393,786
11061,3678,94,1,263,263
11062,3678,23,1,315,315
11063,3678,61,3,222,666
11064,3679,44,2,263,526
11065,3679,65,3,186,558
11066,3680,36,1,253,253
11067,3680,115,1,394,394
11068,3681,66,2,232,464
11069,3681,12,3,218,654
11070,3681,89,2,265,530
11071,3682,100,2,271,542
11072,3682,110,3,315,945
11073,3682,40,2,347,694
11074,3683,103,1,298,298
11075,3683,69,2,231,462
11076,3683,114,1,284,284
11077,3684,70,1,228,228
11078,3684,67,2,87,174
11079,3685,12,3,218,654
11080,3685,113,2,128,256
11081,3685,2,1,417,417
11082,3685,22,3,290,870
11083,3686,75,1,259,259
11084,3686,63,3,416,1248
11085,3686,34,1,167,167
11086,3687,99,3,280,840
11087,3687,57,3,429,1287
11088,3687,31,2,360,720
11089,3687,78,3,236,708
11090,3688,77,3,133,399
11091,3688,23,2,315,630
11092,3688,62,3,155,465
11093,3689,69,2,231,462
11094,3689,34,1,167,167
11095,3689,48,2,263,526
11096,3689,90,3,393,1179
11097,3690,113,1,128,128
11098,3690,88,2,393,786
11099,3690,66,1,232,232
11100,3690,79,1,427,427
11101,3691,12,3,218,654
11102,3691,62,3,155,465
11103,3691,61,2,222,444
11104,3692,47,1,83,83
11105,3692,11,1,282,282
11106,3692,53,3,166,498
11107,3692,92,1,156,156
11108,3693,23,2,315,630
11109,3693,25,2,292,584
11110,3693,111,2,206,412
11111,3693,8,1,137,137
11112,3694,9,2,384,768
11113,3694,46,2,233,466
11114,3694,69,2,231,462
11115,3694,39,3,389,1167
11116,3695,88,1,393,393
11117,3695,76,3,303,909
11118,3695,85,3,309,927
11119,3696,39,2,389,778
11120,3696,23,2,315,630
11121,3696,40,2,347,694
11122,3696,53,1,166,166
11123,3697,34,3,167,501
11124,3697,74,3,375,1125
11125,3697,61,3,222,666
11126,3697,28,1,233,233
11127,3698,104,2,137,274
11128,3698,117,2,157,314
11129,3698,56,2,186,372
11130,3698,86,2,234,468
11131,3699,68,2,393,786
11132,3699,89,1,265,265
11133,3699,20,2,184,368
11134,3699,36,3,253,759
11135,3700,51,1,206,206
11136,3700,113,3,128,384
11137,3700,89,3,265,795
11138,3700,63,3,416,1248
11139,3701,5,1,305,305
11140,3701,119,1,133,133
11141,3701,27,1,287,287
11142,3701,36,3,253,759
11143,3702,25,1,292,292
11144,3702,57,1,429,429
11145,3703,13,2,102,204
11146,3703,118,1,190,190
11147,3703,29,3,174,522
11148,3704,95,2,331,662
11149,3704,50,2,243,486
11150,3705,97,3,136,408
11151,3705,14,1,240,240
11152,3705,114,3,284,852
11153,3706,6,2,145,290
11154,3706,40,1,347,347
11155,3706,27,1,287,287
11156,3706,64,3,284,852
11157,3707,72,3,182,546
11158,3707,83,1,230,230
11159,3707,118,3,190,570
11160,3707,56,3,186,558
11161,3708,71,3,246,738
11162,3708,43,1,362,362
11163,3708,97,3,136,408
11164,3709,38,3,265,795
11165,3709,42,3,414,1242
11166,3710,84,2,234,468
11167,3710,68,3,393,1179
11168,3711,110,1,315,315
11169,3711,102,1,214,214
11170,3711,21,3,265,795
11171,3712,26,1,393,393
11172,3712,88,1,393,393
11173,3713,9,2,384,768
11174,3713,62,1,155,155
11175,3713,20,2,184,368
11176,3714,51,3,206,618
11177,3714,7,2,375,750
11178,3714,21,2,265,530
11179,3715,105,1,275,275
11180,3715,63,1,416,416
11181,3715,2,1,417,417
11182,3715,75,1,259,259
11183,3716,94,1,263,263
11184,3716,90,3,393,1179
11185,3717,108,3,235,705
11186,3717,109,3,119,357
11187,3717,61,1,222,222
11188,3717,36,2,253,506
11189,3718,66,1,232,232
11190,3718,10,3,372,1116
11191,3718,49,1,201,201
11192,3718,4,2,209,418
11193,3719,85,2,309,618
11194,3719,17,3,382,1146
11195,3720,32,2,266,532
11196,3720,18,3,198,594
11197,3721,46,2,233,466
11198,3721,78,1,236,236
11199,3721,65,1,186,186
11200,3722,110,3,315,945
11201,3722,40,2,347,694
11202,3723,36,2,253,506
11203,3723,65,3,186,558
11204,3724,25,2,292,584
11205,3724,8,2,137,274
11206,3724,75,1,259,259
11207,3724,61,2,222,444
11208,3725,55,3,379,1137
11209,3725,115,3,394,1182
11210,3726,55,2,379,758
11211,3726,93,3,287,861
11212,3726,112,2,360,720
11213,3726,76,1,303,303
11214,3727,115,1,394,394
11215,3727,97,2,136,272
11216,3728,49,1,201,201
11217,3728,113,3,128,384
11218,3729,70,1,228,228
11219,3729,108,1,235,235
11220,3729,33,1,237,237
11221,3730,12,2,218,436
11222,3730,106,1,181,181
11223,3730,72,3,182,546
11224,3731,23,1,315,315
11225,3731,18,3,198,594
11226,3732,81,1,306,306
11227,3732,96,3,402,1206
11228,3732,116,2,253,506
11229,3732,51,1,206,206
11230,3733,66,3,232,696
11231,3733,100,1,271,271
11232,3733,43,3,362,1086
11233,3733,106,1,181,181
11234,3734,15,1,78,78
11235,3734,24,1,327,327
11236,3734,51,3,206,618
11237,3735,106,1,181,181
11238,3735,99,1,280,280
11239,3736,60,2,330,660
11240,3736,7,2,375,750
11241,3736,102,3,214,642
11242,3736,23,1,315,315
11243,3737,82,1,256,256
11244,3737,10,2,372,744
11245,3737,21,3,265,795
11246,3737,42,3,414,1242
11247,3738,56,2,186,372
11248,3738,83,1,230,230
11249,3739,27,3,287,861
11250,3739,113,2,128,256
11251,3739,33,3,237,711
11252,3739,27,2,287,574
11253,3740,118,3,190,570
11254,3740,88,3,393,1179
11255,3740,108,1,235,235
11256,3740,35,1,190,190
11257,3741,46,2,233,466
11258,3741,4,1,209,209
11259,3742,118,1,190,190
11260,3742,120,1,159,159
11261,3742,26,1,393,393
11262,3742,117,2,157,314
11263,3743,86,1,234,234
11264,3743,101,3,195,585
11265,3744,26,1,393,393
11266,3744,96,2,402,804
11267,3745,36,2,253,506
11268,3745,12,1,218,218
11269,3745,67,3,87,261
11270,3746,18,2,198,396
11271,3746,18,2,198,396
11272,3747,69,3,231,693
11273,3747,21,1,265,265
11274,3748,12,2,218,436
11275,3748,73,2,167,334
11276,3749,11,1,282,282
11277,3749,59,1,296,296
11278,3749,16,1,178,178
11279,3750,57,1,429,429
11280,3750,45,2,200,400
11281,3750,15,1,78,78
11282,3750,1,1,280,280
11283,3751,69,1,231,231
11284,3751,111,1,206,206
11285,3751,85,1,309,309
11286,3752,116,2,253,506
11287,3752,19,2,297,594
11288,3752,92,1,156,156
11289,3752,31,1,360,360
11290,3753,12,1,218,218
11291,3753,5,3,305,915
11292,3754,105,1,275,275
11293,3754,106,3,181,543
11294,3754,83,2,230,460
11295,3754,114,1,284,284
11296,3755,56,1,186,186
11297,3755,73,2,167,334
11298,3756,103,1,298,298
11299,3756,18,1,198,198
11300,3756,28,2,233,466
11301,3756,29,1,174,174
11302,3757,16,2,178,356
11303,3757,85,2,309,618
11304,3758,36,3,253,759
11305,3758,29,2,174,348
11306,3759,37,2,376,752
11307,3759,27,3,287,861
11308,3759,88,2,393,786
11309,3760,85,2,309,618
11310,3760,115,3,394,1182
11311,3760,33,1,237,237
11312,3761,10,1,372,372
11313,3761,100,1,271,271
11314,3761,44,1,263,263
11315,3761,91,1,192,192
11316,3762,105,3,275,825
11317,3762,96,3,402,1206
11318,3762,106,1,181,181
11319,3762,55,2,379,758
11320,3763,111,2,206,412
11321,3763,82,2,256,512
11322,3763,56,1,186,186
11323,3763,119,2,133,266
11324,3764,91,3,192,576
11325,3764,114,1,284,284
11326,3764,23,2,315,630
11327,3765,77,1,133,133
11328,3765,70,3,228,684
11329,3765,120,2,159,318
11330,3765,4,1,209,209
11331,3766,117,3,157,471
11332,3766,78,2,236,472
11333,3766,85,1,309,309
11334,3767,63,3,416,1248
11335,3767,70,2,228,456
11336,3768,106,3,181,543
11337,3768,35,1,190,190
11338,3768,100,3,271,813
11339,3768,102,1,214,214
11340,3769,27,2,287,574
11341,3769,36,1,253,253
11342,3770,17,2,382,764
11343,3770,86,3,234,702
11344,3770,30,3,267,801
11345,3770,75,2,259,518
11346,3771,97,3,136,408
11347,3771,52,3,463,1389
11348,3772,28,2,233,466
11349,3772,116,1,253,253
11350,3772,51,2,206,412
11351,3773,4,3,209,627
11352,3773,93,2,287,574
11353,3773,46,2,233,466
11354,3773,113,2,128,256
11355,3774,69,2,231,462
11356,3774,37,2,376,752
11357,3775,117,3,157,471
11358,3775,34,2,167,334
11359,3775,120,2,159,318
11360,3775,63,3,416,1248
11361,3776,74,1,375,375
11362,3776,113,1,128,128
11363,3776,89,2,265,530
11364,3776,43,3,362,1086
11365,3777,58,3,304,912
11366,3777,11,2,282,564
11367,3777,66,2,232,464
11368,3777,119,1,133,133
11369,3778,48,3,263,789
11370,3778,70,3,228,684
11371,3778,118,2,190,380
11372,3778,74,1,375,375
11373,3779,21,2,265,530
11374,3779,108,2,235,470
11375,3779,25,1,292,292
11376,3779,80,1,237,237
11377,3780,118,2,190,380
11378,3780,111,3,206,618
11379,3780,66,3,232,696
11380,3780,28,3,233,699
11381,3781,66,1,232,232
11382,3781,62,3,155,465
11383,3781,38,1,265,265
11384,3782,76,1,303,303
11385,3782,68,2,393,786
11386,3783,60,1,330,330
11387,3783,30,1,267,267
11388,3783,99,2,280,560
11389,3783,78,2,236,472
11390,3784,45,2,200,400
11391,3784,55,2,379,758
11392,3784,26,1,393,393
11393,3785,91,3,192,576
11394,3785,35,3,190,570
11395,3785,49,1,201,201
11396,3786,78,3,236,708
11397,3786,98,2,264,528
11398,3786,34,1,167,167
11399,3787,117,1,157,157
11400,3787,55,2,379,758
11401,3787,67,2,87,174
11402,3788,26,2,393,786
11403,3788,48,2,263,526
11404,3789,49,3,201,603
11405,3789,87,1,362,362
11406,3789,62,2,155,310
11407,3789,28,2,233,466
11408,3790,62,1,155,155
11409,3790,98,1,264,264
11410,3790,40,3,347,1041
11411,3791,108,3,235,705
11412,3791,30,3,267,801
11413,3792,87,2,362,724
11414,3792,58,3,304,912
11415,3793,96,1,402,402
11416,3793,12,3,218,654
11417,3793,39,1,389,389
11418,3793,76,1,303,303
11419,3794,112,1,360,360
11420,3794,103,2,298,596
11421,3795,44,3,263,789
11422,3795,3,3,282,846
11423,3795,25,3,292,876
11424,3796,81,3,306,918
11425,3796,40,3,347,1041
11426,3796,55,2,379,758
11427,3797,45,1,200,200
11428,3797,68,1,393,393
11429,3797,28,2,233,466
11430,3797,15,3,78,234
11431,3798,60,3,330,990
11432,3798,52,2,463,926
11433,3798,96,2,402,804
11434,3799,60,3,330,990
11435,3799,84,2,234,468
11436,3799,80,3,237,711
11437,3799,21,2,265,530
11438,3800,93,2,287,574
11439,3800,18,3,198,594
11440,3800,88,1,393,393
11441,3800,38,3,265,795
11442,3801,74,1,375,375
11443,3801,59,1,296,296
11444,3801,74,3,375,1125
11445,3801,25,2,292,584
11446,3802,38,3,265,795
11447,3802,89,2,265,530
11448,3803,77,2,133,266
11449,3803,77,2,133,266
11450,3804,33,2,237,474
11451,3804,41,3,232,696
11452,3805,54,1,389,389
11453,3805,65,1,186,186
11454,3806,23,3,315,945
11455,3806,33,3,237,711
11456,3806,113,3,128,384
11457,3806,76,3,303,909
11458,3807,26,1,393,393
11459,3807,14,2,240,480
11460,3807,97,3,136,408
11461,3807,98,3,264,792
11462,3808,41,2,232,464
11463,3808,99,1,280,280
11464,3808,18,3,198,594
11465,3808,117,2,157,314
11466,3809,116,1,253,253
11467,3809,105,1,275,275
11468,3809,120,2,159,318
11469,3809,41,1,232,232
11470,3810,101,2,195,390
11471,3810,79,1,427,427
11472,3810,12,2,218,436
11473,3810,85,1,309,309
11474,3811,71,3,246,738
11475,3811,38,2,265,530
11476,3811,70,3,228,684
11477,3811,117,1,157,157
11478,3812,85,2,309,618
11479,3812,25,1,292,292
11480,3813,28,3,233,699
11481,3813,110,3,315,945
11482,3814,111,2,206,412
11483,3814,108,1,235,235
11484,3815,37,1,376,376
11485,3815,19,2,297,594
11486,3816,54,2,389,778
11487,3816,107,2,256,512
11488,3816,6,3,145,435
11489,3817,27,2,287,574
11490,3817,28,3,233,699
11491,3817,83,2,230,460
11492,3817,79,1,427,427
11493,3818,29,3,174,522
11494,3818,78,1,236,236
11495,3819,78,2,236,472
11496,3819,95,1,331,331
11497,3819,104,3,137,411
11498,3820,107,3,256,768
11499,3820,15,2,78,156
11500,3820,31,3,360,1080
11501,3821,32,2,266,532
11502,3821,23,1,315,315
11503,3821,2,2,417,834
11504,3822,59,3,296,888
11505,3822,90,3,393,1179
11506,3822,84,1,234,234
11507,3823,120,1,159,159
11508,3823,119,3,133,399
11509,3824,49,2,201,402
11510,3824,47,2,83,166
11511,3825,13,3,102,306
11512,3825,79,1,427,427
11513,3825,57,3,429,1287
11514,3825,62,2,155,310
11515,3826,82,2,256,512
11516,3826,58,2,304,608
11517,3826,99,1,280,280
11518,3827,46,1,233,233
11519,3827,44,2,263,526
11520,3827,49,1,201,201
11521,3828,113,3,128,384
11522,3828,105,1,275,275
11523,3828,45,3,200,600
11524,3828,50,3,243,729
11525,3829,120,1,159,159
11526,3829,30,1,267,267
11527,3829,8,3,137,411
11528,3829,53,2,166,332
11529,3830,93,2,287,574
11530,3830,76,1,303,303
11531,3830,85,1,309,309
11532,3831,22,3,290,870
11533,3831,72,2,182,364
11534,3832,69,2,231,462
11535,3832,9,3,384,1152
11536,3832,32,3,266,798
11537,3832,4,1,209,209
11538,3833,116,1,253,253
11539,3833,64,3,284,852
11540,3834,31,2,360,720
11541,3834,29,2,174,348
11542,3835,38,3,265,795
11543,3835,6,1,145,145
11544,3835,110,1,315,315
11545,3836,98,1,264,264
11546,3836,85,1,309,309
11547,3837,23,2,315,630
11548,3837,63,2,416,832
11549,3838,104,2,137,274
11550,3838,115,3,394,1182
11551,3839,43,1,362,362
11552,3839,67,3,87,261
11553,3840,59,2,296,592
11554,3840,50,3,243,729
11555,3841,19,1,297,297
11556,3841,88,1,393,393
11557,3841,117,2,157,314
11558,3842,6,2,145,290
11559,3842,66,2,232,464
11560,3843,46,1,233,233
11561,3843,66,1,232,232
11562,3844,31,3,360,1080
11563,3844,32,1,266,266
11564,3844,86,3,234,702
11565,3844,65,2,186,372
11566,3845,79,3,427,1281
11567,3845,112,2,360,720
11568,3846,37,2,376,752
11569,3846,109,2,119,238
11570,3847,33,2,237,474
11571,3847,87,2,362,724
11572,3847,28,3,233,699
11573,3847,9,3,384,1152
11574,3848,109,1,119,119
11575,3848,60,3,330,990
11576,3849,108,2,235,470
11577,3849,11,3,282,846
11578,3850,49,1,201,201
11579,3850,8,2,137,274
11580,3850,67,3,87,261
11581,3850,34,1,167,167
11582,3851,107,1,256,256
11583,3851,86,2,234,468
11584,3851,21,3,265,795
11585,3851,11,3,282,846
11586,3852,54,1,389,389
11587,3852,98,3,264,792
11588,3852,59,3,296,888
11589,3852,55,3,379,1137
11590,3853,87,3,362,1086
11591,3853,46,1,233,233
11592,3853,16,2,178,356
11593,3853,50,2,243,486
11594,3854,61,3,222,666
11595,3854,43,1,362,362
11596,3854,24,1,327,327
11597,3854,52,1,463,463
11598,3855,35,1,190,190
11599,3855,114,3,284,852
11600,3855,65,3,186,558
11601,3855,6,2,145,290
11602,3856,39,3,389,1167
11603,3856,88,3,393,1179
11604,3857,111,1,206,206
11605,3857,51,1,206,206
11606,3858,72,1,182,182
11607,3858,42,3,414,1242
11608,3858,32,1,266,266
11609,3859,95,1,331,331
11610,3859,41,2,232,464
11611,3860,28,2,233,466
11612,3860,77,1,133,133
11613,3861,40,1,347,347
11614,3861,55,3,379,1137
11615,3862,28,2,233,466
11616,3862,2,2,417,834
11617,3863,50,3,243,729
11618,3863,24,2,327,654
11619,3863,54,3,389,1167
11620,3863,56,2,186,372
11621,3864,113,3,128,384
11622,3864,23,3,315,945
11623,3864,118,2,190,380
11624,3865,48,3,263,789
11625,3865,25,3,292,876
11626,3865,79,2,427,854
11627,3865,69,2,231,462
11628,3866,109,1,119,119
11629,3866,12,1,218,218
11630,3866,96,3,402,1206
11631,3867,105,2,275,550
11632,3867,31,1,360,360
11633,3868,43,2,362,724
11634,3868,51,3,206,618
11635,3868,38,3,265,795
11636,3869,36,3,253,759
11637,3869,44,2,263,526
11638,3869,33,1,237,237
11639,3869,21,3,265,795
11640,3870,71,3,246,738
11641,3870,108,1,235,235
11642,3871,81,2,306,612
11643,3871,81,1,306,306
11644,3871,117,2,157,314
11645,3872,85,3,309,927
11646,3872,40,3,347,1041
11647,3873,40,2,347,694
11648,3873,117,1,157,157
11649,3873,89,3,265,795
11650,3873,93,3,287,861
11651,3874,91,2,192,384
11652,3874,100,2,271,542
11653,3874,66,2,232,464
11654,3875,108,2,235,470
11655,3875,44,3,263,789
11656,3876,35,2,190,380
11657,3876,98,3,264,792
11658,3876,57,1,429,429
11659,3876,23,1,315,315
11660,3877,20,2,184,368
11661,3877,4,2,209,418
11662,3877,1,3,280,840
11663,3878,107,2,256,512
11664,3878,43,2,362,724
11665,3879,70,3,228,684
11666,3879,50,2,243,486
11667,3880,52,3,463,1389
11668,3880,113,3,128,384
11669,3880,66,2,232,464
11670,3881,114,3,284,852
11671,3881,83,3,230,690
11672,3881,27,3,287,861
11673,3881,78,1,236,236
11674,3882,18,3,198,594
11675,3882,117,2,157,314
11676,3882,81,3,306,918
11677,3882,94,3,263,789
11678,3883,16,2,178,356
11679,3883,103,3,298,894
11680,3883,109,1,119,119
11681,3883,105,3,275,825
11682,3884,45,1,200,200
11683,3884,70,3,228,684
11684,3884,104,1,137,137
11685,3884,28,3,233,699
11686,3885,22,2,290,580
11687,3885,21,1,265,265
11688,3885,111,2,206,412
11689,3885,39,1,389,389
11690,3886,22,3,290,870
11691,3886,109,1,119,119
11692,3886,4,1,209,209
11693,3886,63,3,416,1248
11694,3887,55,1,379,379
11695,3887,82,3,256,768
11696,3888,27,1,287,287
11697,3888,114,1,284,284
11698,3888,85,3,309,927
11699,3889,12,3,218,654
11700,3889,17,1,382,382
11701,3889,33,2,237,474
11702,3889,57,1,429,429
11703,3890,11,1,282,282
11704,3890,114,3,284,852
11705,3890,50,1,243,243
11706,3891,25,1,292,292
11707,3891,16,1,178,178
11708,3891,100,1,271,271
11709,3892,4,2,209,418
11710,3892,24,2,327,654
11711,3893,91,1,192,192
11712,3893,60,1,330,330
11713,3894,75,2,259,518
11714,3894,94,1,263,263
11715,3894,116,2,253,506
11716,3895,94,2,263,526
11717,3895,57,1,429,429
11718,3896,17,1,382,382
11719,3896,52,2,463,926
11720,3897,102,1,214,214
11721,3897,63,1,416,416
11722,3897,66,1,232,232
11723,3897,69,1,231,231
11724,3898,30,1,267,267
11725,3898,2,3,417,1251
11726,3898,5,3,305,915
11727,3898,20,3,184,552
11728,3899,25,2,292,584
11729,3899,68,1,393,393
11730,3900,100,2,271,542
11731,3900,48,3,263,789
11732,3900,87,3,362,1086
11733,3900,29,1,174,174
11734,3901,110,1,315,315
11735,3901,113,2,128,256
11736,3901,57,2,429,858
11737,3902,8,1,137,137
11738,3902,60,2,330,660
11739,3902,68,2,393,786
11740,3903,118,2,190,380
11741,3903,23,2,315,630
11742,3903,103,3,298,894
11743,3903,111,2,206,412
11744,3904,30,1,267,267
11745,3904,42,3,414,1242
11746,3904,34,2,167,334
11747,3905,7,2,375,750
11748,3905,70,3,228,684
11749,3905,87,2,362,724
11750,3906,30,1,267,267
11751,3906,87,3,362,1086
11752,3907,99,1,280,280
11753,3907,93,1,287,287
11754,3907,105,1,275,275
11755,3908,120,2,159,318
11756,3908,9,2,384,768
11757,3908,117,1,157,157
11758,3908,45,1,200,200
11759,3909,31,1,360,360
11760,3909,19,1,297,297
11761,3910,64,1,284,284
11762,3910,69,2,231,462
11763,3911,49,2,201,402
11764,3911,104,1,137,137
11765,3911,80,2,237,474
11766,3911,30,3,267,801
11767,3912,41,1,232,232
11768,3912,80,3,237,711
11769,3913,73,1,167,167
11770,3913,62,2,155,310
11771,3913,102,3,214,642
11772,3914,116,3,253,759
11773,3914,105,3,275,825
11774,3914,86,1,234,234
11775,3914,21,3,265,795
11776,3915,57,2,429,858
11777,3915,65,1,186,186
11778,3915,49,1,201,201
11779,3915,98,3,264,792
11780,3916,83,2,230,460
11781,3916,12,2,218,436
11782,3916,80,3,237,711
11783,3917,89,2,265,530
11784,3917,99,2,280,560
11785,3917,110,1,315,315
11786,3917,9,2,384,768
11787,3918,64,2,284,568
11788,3918,108,3,235,705
11789,3918,42,1,414,414
11790,3919,30,3,267,801
11791,3919,92,1,156,156
11792,3919,9,2,384,768
11793,3920,112,3,360,1080
11794,3920,68,1,393,393
11795,3921,64,2,284,568
11796,3921,90,3,393,1179
11797,3922,104,3,137,411
11798,3922,7,2,375,750
11799,3923,42,2,414,828
11800,3923,97,2,136,272
11801,3923,58,3,304,912
11802,3923,112,1,360,360
11803,3924,103,1,298,298
11804,3924,39,3,389,1167
11805,3925,25,3,292,876
11806,3925,46,3,233,699
11807,3926,105,2,275,550
11808,3926,71,2,246,492
11809,3926,85,1,309,309
11810,3926,33,2,237,474
11811,3927,102,2,214,428
11812,3927,113,1,128,128
11813,3927,73,3,167,501
11814,3927,4,1,209,209
11815,3928,13,1,102,102
11816,3928,104,2,137,274
11817,3928,118,1,190,190
11818,3928,77,2,133,266
11819,3929,2,3,417,1251
11820,3929,34,3,167,501
11821,3929,119,2,133,266
11822,3930,113,2,128,256
11823,3930,107,3,256,768
11824,3930,5,3,305,915
11825,3931,107,2,256,512
11826,3931,11,3,282,846
11827,3931,80,3,237,711
11828,3931,73,3,167,501
11829,3932,107,3,256,768
11830,3932,21,1,265,265
11831,3933,94,1,263,263
11832,3933,80,1,237,237
11833,3933,53,2,166,332
11834,3934,38,2,265,530
11835,3934,101,3,195,585
11836,3935,94,2,263,526
11837,3935,28,3,233,699
11838,3935,75,1,259,259
11839,3936,7,3,375,1125
11840,3936,95,3,331,993
11841,3936,2,3,417,1251
11842,3936,99,3,280,840
11843,3937,23,2,315,630
11844,3937,31,2,360,720
11845,3938,5,2,305,610
11846,3938,70,3,228,684
11847,3939,75,1,259,259
11848,3939,15,3,78,234
11849,3940,53,1,166,166
11850,3940,91,1,192,192
11851,3940,119,2,133,266
11852,3941,45,1,200,200
11853,3941,75,2,259,518
11854,3942,74,1,375,375
11855,3942,9,1,384,384
11856,3943,92,2,156,312
11857,3943,63,3,416,1248
11858,3944,50,1,243,243
11859,3944,90,3,393,1179
11860,3944,113,3,128,384
11861,3944,59,1,296,296
11862,3945,12,1,218,218
11863,3945,50,2,243,486
11864,3945,39,2,389,778
11865,3946,106,2,181,362
11866,3946,44,2,263,526
11867,3946,111,2,206,412
11868,3947,68,2,393,786
11869,3947,78,2,236,472
11870,3948,72,1,182,182
11871,3948,87,2,362,724
11872,3948,30,2,267,534
11873,3949,24,2,327,654
11874,3949,18,2,198,396
11875,3950,108,2,235,470
11876,3950,108,3,235,705
11877,3951,2,2,417,834
11878,3951,37,3,376,1128
11879,3952,97,1,136,136
11880,3952,119,3,133,399
11881,3952,35,3,190,570
11882,3953,39,1,389,389
11883,3953,91,3,192,576
11884,3953,44,2,263,526
11885,3954,62,3,155,465
11886,3954,91,1,192,192
11887,3955,67,1,87,87
11888,3955,88,1,393,393
11889,3955,84,2,234,468
11890,3956,91,1,192,192
11891,3956,48,2,263,526
11892,3956,7,2,375,750
11893,3957,62,3,155,465
11894,3957,82,2,256,512
11895,3957,22,3,290,870
11896,3957,110,2,315,630
11897,3958,66,1,232,232
11898,3958,102,2,214,428
11899,3959,68,3,393,1179
11900,3959,11,1,282,282
11901,3959,95,2,331,662
11902,3959,38,1,265,265
11903,3960,64,1,284,284
11904,3960,41,3,232,696
11905,3961,45,1,200,200
11906,3961,19,3,297,891
11907,3962,20,3,184,552
11908,3962,91,2,192,384
11909,3962,83,3,230,690
11910,3963,52,1,463,463
11911,3963,73,1,167,167
11912,3963,41,3,232,696
11913,3964,66,1,232,232
11914,3964,44,2,263,526
11915,3964,37,3,376,1128
11916,3964,106,1,181,181
11917,3965,46,3,233,699
11918,3965,108,3,235,705
11919,3966,67,2,87,174
11920,3966,89,1,265,265
11921,3966,75,3,259,777
11922,3967,77,3,133,399
11923,3967,5,1,305,305
11924,3967,94,3,263,789
11925,3968,41,1,232,232
11926,3968,74,1,375,375
11927,3969,40,3,347,1041
11928,3969,50,2,243,486
11929,3969,76,1,303,303
11930,3970,120,2,159,318
11931,3970,118,1,190,190
11932,3970,23,3,315,945
11933,3971,108,2,235,470
11934,3971,99,3,280,840
11935,3971,50,3,243,729
11936,3971,1,3,280,840
11937,3972,34,1,167,167
11938,3972,95,3,331,993
11939,3973,44,2,263,526
11940,3973,65,2,186,372
11941,3974,84,2,234,468
11942,3974,51,2,206,412
11943,3974,100,3,271,813
11944,3975,109,2,119,238
11945,3975,104,2,137,274
11946,3975,29,3,174,522
11947,3975,74,1,375,375
11948,3976,58,1,304,304
11949,3976,1,1,280,280
11950,3976,79,1,427,427
11951,3976,65,3,186,558
11952,3977,103,2,298,596
11953,3977,71,2,246,492
11954,3977,5,2,305,610
11955,3977,58,3,304,912
11956,3978,83,1,230,230
11957,3978,33,1,237,237
11958,3978,53,3,166,498
11959,3979,60,2,330,660
11960,3979,50,1,243,243
11961,3979,73,3,167,501
11962,3980,59,3,296,888
11963,3980,64,1,284,284
11964,3980,65,3,186,558
11965,3980,26,3,393,1179
11966,3981,19,3,297,891
11967,3981,50,3,243,729
11968,3981,107,2,256,512
11969,3981,56,2,186,372
11970,3982,86,1,234,234
11971,3982,60,3,330,990
11972,3982,18,2,198,396
11973,3983,57,1,429,429
11974,3983,29,1,174,174
11975,3983,72,1,182,182
11976,3984,32,2,266,532
11977,3984,28,1,233,233
11978,3984,71,2,246,492
11979,3984,1,2,280,560
11980,3985,49,1,201,201
11981,3985,111,1,206,206
11982,3986,27,2,287,574
11983,3986,95,2,331,662
11984,3987,5,3,305,915
11985,3987,70,2,228,456
11986,3988,73,1,167,167
11987,3988,115,2,394,788
11988,3989,39,1,389,389
11989,3989,107,3,256,768
11990,3989,112,2,360,720
11991,3990,31,1,360,360
11992,3990,59,3,296,888
11993,3990,26,3,393,1179
11994,3991,80,2,237,474
11995,3991,20,1,184,184
11996,3991,79,1,427,427
11997,3992,94,1,263,263
11998,3992,14,2,240,480
11999,3992,103,3,298,894
12000,3993,38,3,265,795
12001,3993,83,1,230,230
12002,3993,68,2,393,786
12003,3994,62,1,155,155
12004,3994,92,1,156,156
12005,3994,75,2,259,518
12006,3995,85,3,309,927
12007,3995,52,2,463,926
12008,3995,45,3,200,600
12009,3995,33,3,237,711
12010,3996,42,1,414,414
12011,3996,97,2,136,272
12012,3997,97,1,136,136
12013,3997,44,1,263,263
12014,3997,47,3,83,249
12015,3998,35,3,190,570
12016,3998,69,3,231,693
12017,3998,23,2,315,630
12018,3999,68,2,393,786
12019,3999,85,3,309,927
12020,3999,22,2,290,580
12021,4000,35,1,190,190
12022,4000,116,2,253,506
12023,4000,55,1,379,379
