order_id,customer_id,employee_id,order_date,order_time,order_type,total_bill,order_status
1,91,1,2026-06-30,13:00:00,Takeaway,567,Completed
2,6,11,2026-03-10,13:00:00,Takeaway,3537,Completed
3,217,11,2026-04-13,13:00:00,Dine-In,1930,Completed
4,312,17,2026-03-03,13:00:00,Delivery,1681,Completed
5,432,20,2026-01-23,13:00:00,Delivery,1221,Completed
6,331,15,2026-06-25,13:00:00,Takeaway,3122,Completed
7,280,13,2026-06-01,13:00:00,Takeaway,1185,Completed
8,33,13,2026-07-02,13:00:00,Delivery,2975,Completed
9,392,9,2026-06-06,13:00:00,Delivery,1859,Completed
10,114,5,2026-05-27,13:00:00,Dine-In,648,Completed
11,188,8,2026-07-28,13:00:00,Dine-In,1922,Completed
12,186,27,2026-04-08,13:00:00,Dine-In,1382,Completed
13,340,26,2026-04-02,13:00:00,Takeaway,1934,Completed
14,325,16,2026-04-26,13:00:00,Takeaway,1667,Completed
15,339,8,2026-05-14,13:00:00,Dine-In,1734,Completed
16,303,6,2026-01-15,13:00:00,Takeaway,1211,Completed
17,269,21,2026-01-24,13:00:00,Delivery,1466,Completed
18,368,15,2026-01-12,13:00:00,Delivery,727,Completed
19,123,13,2026-04-01,13:00:00,Dine-In,3692,Completed
20,41,25,2026-01-19,13:00:00,Dine-In,2040,Completed
21,289,15,2026-06-01,13:00:00,Takeaway,1879,Completed
22,70,17,2026-05-06,13:00:00,Takeaway,565,Completed
23,151,18,2026-06-24,13:00:00,Dine-In,1298,Completed
24,419,1,2026-05-27,13:00:00,Delivery,403,Completed
25,422,22,2026-01-15,13:00:00,Delivery,467,Completed
26,72,14,2026-05-30,13:00:00,Takeaway,1674,Completed
27,4,6,2026-05-13,13:00:00,Takeaway,2101,Completed
28,454,14,2026-05-11,13:00:00,Delivery,2147,Completed
29,104,5,2026-03-20,13:00:00,Takeaway,1329,Completed
30,299,5,2026-07-01,13:00:00,Delivery,1674,Completed
31,161,1,2026-07-06,13:00:00,Takeaway,2060,Completed
32,108,26,2026-07-01,13:00:00,Dine-In,2800,Completed
33,440,21,2026-04-22,13:00:00,Delivery,581,Completed
34,8,30,2026-02-16,13:00:00,Delivery,2214,Completed
35,109,18,2026-07-25,13:00:00,Dine-In,1752,Completed
36,104,26,2026-01-25,13:00:00,Takeaway,1272,Completed
37,218,5,2026-06-25,13:00:00,Dine-In,597,Completed
38,389,8,2026-03-17,13:00:00,Takeaway,2153,Completed
39,485,26,2026-02-08,13:00:00,Dine-In,1805,Completed
40,238,5,2026-02-20,13:00:00,Dine-In,2813,Completed
41,481,17,2026-06-17,13:00:00,Dine-In,2424,Completed
42,443,10,2026-03-13,13:00:00,Dine-In,1750,Completed
43,298,20,2026-01-09,13:00:00,Delivery,852,Completed
44,89,11,2026-01-13,13:00:00,Dine-In,1944,Completed
45,426,10,2026-07-21,13:00:00,Delivery,1157,Completed
46,83,20,2026-07-21,13:00:00,Dine-In,1331,Completed
47,357,5,2026-06-15,13:00:00,Delivery,2283,Completed
48,87,22,2026-04-03,13:00:00,Takeaway,1067,Completed
49,134,4,2026-02-08,13:00:00,Takeaway,206,Completed
50,278,4,2026-05-18,13:00:00,Delivery,1356,Completed
51,487,7,2026-04-04,13:00:00,Delivery,1833,Completed
52,8,4,2026-01-25,13:00:00,Delivery,1623,Completed
53,385,6,2026-01-23,13:00:00,Takeaway,888,Completed
54,292,29,2026-03-16,13:00:00,Dine-In,1105,Completed
55,397,26,2026-06-02,13:00:00,Dine-In,1752,Completed
56,396,23,2026-06-08,13:00:00,Takeaway,813,Completed
57,163,30,2026-01-03,13:00:00,Dine-In,890,Completed
58,409,12,2026-02-08,13:00:00,Delivery,420,Completed
59,500,3,2026-07-01,13:00:00,Delivery,1038,Completed
60,385,20,2026-01-18,13:00:00,Dine-In,2142,Completed
61,84,26,2026-05-30,13:00:00,Takeaway,1871,Completed
62,239,27,2026-07-10,13:00:00,Takeaway,1803,Completed
63,496,26,2026-01-18,13:00:00,Delivery,1102,Completed
64,295,30,2026-05-07,13:00:00,Delivery,2862,Completed
65,208,3,2026-04-08,13:00:00,Delivery,1172,Completed
66,157,1,2026-07-22,13:00:00,Takeaway,1786,Completed
67,154,15,2026-06-04,13:00:00,Takeaway,1319,Completed
68,318,2,2026-04-30,13:00:00,Takeaway,1338,Completed
69,111,22,2026-01-31,13:00:00,Takeaway,1319,Completed
70,180,29,2026-02-27,13:00:00,Dine-In,2288,Completed
71,270,1,2026-04-11,13:00:00,Takeaway,555,Completed
72,181,22,2026-07-08,13:00:00,Delivery,1356,Completed
73,476,25,2026-02-04,13:00:00,Takeaway,2058,Completed
74,186,10,2026-03-17,13:00:00,Takeaway,2034,Completed
75,355,1,2026-04-04,13:00:00,Takeaway,918,Completed
76,385,17,2026-03-21,13:00:00,Dine-In,1593,Completed
77,71,1,2026-05-04,13:00:00,Takeaway,1438,Completed
78,302,21,2026-07-11,13:00:00,Delivery,1519,Completed
79,44,26,2026-06-16,13:00:00,Takeaway,2119,Completed
80,254,27,2026-05-28,13:00:00,Dine-In,842,Completed
81,158,24,2026-02-11,13:00:00,Delivery,2309,Completed
82,159,29,2026-03-11,13:00:00,Delivery,2470,Completed
83,202,11,2026-04-03,13:00:00,Takeaway,1479,Completed
84,82,25,2026-06-13,13:00:00,Delivery,1570,Completed
85,40,9,2026-07-12,13:00:00,Delivery,1415,Completed
86,231,25,2026-03-08,13:00:00,Delivery,978,Completed
87,309,12,2026-04-01,13:00:00,Delivery,956,Completed
88,365,4,2026-07-26,13:00:00,Delivery,2583,Completed
89,207,13,2026-07-18,13:00:00,Delivery,2164,Completed
90,377,17,2026-05-17,13:00:00,Dine-In,1455,Completed
91,258,1,2026-01-18,13:00:00,Takeaway,2572,Completed
92,114,22,2026-02-08,13:00:00,Dine-In,974,Completed
93,68,21,2026-03-15,13:00:00,Delivery,2057,Completed
94,110,29,2026-06-05,13:00:00,Delivery,596,Completed
95,12,23,2026-04-03,13:00:00,Dine-In,1963,Completed
96,258,2,2026-03-12,13:00:00,Takeaway,1477,Completed
97,115,10,2026-05-04,13:00:00,Dine-In,2270,Completed
98,296,18,2026-07-27,13:00:00,Takeaway,1487,Completed
99,141,24,2026-06-11,13:00:00,Delivery,1185,Completed
100,342,28,2026-02-27,13:00:00,Delivery,1058,Completed
101,329,16,2026-01-19,13:00:00,Dine-In,2142,Completed
102,98,4,2026-06-07,13:00:00,Delivery,1960,Completed
103,399,7,2026-04-23,13:00:00,Takeaway,2549,Completed
104,370,20,2026-07-09,13:00:00,Delivery,1672,Completed
105,182,21,2026-05-23,13:00:00,Takeaway,965,Completed
106,379,6,2026-01-12,13:00:00,Takeaway,1909,Completed
107,187,25,2026-02-09,13:00:00,Takeaway,1158,Completed
108,271,19,2026-01-28,13:00:00,Dine-In,1749,Completed
109,143,27,2026-07-01,13:00:00,Dine-In,1860,Completed
110,373,19,2026-02-24,13:00:00,Delivery,1809,Completed
111,174,20,2026-03-24,13:00:00,Dine-In,2349,Completed
112,451,4,2026-04-08,13:00:00,Takeaway,1089,Completed
113,35,19,2026-07-14,13:00:00,Delivery,1981,Completed
114,333,16,2026-07-03,13:00:00,Dine-In,1114,Completed
115,456,8,2026-07-24,13:00:00,Dine-In,1203,Completed
116,49,30,2026-03-04,13:00:00,Dine-In,908,Completed
117,482,30,2026-03-03,13:00:00,Delivery,1248,Completed
118,22,5,2026-03-09,13:00:00,Dine-In,1492,Completed
119,414,17,2026-02-06,13:00:00,Delivery,1695,Completed
120,37,28,2026-01-01,13:00:00,Delivery,727,Completed
121,28,22,2026-06-30,13:00:00,Dine-In,2226,Completed
122,425,17,2026-02-17,13:00:00,Delivery,1194,Completed
123,314,3,2026-01-29,13:00:00,Dine-In,1550,Completed
124,155,10,2026-03-12,13:00:00,Dine-In,1664,Completed
125,23,4,2026-01-20,13:00:00,Delivery,2478,Completed
126,376,25,2026-07-14,13:00:00,Delivery,392,Completed
127,349,5,2026-06-21,13:00:00,Takeaway,1809,Completed
128,404,10,2026-03-06,13:00:00,Dine-In,1149,Completed
129,320,27,2026-07-15,13:00:00,Takeaway,1318,Completed
130,454,12,2026-05-20,13:00:00,Delivery,1062,Completed
131,19,27,2026-01-27,13:00:00,Dine-In,2815,Completed
132,109,17,2026-02-11,13:00:00,Takeaway,933,Completed
133,109,7,2026-06-15,13:00:00,Dine-In,1006,Completed
134,225,20,2026-06-06,13:00:00,Takeaway,2478,Completed
135,354,28,2026-01-24,13:00:00,Delivery,1171,Completed
136,36,20,2026-06-17,13:00:00,Dine-In,919,Completed
137,8,3,2026-05-18,13:00:00,Delivery,1128,Completed
138,231,6,2026-07-16,13:00:00,Delivery,886,Completed
139,373,29,2026-04-24,13:00:00,Dine-In,938,Completed
140,425,26,2026-04-10,13:00:00,Delivery,836,Completed
141,320,1,2026-03-13,13:00:00,Delivery,1167,Completed
142,135,6,2026-06-19,13:00:00,Takeaway,696,Completed
143,46,19,2026-06-16,13:00:00,Takeaway,2091,Completed
144,370,6,2026-05-19,13:00:00,Takeaway,1263,Completed
145,340,4,2026-05-14,13:00:00,Dine-In,909,Completed
146,100,29,2026-06-16,13:00:00,Dine-In,1158,Completed
147,446,1,2026-03-09,13:00:00,Dine-In,708,Completed
148,242,15,2026-01-08,13:00:00,Dine-In,1278,Completed
149,249,16,2026-01-31,13:00:00,Dine-In,915,Completed
150,35,9,2026-02-18,13:00:00,Dine-In,1760,Completed
151,382,7,2026-05-04,13:00:00,Delivery,1627,Completed
152,443,11,2026-05-11,13:00:00,Takeaway,412,Completed
153,375,5,2026-07-20,13:00:00,Dine-In,886,Completed
154,340,26,2026-03-13,13:00:00,Dine-In,1078,Completed
155,335,26,2026-06-10,13:00:00,Delivery,2807,Completed
156,256,22,2026-07-17,13:00:00,Takeaway,1494,Completed
157,117,1,2026-06-29,13:00:00,Dine-In,2437,Completed
158,384,11,2026-03-19,13:00:00,Takeaway,2052,Completed
159,245,12,2026-01-17,13:00:00,Dine-In,3145,Completed
160,159,26,2026-02-21,13:00:00,Dine-In,1072,Completed
161,343,23,2026-04-16,13:00:00,Dine-In,614,Completed
162,312,26,2026-02-09,13:00:00,Takeaway,1876,Completed
163,124,18,2026-03-08,13:00:00,Delivery,690,Completed
164,165,29,2026-05-29,13:00:00,Dine-In,669,Completed
165,210,9,2026-07-22,13:00:00,Dine-In,1631,Completed
166,469,27,2026-04-22,13:00:00,Dine-In,1308,Completed
167,38,17,2026-04-18,13:00:00,Delivery,1351,Completed
168,125,16,2026-04-25,13:00:00,Takeaway,2906,Completed
169,460,9,2026-06-01,13:00:00,Takeaway,2250,Completed
170,421,3,2026-06-23,13:00:00,Dine-In,1988,Completed
171,175,22,2026-05-02,13:00:00,Dine-In,1271,Completed
172,493,5,2026-04-13,13:00:00,Takeaway,2311,Completed
173,328,7,2026-02-26,13:00:00,Delivery,878,Completed
174,40,16,2026-06-15,13:00:00,Takeaway,2567,Completed
175,247,23,2026-07-27,13:00:00,Takeaway,1357,Completed
176,493,21,2026-01-30,13:00:00,Delivery,1254,Completed
177,393,28,2026-04-05,13:00:00,Delivery,999,Completed
178,460,1,2026-02-20,13:00:00,Dine-In,1897,Completed
179,128,1,2026-06-28,13:00:00,Dine-In,768,Completed
180,59,3,2026-01-07,13:00:00,Dine-In,837,Completed
181,150,14,2026-03-23,13:00:00,Takeaway,972,Completed
182,320,2,2026-01-17,13:00:00,Dine-In,1905,Completed
183,476,18,2026-06-04,13:00:00,Takeaway,841,Completed
184,368,1,2026-03-17,13:00:00,Dine-In,943,Completed
185,78,7,2026-05-31,13:00:00,Takeaway,1602,Completed
186,7,7,2026-02-05,13:00:00,Delivery,1506,Completed
187,273,11,2026-05-14,13:00:00,Dine-In,1611,Completed
188,99,29,2026-06-07,13:00:00,Dine-In,1192,Completed
189,116,15,2026-01-16,13:00:00,Takeaway,1797,Completed
190,370,10,2026-05-14,13:00:00,Takeaway,1045,Completed
191,264,8,2026-03-25,13:00:00,Takeaway,1073,Completed
192,165,4,2026-02-20,13:00:00,Takeaway,3033,Completed
193,338,3,2026-01-28,13:00:00,Takeaway,1584,Completed
194,481,23,2026-05-03,13:00:00,Takeaway,2541,Completed
195,394,15,2026-01-27,13:00:00,Delivery,710,Completed
196,239,22,2026-01-17,13:00:00,Takeaway,2424,Completed
197,202,23,2026-02-07,13:00:00,Takeaway,843,Completed
198,55,23,2026-05-16,13:00:00,Delivery,1057,Completed
199,123,6,2026-02-13,13:00:00,Dine-In,995,Completed
200,60,3,2026-05-22,13:00:00,Dine-In,1721,Completed
201,239,13,2026-07-14,13:00:00,Dine-In,2156,Completed
202,127,1,2026-07-25,13:00:00,Takeaway,1841,Completed
203,374,24,2026-02-14,13:00:00,Dine-In,1148,Completed
204,404,25,2026-01-03,13:00:00,Takeaway,903,Completed
205,155,12,2026-04-04,13:00:00,Takeaway,2197,Completed
206,471,21,2026-07-29,13:00:00,Takeaway,1142,Completed
207,336,11,2026-05-10,13:00:00,Takeaway,1254,Completed
208,459,28,2026-03-30,13:00:00,Delivery,366,Completed
209,446,27,2026-07-23,13:00:00,Delivery,1981,Completed
210,128,3,2026-04-03,13:00:00,Dine-In,640,Completed
211,37,20,2026-04-05,13:00:00,Takeaway,1227,Completed
212,411,16,2026-03-21,13:00:00,Takeaway,2403,Completed
213,448,12,2026-07-09,13:00:00,Takeaway,2125,Completed
214,451,22,2026-01-04,13:00:00,Takeaway,536,Completed
215,469,19,2026-06-17,13:00:00,Dine-In,1324,Completed
216,48,6,2026-04-20,13:00:00,Delivery,2135,Completed
217,188,29,2026-02-26,13:00:00,Dine-In,1299,Completed
218,169,17,2026-03-19,13:00:00,Delivery,2949,Completed
219,461,26,2026-05-24,13:00:00,Delivery,798,Completed
220,186,2,2026-05-26,13:00:00,Delivery,1707,Completed
221,237,30,2026-05-11,13:00:00,Delivery,479,Completed
222,16,14,2026-07-25,13:00:00,Takeaway,1209,Completed
223,111,17,2026-04-18,13:00:00,Dine-In,1903,Completed
224,131,8,2026-05-18,13:00:00,Delivery,2074,Completed
225,237,23,2026-07-11,13:00:00,Dine-In,1721,Completed
226,445,3,2026-01-23,13:00:00,Delivery,1870,Completed
227,393,24,2026-04-15,13:00:00,Takeaway,923,Completed
228,159,6,2026-03-19,13:00:00,Delivery,1856,Completed
229,214,16,2026-02-17,13:00:00,Delivery,2178,Completed
230,304,17,2026-05-01,13:00:00,Takeaway,453,Completed
231,207,4,2026-01-18,13:00:00,Takeaway,1826,Completed
232,443,27,2026-04-30,13:00:00,Delivery,1687,Completed
233,318,10,2026-04-21,13:00:00,Delivery,1665,Completed
234,75,21,2026-06-25,13:00:00,Delivery,2061,Completed
235,411,6,2026-03-29,13:00:00,Delivery,1300,Completed
236,246,15,2026-07-26,13:00:00,Delivery,1193,Completed
237,481,16,2026-06-13,13:00:00,Delivery,1453,Completed
238,190,26,2026-01-05,13:00:00,Takeaway,1410,Completed
239,421,16,2026-03-15,13:00:00,Dine-In,812,Completed
240,378,26,2026-01-16,13:00:00,Dine-In,861,Completed
241,63,24,2026-03-09,13:00:00,Takeaway,1574,Completed
242,384,16,2026-01-11,13:00:00,Delivery,2356,Completed
243,20,3,2026-03-19,13:00:00,Takeaway,570,Completed
244,238,6,2026-01-29,13:00:00,Delivery,799,Completed
245,62,28,2026-04-03,13:00:00,Takeaway,1464,Completed
246,362,29,2026-06-22,13:00:00,Takeaway,684,Completed
247,272,20,2026-04-25,13:00:00,Takeaway,2215,Completed
248,325,11,2026-06-03,13:00:00,Takeaway,1572,Completed
249,197,6,2026-06-26,13:00:00,Takeaway,1258,Completed
250,195,24,2026-05-26,13:00:00,Takeaway,1726,Completed
251,463,7,2026-03-10,13:00:00,Delivery,2371,Completed
252,313,11,2026-07-25,13:00:00,Dine-In,1957,Completed
253,24,5,2026-07-13,13:00:00,Delivery,1328,Completed
254,478,1,2026-06-30,13:00:00,Takeaway,783,Completed
255,447,14,2026-06-05,13:00:00,Takeaway,1504,Completed
256,19,16,2026-01-25,13:00:00,Dine-In,2265,Completed
257,293,23,2026-07-16,13:00:00,Delivery,3217,Completed
258,24,24,2026-01-31,13:00:00,Delivery,676,Completed
259,327,28,2026-04-01,13:00:00,Takeaway,1426,Completed
260,42,28,2026-01-23,13:00:00,Delivery,732,Completed
261,149,11,2026-07-06,13:00:00,Takeaway,1492,Completed
262,84,30,2026-02-12,13:00:00,Dine-In,696,Completed
263,465,20,2026-02-11,13:00:00,Takeaway,1585,Completed
264,214,30,2026-01-26,13:00:00,Dine-In,1471,Completed
265,422,17,2026-05-04,13:00:00,Delivery,1061,Completed
266,163,13,2026-05-22,13:00:00,Takeaway,696,Completed
267,289,12,2026-03-10,13:00:00,Takeaway,1284,Completed
268,454,4,2026-03-29,13:00:00,Takeaway,1115,Completed
269,281,6,2026-05-28,13:00:00,Takeaway,808,Completed
270,190,19,2026-06-11,13:00:00,Delivery,3048,Completed
271,97,20,2026-04-03,13:00:00,Delivery,970,Completed
272,6,7,2026-04-18,13:00:00,Delivery,1513,Completed
273,147,30,2026-06-25,13:00:00,Delivery,1653,Completed
274,26,14,2026-03-10,13:00:00,Delivery,1688,Completed
275,213,12,2026-05-12,13:00:00,Dine-In,2734,Completed
276,478,4,2026-02-23,13:00:00,Takeaway,1965,Completed
277,306,27,2026-01-18,13:00:00,Takeaway,2167,Completed
278,12,1,2026-06-19,13:00:00,Takeaway,1830,Completed
279,372,12,2026-04-06,13:00:00,Dine-In,1784,Completed
280,57,19,2026-02-08,13:00:00,Delivery,1088,Completed
281,255,14,2026-05-24,13:00:00,Dine-In,1211,Completed
282,3,8,2026-07-13,13:00:00,Takeaway,1478,Completed
283,392,2,2026-05-02,13:00:00,Dine-In,1146,Completed
284,474,6,2026-06-04,13:00:00,Dine-In,1332,Completed
285,41,14,2026-06-16,13:00:00,Dine-In,2456,Completed
286,222,11,2026-03-20,13:00:00,Delivery,955,Completed
287,63,28,2026-05-08,13:00:00,Dine-In,2827,Completed
288,53,17,2026-01-13,13:00:00,Dine-In,3346,Completed
289,339,15,2026-03-08,13:00:00,Dine-In,1560,Completed
290,102,14,2026-01-26,13:00:00,Takeaway,1445,Completed
291,339,22,2026-03-10,13:00:00,Dine-In,1630,Completed
292,37,2,2026-01-22,13:00:00,Takeaway,1916,Completed
293,51,22,2026-02-19,13:00:00,Takeaway,1076,Completed
294,35,16,2026-02-06,13:00:00,Delivery,1932,Completed
295,367,26,2026-07-22,13:00:00,Dine-In,516,Completed
296,88,23,2026-03-31,13:00:00,Takeaway,1390,Completed
297,68,3,2026-01-01,13:00:00,Delivery,1654,Completed
298,414,13,2026-01-30,13:00:00,Dine-In,514,Completed
299,448,10,2026-01-22,13:00:00,Delivery,3186,Completed
300,266,7,2026-03-21,13:00:00,Delivery,1989,Completed
301,143,22,2026-06-08,13:00:00,Dine-In,2401,Completed
302,61,25,2026-03-12,13:00:00,Delivery,1898,Completed
303,149,10,2026-05-20,13:00:00,Delivery,1688,Completed
304,232,28,2026-07-06,13:00:00,Delivery,1412,Completed
305,402,14,2026-03-01,13:00:00,Delivery,2517,Completed
306,185,14,2026-03-29,13:00:00,Takeaway,1737,Completed
307,173,16,2026-03-29,13:00:00,Takeaway,1192,Completed
308,101,9,2026-04-05,13:00:00,Takeaway,1437,Completed
309,80,11,2026-04-18,13:00:00,Takeaway,386,Completed
310,473,22,2026-01-16,13:00:00,Dine-In,677,Completed
311,99,5,2026-04-19,13:00:00,Takeaway,1675,Completed
312,201,13,2026-01-06,13:00:00,Dine-In,863,Completed
313,65,22,2026-03-27,13:00:00,Dine-In,1003,Completed
314,51,7,2026-03-17,13:00:00,Dine-In,2014,Completed
315,167,17,2026-05-27,13:00:00,Takeaway,1667,Completed
316,469,12,2026-04-17,13:00:00,Takeaway,409,Completed
317,439,14,2026-06-17,13:00:00,Delivery,1806,Completed
318,408,18,2026-05-14,13:00:00,Dine-In,1503,Completed
319,195,15,2026-06-19,13:00:00,Takeaway,1344,Completed
320,410,4,2026-02-10,13:00:00,Dine-In,1915,Completed
321,48,29,2026-01-18,13:00:00,Takeaway,1214,Completed
322,471,23,2026-03-16,13:00:00,Delivery,636,Completed
323,191,10,2026-01-30,13:00:00,Delivery,1717,Completed
324,390,3,2026-03-14,13:00:00,Takeaway,1489,Completed
325,346,28,2026-03-26,13:00:00,Takeaway,652,Completed
326,2,6,2026-04-13,13:00:00,Dine-In,1974,Completed
327,426,30,2026-02-12,13:00:00,Takeaway,1163,Completed
328,22,16,2026-06-22,13:00:00,Dine-In,2547,Completed
329,331,17,2026-07-27,13:00:00,Delivery,1459,Completed
330,282,18,2026-03-16,13:00:00,Dine-In,1101,Completed
331,159,10,2026-03-12,13:00:00,Delivery,3184,Completed
332,65,25,2026-05-26,13:00:00,Delivery,995,Completed
333,314,20,2026-01-21,13:00:00,Dine-In,1605,Completed
334,434,3,2026-07-26,13:00:00,Delivery,1041,Completed
335,45,27,2026-04-23,13:00:00,Takeaway,2793,Completed
336,173,12,2026-02-03,13:00:00,Delivery,1003,Completed
337,82,23,2026-01-13,13:00:00,Dine-In,1888,Completed
338,408,9,2026-06-04,13:00:00,Dine-In,1330,Completed
339,308,28,2026-06-06,13:00:00,Takeaway,1059,Completed
340,481,8,2026-02-20,13:00:00,Delivery,1604,Completed
341,24,8,2026-04-12,13:00:00,Takeaway,894,Completed
342,249,1,2026-05-09,13:00:00,Takeaway,2055,Completed
343,468,22,2026-07-07,13:00:00,Takeaway,1438,Completed
344,485,7,2026-07-21,13:00:00,Takeaway,1457,Completed
345,145,13,2026-05-04,13:00:00,Takeaway,1580,Completed
346,283,20,2026-05-22,13:00:00,Delivery,1700,Completed
347,240,14,2026-07-28,13:00:00,Dine-In,1917,Completed
348,330,28,2026-02-26,13:00:00,Delivery,1651,Completed
349,244,19,2026-02-11,13:00:00,Takeaway,1972,Completed
350,331,19,2026-07-16,13:00:00,Delivery,928,Completed
351,89,21,2026-05-27,13:00:00,Delivery,648,Completed
352,130,18,2026-02-09,13:00:00,Dine-In,1462,Completed
353,130,27,2026-03-07,13:00:00,Dine-In,988,Completed
354,115,12,2026-04-29,13:00:00,Dine-In,751,Completed
355,169,24,2026-01-30,13:00:00,Dine-In,1328,Completed
356,19,11,2026-03-31,13:00:00,Takeaway,1181,Completed
357,317,26,2026-01-19,13:00:00,Takeaway,2817,Completed
358,464,29,2026-04-15,13:00:00,Delivery,2290,Completed
359,261,28,2026-05-23,13:00:00,Dine-In,1372,Completed
360,322,16,2026-03-08,13:00:00,Delivery,1765,Completed
361,330,13,2026-02-06,13:00:00,Delivery,2081,Completed
362,35,5,2026-03-28,13:00:00,Takeaway,610,Completed
363,280,23,2026-07-23,13:00:00,Dine-In,867,Completed
364,399,24,2026-01-07,13:00:00,Delivery,1814,Completed
365,61,17,2026-02-01,13:00:00,Dine-In,2116,Completed
366,165,16,2026-02-21,13:00:00,Delivery,1591,Completed
367,230,9,2026-06-16,13:00:00,Takeaway,1097,Completed
368,309,17,2026-02-09,13:00:00,Dine-In,569,Completed
369,42,2,2026-04-17,13:00:00,Dine-In,3425,Completed
370,56,13,2026-07-24,13:00:00,Takeaway,1107,Completed
371,243,3,2026-07-24,13:00:00,Delivery,395,Completed
372,47,18,2026-07-28,13:00:00,Takeaway,1080,Completed
373,129,19,2026-04-23,13:00:00,Dine-In,733,Completed
374,306,2,2026-03-20,13:00:00,Delivery,1356,Completed
375,430,24,2026-05-31,13:00:00,Dine-In,1739,Completed
376,300,11,2026-04-27,13:00:00,Dine-In,1492,Completed
377,118,12,2026-03-29,13:00:00,Takeaway,1464,Completed
378,127,14,2026-04-06,13:00:00,Dine-In,1975,Completed
379,332,5,2026-05-21,13:00:00,Delivery,2259,Completed
380,237,6,2026-04-13,13:00:00,Delivery,2353,Completed
381,459,7,2026-01-12,13:00:00,Delivery,1786,Completed
382,338,19,2026-04-14,13:00:00,Takeaway,1939,Completed
383,430,3,2026-01-10,13:00:00,Delivery,2295,Completed
384,451,26,2026-04-03,13:00:00,Takeaway,2273,Completed
385,343,6,2026-05-20,13:00:00,Delivery,1400,Completed
386,173,28,2026-05-03,13:00:00,Delivery,1284,Completed
387,169,28,2026-07-27,13:00:00,Takeaway,785,Completed
388,239,1,2026-04-08,13:00:00,Takeaway,921,Completed
389,13,19,2026-03-03,13:00:00,Delivery,2157,Completed
390,230,10,2026-03-05,13:00:00,Dine-In,649,Completed
391,365,19,2026-06-10,13:00:00,Takeaway,3054,Completed
392,98,3,2026-02-11,13:00:00,Takeaway,2136,Completed
393,476,17,2026-01-13,13:00:00,Delivery,1507,Completed
394,141,30,2026-06-19,13:00:00,Delivery,2081,Completed
395,353,20,2026-01-29,13:00:00,Delivery,935,Completed
396,70,7,2026-02-23,13:00:00,Takeaway,1578,Completed
397,429,6,2026-06-11,13:00:00,Takeaway,1002,Completed
398,453,16,2026-01-05,13:00:00,Delivery,1472,Completed
399,174,10,2026-03-02,13:00:00,Dine-In,2562,Completed
400,114,11,2026-02-21,13:00:00,Takeaway,444,Completed
401,253,12,2026-06-28,13:00:00,Dine-In,1036,Completed
402,134,14,2026-06-10,13:00:00,Takeaway,2069,Completed
403,375,14,2026-05-08,13:00:00,Dine-In,1353,Completed
404,306,9,2026-06-20,13:00:00,Takeaway,1546,Completed
405,152,21,2026-01-27,13:00:00,Takeaway,1778,Completed
406,236,29,2026-04-21,13:00:00,Delivery,2048,Completed
407,149,22,2026-06-30,13:00:00,Dine-In,1170,Completed
408,467,21,2026-01-08,13:00:00,Takeaway,1676,Completed
409,361,23,2026-07-10,13:00:00,Delivery,2582,Completed
410,79,26,2026-03-30,13:00:00,Dine-In,1805,Completed
411,253,2,2026-07-23,13:00:00,Delivery,883,Completed
412,169,3,2026-03-25,13:00:00,Delivery,519,Completed
413,450,4,2026-05-29,13:00:00,Takeaway,835,Completed
414,28,28,2026-01-01,13:00:00,Takeaway,1430,Completed
415,161,23,2026-02-17,13:00:00,Delivery,2349,Completed
416,315,28,2026-02-04,13:00:00,Delivery,1475,Completed
417,399,10,2026-02-21,13:00:00,Takeaway,1000,Completed
418,418,18,2026-07-26,13:00:00,Takeaway,865,Completed
419,107,3,2026-02-11,13:00:00,Dine-In,1117,Completed
420,340,2,2026-04-27,13:00:00,Dine-In,1102,Completed
421,404,14,2026-05-31,13:00:00,Dine-In,1511,Completed
422,145,10,2026-04-18,13:00:00,Takeaway,2284,Completed
423,319,30,2026-04-08,13:00:00,Takeaway,1508,Completed
424,254,9,2026-03-07,13:00:00,Dine-In,1638,Completed
425,4,16,2026-02-18,13:00:00,Delivery,1649,Completed
426,338,5,2026-04-11,13:00:00,Takeaway,2090,Completed
427,475,19,2026-07-18,13:00:00,Delivery,1859,Completed
428,364,26,2026-04-16,13:00:00,Takeaway,1309,Completed
429,386,1,2026-04-20,13:00:00,Delivery,2571,Completed
430,327,8,2026-01-23,13:00:00,Delivery,2104,Completed
431,222,12,2026-06-12,13:00:00,Delivery,1095,Completed
432,480,14,2026-07-14,13:00:00,Delivery,2975,Completed
433,129,13,2026-03-26,13:00:00,Delivery,2008,Completed
434,28,27,2026-06-19,13:00:00,Dine-In,663,Completed
435,400,10,2026-05-08,13:00:00,Delivery,1629,Completed
436,342,7,2026-02-14,13:00:00,Dine-In,2591,Completed
437,167,21,2026-05-22,13:00:00,Dine-In,1151,Completed
438,373,9,2026-06-10,13:00:00,Dine-In,824,Completed
439,462,12,2026-07-03,13:00:00,Delivery,867,Completed
440,156,12,2026-02-18,13:00:00,Takeaway,2340,Completed
441,432,11,2026-06-08,13:00:00,Delivery,1364,Completed
442,256,8,2026-03-19,13:00:00,Takeaway,2042,Completed
443,357,30,2026-07-28,13:00:00,Delivery,1566,Completed
444,395,21,2026-06-11,13:00:00,Dine-In,1580,Completed
445,241,25,2026-01-10,13:00:00,Delivery,1099,Completed
446,341,23,2026-03-16,13:00:00,Delivery,1406,Completed
447,274,16,2026-03-14,13:00:00,Dine-In,2095,Completed
448,469,24,2026-03-31,13:00:00,Delivery,1005,Completed
449,192,25,2026-01-30,13:00:00,Delivery,2199,Completed
450,392,24,2026-03-14,13:00:00,Takeaway,3049,Completed
451,400,7,2026-03-24,13:00:00,Takeaway,1729,Completed
452,263,29,2026-01-04,13:00:00,Takeaway,793,Completed
453,93,14,2026-05-11,13:00:00,Takeaway,1488,Completed
454,216,30,2026-03-29,13:00:00,Dine-In,1416,Completed
455,354,4,2026-06-05,13:00:00,Dine-In,417,Completed
456,269,8,2026-06-29,13:00:00,Takeaway,1205,Completed
457,341,2,2026-04-06,13:00:00,Delivery,1236,Completed
458,24,23,2026-02-18,13:00:00,Dine-In,1007,Completed
459,324,4,2026-07-23,13:00:00,Takeaway,2112,Completed
460,478,16,2026-01-21,13:00:00,Takeaway,1528,Completed
461,280,17,2026-02-20,13:00:00,Dine-In,1343,Completed
462,491,5,2026-03-28,13:00:00,Takeaway,1737,Completed
463,41,14,2026-06-25,13:00:00,Delivery,698,Completed
464,412,15,2026-07-26,13:00:00,Dine-In,1803,Completed
465,41,7,2026-02-15,13:00:00,Delivery,1728,Completed
466,361,28,2026-05-16,13:00:00,Delivery,2890,Completed
467,470,1,2026-03-12,13:00:00,Dine-In,1259,Completed
468,379,28,2026-02-23,13:00:00,Delivery,893,Completed
469,250,14,2026-02-03,13:00:00,Delivery,1159,Completed
470,489,19,2026-05-08,13:00:00,Dine-In,2705,Completed
471,263,13,2026-07-19,13:00:00,Dine-In,878,Completed
472,236,30,2026-01-30,13:00:00,Dine-In,2229,Completed
473,48,11,2026-01-05,13:00:00,Takeaway,410,Completed
474,48,30,2026-01-09,13:00:00,Takeaway,2110,Completed
475,285,22,2026-02-06,13:00:00,Takeaway,1731,Completed
476,108,15,2026-07-07,13:00:00,Takeaway,1740,Completed
477,332,2,2026-06-25,13:00:00,Dine-In,2255,Completed
478,322,14,2026-04-20,13:00:00,Takeaway,732,Completed
479,219,9,2026-02-07,13:00:00,Delivery,2167,Completed
480,254,15,2026-04-12,13:00:00,Dine-In,386,Completed
481,448,2,2026-02-08,13:00:00,Delivery,1790,Completed
482,131,27,2026-04-25,13:00:00,Dine-In,2310,Completed
483,419,23,2026-06-01,13:00:00,Dine-In,1117,Completed
484,297,16,2026-06-20,13:00:00,Delivery,2561,Completed
485,118,15,2026-05-31,13:00:00,Delivery,1923,Completed
486,369,17,2026-07-06,13:00:00,Takeaway,1787,Completed
487,90,21,2026-06-09,13:00:00,Takeaway,2096,Completed
488,137,9,2026-05-12,13:00:00,Takeaway,2567,Completed
489,85,19,2026-06-05,13:00:00,Delivery,557,Completed
490,203,27,2026-02-14,13:00:00,Dine-In,1674,Completed
491,129,6,2026-06-15,13:00:00,Delivery,2614,Completed
492,270,20,2026-05-12,13:00:00,Delivery,658,Completed
493,345,23,2026-01-01,13:00:00,Delivery,1652,Completed
494,307,8,2026-03-25,13:00:00,Dine-In,1838,Completed
495,23,1,2026-05-27,13:00:00,Dine-In,952,Completed
496,124,16,2026-02-19,13:00:00,Takeaway,1043,Completed
497,456,18,2026-07-20,13:00:00,Delivery,1005,Completed
498,141,9,2026-03-14,13:00:00,Delivery,1737,Completed
499,224,11,2026-06-17,13:00:00,Delivery,2595,Completed
500,296,28,2026-02-15,13:00:00,Takeaway,455,Completed
501,284,24,2026-02-04,13:00:00,Dine-In,1802,Completed
502,163,27,2026-06-16,13:00:00,Dine-In,764,Completed
503,420,28,2026-03-17,13:00:00,Delivery,1775,Completed
504,90,5,2026-03-23,13:00:00,Takeaway,1807,Completed
505,166,18,2026-05-22,13:00:00,Delivery,1224,Completed
506,478,15,2026-06-05,13:00:00,Delivery,2095,Completed
507,50,5,2026-06-06,13:00:00,Dine-In,1776,Completed
508,486,29,2026-07-23,13:00:00,Delivery,1651,Completed
509,178,11,2026-04-06,13:00:00,Takeaway,1919,Completed
510,162,29,2026-07-10,13:00:00,Takeaway,1494,Completed
511,284,18,2026-07-14,13:00:00,Delivery,1299,Completed
512,100,22,2026-06-27,13:00:00,Delivery,1684,Completed
513,468,18,2026-04-16,13:00:00,Takeaway,1722,Completed
514,27,8,2026-03-02,13:00:00,Takeaway,423,Completed
515,437,17,2026-02-10,13:00:00,Takeaway,2126,Completed
516,18,12,2026-07-24,13:00:00,Delivery,1611,Completed
517,4,23,2026-06-16,13:00:00,Delivery,1832,Completed
518,291,1,2026-04-06,13:00:00,Takeaway,1350,Completed
519,134,21,2026-03-01,13:00:00,Takeaway,2222,Completed
520,309,18,2026-05-16,13:00:00,Dine-In,2458,Completed
521,65,18,2026-07-02,13:00:00,Dine-In,1186,Completed
522,12,13,2026-03-29,13:00:00,Delivery,2405,Completed
523,373,10,2026-06-02,13:00:00,Takeaway,3215,Completed
524,50,15,2026-01-11,13:00:00,Takeaway,2255,Completed
525,139,12,2026-03-01,13:00:00,Takeaway,2743,Completed
526,170,30,2026-03-28,13:00:00,Takeaway,1538,Completed
527,480,17,2026-02-26,13:00:00,Delivery,1026,Completed
528,130,18,2026-03-26,13:00:00,Delivery,1617,Completed
529,296,18,2026-01-19,13:00:00,Takeaway,1658,Completed
530,26,19,2026-04-05,13:00:00,Delivery,1656,Completed
531,305,30,2026-01-25,13:00:00,Dine-In,2102,Completed
532,402,26,2026-07-09,13:00:00,Delivery,1711,Completed
533,374,16,2026-07-29,13:00:00,Dine-In,1705,Completed
534,275,28,2026-05-19,13:00:00,Delivery,1328,Completed
535,99,1,2026-04-20,13:00:00,Delivery,2933,Completed
536,3,25,2026-07-02,13:00:00,Dine-In,498,Completed
537,122,8,2026-03-09,13:00:00,Dine-In,1802,Completed
538,225,19,2026-01-26,13:00:00,Dine-In,1292,Completed
539,359,6,2026-05-01,13:00:00,Delivery,1689,Completed
540,288,30,2026-04-26,13:00:00,Dine-In,1110,Completed
541,347,25,2026-06-06,13:00:00,Takeaway,1641,Completed
542,477,15,2026-02-17,13:00:00,Dine-In,2610,Completed
543,115,20,2026-04-06,13:00:00,Delivery,2647,Completed
544,276,21,2026-04-22,13:00:00,Dine-In,687,Completed
545,61,16,2026-03-20,13:00:00,Takeaway,1722,Completed
546,37,19,2026-04-14,13:00:00,Delivery,466,Completed
547,387,28,2026-02-21,13:00:00,Dine-In,1608,Completed
548,400,29,2026-02-21,13:00:00,Dine-In,1738,Completed
549,154,1,2026-06-20,13:00:00,Takeaway,2200,Completed
550,377,20,2026-06-12,13:00:00,Takeaway,1870,Completed
551,137,25,2026-05-27,13:00:00,Dine-In,2152,Completed
552,403,1,2026-07-28,13:00:00,Takeaway,1343,Completed
553,48,29,2026-04-10,13:00:00,Takeaway,1595,Completed
554,266,14,2026-06-26,13:00:00,Dine-In,2677,Completed
555,385,8,2026-02-15,13:00:00,Dine-In,1156,Completed
556,341,5,2026-04-22,13:00:00,Takeaway,2988,Completed
557,382,15,2026-02-22,13:00:00,Delivery,1406,Completed
558,478,19,2026-04-15,13:00:00,Dine-In,1515,Completed
559,443,23,2026-01-13,13:00:00,Dine-In,1216,Completed
560,65,27,2026-07-04,13:00:00,Takeaway,2602,Completed
561,443,11,2026-06-14,13:00:00,Dine-In,1642,Completed
562,155,30,2026-05-04,13:00:00,Dine-In,2370,Completed
563,58,8,2026-01-19,13:00:00,Delivery,2104,Completed
564,196,27,2026-04-04,13:00:00,Delivery,705,Completed
565,70,14,2026-03-25,13:00:00,Takeaway,1426,Completed
566,2,21,2026-06-19,13:00:00,Dine-In,1452,Completed
567,63,17,2026-02-04,13:00:00,Delivery,1723,Completed
568,309,20,2026-06-10,13:00:00,Takeaway,1881,Completed
569,60,6,2026-07-16,13:00:00,Takeaway,1791,Completed
570,208,19,2026-03-08,13:00:00,Takeaway,1258,Completed
571,218,26,2026-01-26,13:00:00,Dine-In,2202,Completed
572,274,6,2026-05-07,13:00:00,Dine-In,954,Completed
573,356,29,2026-03-31,13:00:00,Delivery,2072,Completed
574,346,4,2026-01-07,13:00:00,Takeaway,2197,Completed
575,485,24,2026-04-06,13:00:00,Dine-In,1585,Completed
576,390,7,2026-03-18,13:00:00,Dine-In,1282,Completed
577,241,8,2026-07-20,13:00:00,Takeaway,2092,Completed
578,378,9,2026-07-24,13:00:00,Dine-In,2168,Completed
579,273,27,2026-02-11,13:00:00,Dine-In,1593,Completed
580,497,12,2026-04-24,13:00:00,Dine-In,1887,Completed
581,321,18,2026-01-05,13:00:00,Takeaway,534,Completed
582,212,16,2026-07-10,13:00:00,Takeaway,1320,Completed
583,495,19,2026-02-03,13:00:00,Delivery,1554,Completed
584,354,2,2026-03-27,13:00:00,Takeaway,3514,Completed
585,193,30,2026-03-14,13:00:00,Takeaway,1764,Completed
586,381,18,2026-05-05,13:00:00,Takeaway,788,Completed
587,37,4,2026-07-23,13:00:00,Takeaway,741,Completed
588,189,9,2026-05-03,13:00:00,Dine-In,696,Completed
589,255,28,2026-05-27,13:00:00,Takeaway,1304,Completed
590,435,20,2026-05-11,13:00:00,Takeaway,1316,Completed
591,330,5,2026-03-03,13:00:00,Delivery,1511,Completed
592,147,27,2026-03-21,13:00:00,Dine-In,596,Completed
593,231,5,2026-03-07,13:00:00,Delivery,1371,Completed
594,86,4,2026-04-26,13:00:00,Dine-In,961,Completed
595,489,13,2026-03-13,13:00:00,Dine-In,995,Completed
596,474,6,2026-04-19,13:00:00,Dine-In,598,Completed
597,335,3,2026-01-23,13:00:00,Delivery,873,Completed
598,261,4,2026-05-19,13:00:00,Delivery,1821,Completed
599,205,4,2026-01-31,13:00:00,Dine-In,1644,Completed
600,64,21,2026-04-01,13:00:00,Delivery,1447,Completed
601,313,5,2026-01-02,13:00:00,Takeaway,2130,Completed
602,49,26,2026-01-29,13:00:00,Dine-In,1196,Completed
603,216,25,2026-06-07,13:00:00,Dine-In,573,Completed
604,129,24,2026-03-15,13:00:00,Dine-In,1837,Completed
605,232,28,2026-05-25,13:00:00,Delivery,1161,Completed
606,327,14,2026-06-04,13:00:00,Delivery,1595,Completed
607,366,5,2026-01-04,13:00:00,Delivery,1414,Completed
608,444,15,2026-07-30,13:00:00,Dine-In,2365,Completed
609,417,16,2026-07-15,13:00:00,Takeaway,703,Completed
610,159,3,2026-03-05,13:00:00,Delivery,2850,Completed
611,350,10,2026-03-09,13:00:00,Delivery,669,Completed
612,403,4,2026-05-30,13:00:00,Takeaway,936,Completed
613,284,23,2026-05-05,13:00:00,Takeaway,772,Completed
614,202,1,2026-05-05,13:00:00,Delivery,1733,Completed
615,475,8,2026-04-02,13:00:00,Delivery,854,Completed
616,53,21,2026-06-02,13:00:00,Delivery,1964,Completed
617,177,4,2026-01-12,13:00:00,Dine-In,2062,Completed
618,492,26,2026-04-29,13:00:00,Delivery,1704,Completed
619,61,3,2026-01-02,13:00:00,Takeaway,1908,Completed
620,364,2,2026-04-29,13:00:00,Delivery,1986,Completed
621,252,3,2026-04-03,13:00:00,Takeaway,1040,Completed
622,340,10,2026-03-07,13:00:00,Delivery,2103,Completed
623,81,10,2026-02-11,13:00:00,Takeaway,978,Completed
624,449,25,2026-03-10,13:00:00,Dine-In,1765,Completed
625,411,22,2026-05-04,13:00:00,Delivery,588,Completed
626,340,10,2026-02-02,13:00:00,Takeaway,1584,Completed
627,197,18,2026-02-02,13:00:00,Delivery,1768,Completed
628,251,28,2026-02-10,13:00:00,Delivery,889,Completed
629,380,21,2026-06-04,13:00:00,Takeaway,1288,Completed
630,285,3,2026-04-03,13:00:00,Dine-In,2558,Completed
631,38,22,2026-04-02,13:00:00,Takeaway,1083,Completed
632,344,2,2026-07-25,13:00:00,Delivery,2131,Completed
633,51,12,2026-01-27,13:00:00,Takeaway,1632,Completed
634,369,28,2026-01-14,13:00:00,Takeaway,2728,Completed
635,190,17,2026-06-05,13:00:00,Delivery,2847,Completed
636,39,7,2026-05-07,13:00:00,Dine-In,1603,Completed
637,264,24,2026-05-24,13:00:00,Dine-In,1673,Completed
638,496,21,2026-07-26,13:00:00,Dine-In,2135,Completed
639,276,2,2026-05-04,13:00:00,Dine-In,1516,Completed
640,199,12,2026-04-02,13:00:00,Delivery,843,Completed
641,491,18,2026-07-29,13:00:00,Dine-In,1529,Completed
642,208,14,2026-07-24,13:00:00,Delivery,433,Completed
643,282,5,2026-06-16,13:00:00,Takeaway,1410,Completed
644,411,17,2026-04-14,13:00:00,Takeaway,2433,Completed
645,178,2,2026-07-04,13:00:00,Dine-In,1758,Completed
646,274,4,2026-05-18,13:00:00,Takeaway,2782,Completed
647,234,19,2026-02-27,13:00:00,Dine-In,3302,Completed
648,179,6,2026-02-07,13:00:00,Dine-In,1818,Completed
649,359,22,2026-02-06,13:00:00,Delivery,2661,Completed
650,47,28,2026-07-09,13:00:00,Takeaway,1050,Completed
651,160,12,2026-04-06,13:00:00,Dine-In,2528,Completed
652,484,6,2026-04-27,13:00:00,Delivery,1513,Completed
653,161,14,2026-06-08,13:00:00,Delivery,2028,Completed
654,104,4,2026-03-12,13:00:00,Delivery,2101,Completed
655,426,3,2026-01-11,13:00:00,Takeaway,1320,Completed
656,80,16,2026-01-21,13:00:00,Dine-In,2694,Completed
657,325,5,2026-02-25,13:00:00,Takeaway,808,Completed
658,264,16,2026-01-29,13:00:00,Delivery,1967,Completed
659,453,23,2026-04-09,13:00:00,Delivery,1997,Completed
660,342,7,2026-05-22,13:00:00,Dine-In,1701,Completed
661,335,20,2026-02-26,13:00:00,Dine-In,1104,Completed
662,491,26,2026-04-15,13:00:00,Dine-In,1108,Completed
663,39,19,2026-07-23,13:00:00,Takeaway,1790,Completed
664,219,19,2026-07-02,13:00:00,Delivery,2069,Completed
665,253,30,2026-03-08,13:00:00,Dine-In,967,Completed
666,411,19,2026-06-09,13:00:00,Delivery,1550,Completed
667,7,8,2026-01-09,13:00:00,Delivery,847,Completed
668,69,12,2026-01-24,13:00:00,Delivery,1784,Completed
669,214,15,2026-05-19,13:00:00,Dine-In,961,Completed
670,390,3,2026-06-10,13:00:00,Delivery,2179,Completed
671,384,15,2026-04-03,13:00:00,Dine-In,785,Completed
672,313,17,2026-03-27,13:00:00,Takeaway,2216,Completed
673,450,16,2026-02-27,13:00:00,Dine-In,1437,Completed
674,148,26,2026-03-31,13:00:00,Dine-In,1114,Completed
675,341,9,2026-01-11,13:00:00,Delivery,1648,Completed
676,339,17,2026-01-29,13:00:00,Takeaway,1344,Completed
677,382,29,2026-05-21,13:00:00,Delivery,2386,Completed
678,272,14,2026-01-17,13:00:00,Delivery,1544,Completed
679,271,9,2026-07-15,13:00:00,Dine-In,808,Completed
680,245,27,2026-02-13,13:00:00,Delivery,1623,Completed
681,20,26,2026-05-24,13:00:00,Dine-In,1308,Completed
682,386,9,2026-02-19,13:00:00,Takeaway,859,Completed
683,242,5,2026-05-10,13:00:00,Dine-In,2256,Completed
684,470,3,2026-05-07,13:00:00,Dine-In,894,Completed
685,64,8,2026-03-24,13:00:00,Delivery,2187,Completed
686,185,28,2026-01-23,13:00:00,Takeaway,1077,Completed
687,116,10,2026-02-05,13:00:00,Takeaway,1377,Completed
688,4,16,2026-03-26,13:00:00,Delivery,1600,Completed
689,106,6,2026-05-05,13:00:00,Dine-In,1239,Completed
690,284,25,2026-03-10,13:00:00,Delivery,783,Completed
691,344,25,2026-05-01,13:00:00,Takeaway,1542,Completed
692,136,23,2026-03-19,13:00:00,Dine-In,540,Completed
693,17,26,2026-03-05,13:00:00,Delivery,1934,Completed
694,256,17,2026-06-08,13:00:00,Delivery,922,Completed
695,40,17,2026-06-26,13:00:00,Dine-In,2167,Completed
696,32,3,2026-04-30,13:00:00,Delivery,1265,Completed
697,132,17,2026-02-02,13:00:00,Delivery,2157,Completed
698,45,1,2026-01-29,13:00:00,Delivery,1301,Completed
699,364,23,2026-07-12,13:00:00,Dine-In,1308,Completed
700,439,11,2026-06-26,13:00:00,Takeaway,1175,Completed
701,48,8,2026-02-04,13:00:00,Delivery,620,Completed
702,456,24,2026-03-10,13:00:00,Delivery,1262,Completed
703,275,13,2026-06-07,13:00:00,Delivery,2250,Completed
704,352,30,2026-02-16,13:00:00,Takeaway,2945,Completed
705,245,29,2026-01-28,13:00:00,Delivery,1833,Completed
706,145,9,2026-03-14,13:00:00,Dine-In,484,Completed
707,185,1,2026-06-30,13:00:00,Dine-In,2325,Completed
708,289,22,2026-05-02,13:00:00,Dine-In,645,Completed
709,358,4,2026-02-01,13:00:00,Takeaway,1968,Completed
710,206,3,2026-07-29,13:00:00,Dine-In,1374,Completed
711,331,26,2026-04-19,13:00:00,Takeaway,1203,Completed
712,245,7,2026-04-13,13:00:00,Dine-In,2607,Completed
713,454,20,2026-03-28,13:00:00,Takeaway,2795,Completed
714,413,7,2026-05-13,13:00:00,Dine-In,1901,Completed
715,261,23,2026-05-16,13:00:00,Dine-In,2139,Completed
716,23,22,2026-07-20,13:00:00,Takeaway,1332,Completed
717,492,10,2026-05-06,13:00:00,Delivery,2185,Completed
718,395,21,2026-02-10,13:00:00,Delivery,1195,Completed
719,413,20,2026-05-02,13:00:00,Takeaway,1816,Completed
720,393,12,2026-05-09,13:00:00,Dine-In,704,Completed
721,175,30,2026-03-23,13:00:00,Delivery,752,Completed
722,127,11,2026-02-27,13:00:00,Takeaway,1477,Completed
723,357,13,2026-03-05,13:00:00,Dine-In,1686,Completed
724,146,28,2026-01-21,13:00:00,Dine-In,2568,Completed
725,403,26,2026-07-11,13:00:00,Delivery,1260,Completed
726,97,28,2026-02-24,13:00:00,Dine-In,681,Completed
727,72,3,2026-06-20,13:00:00,Takeaway,1032,Completed
728,51,18,2026-01-10,13:00:00,Delivery,2144,Completed
729,65,24,2026-02-09,13:00:00,Dine-In,1132,Completed
730,130,2,2026-02-20,13:00:00,Delivery,1459,Completed
731,67,21,2026-05-13,13:00:00,Dine-In,2197,Completed
732,255,14,2026-05-21,13:00:00,Takeaway,933,Completed
733,234,8,2026-06-23,13:00:00,Takeaway,1413,Completed
734,312,16,2026-06-30,13:00:00,Takeaway,1836,Completed
735,283,19,2026-07-13,13:00:00,Dine-In,1516,Completed
736,362,25,2026-03-09,13:00:00,Delivery,1984,Completed
737,153,25,2026-01-23,13:00:00,Dine-In,1947,Completed
738,371,22,2026-04-18,13:00:00,Delivery,1542,Completed
739,458,25,2026-06-12,13:00:00,Dine-In,2111,Completed
740,93,13,2026-05-23,13:00:00,Dine-In,1752,Completed
741,68,30,2026-01-30,13:00:00,Takeaway,1281,Completed
742,267,4,2026-01-08,13:00:00,Dine-In,825,Completed
743,191,26,2026-07-02,13:00:00,Delivery,518,Completed
744,202,4,2026-07-19,13:00:00,Delivery,1150,Completed
745,240,9,2026-06-04,13:00:00,Dine-In,2086,Completed
746,55,13,2026-02-03,13:00:00,Delivery,1556,Completed
747,316,8,2026-03-04,13:00:00,Takeaway,797,Completed
748,450,29,2026-01-06,13:00:00,Delivery,631,Completed
749,18,7,2026-01-08,13:00:00,Delivery,1468,Completed
750,269,22,2026-06-05,13:00:00,Takeaway,1382,Completed
751,487,15,2026-04-18,13:00:00,Takeaway,1813,Completed
752,364,29,2026-05-25,13:00:00,Dine-In,2324,Completed
753,326,11,2026-04-13,13:00:00,Takeaway,2475,Completed
754,490,5,2026-05-16,13:00:00,Delivery,2090,Completed
755,19,18,2026-06-27,13:00:00,Dine-In,2034,Completed
756,475,30,2026-02-16,13:00:00,Delivery,869,Completed
757,303,7,2026-02-28,13:00:00,Delivery,645,Completed
758,389,14,2026-05-05,13:00:00,Takeaway,1891,Completed
759,355,28,2026-03-29,13:00:00,Takeaway,565,Completed
760,500,27,2026-05-08,13:00:00,Delivery,570,Completed
761,233,21,2026-01-30,13:00:00,Takeaway,2870,Completed
762,449,30,2026-06-07,13:00:00,Takeaway,566,Completed
763,406,9,2026-02-05,13:00:00,Dine-In,1337,Completed
764,435,11,2026-06-23,13:00:00,Dine-In,1554,Completed
765,112,6,2026-04-18,13:00:00,Delivery,1596,Completed
766,147,5,2026-01-25,13:00:00,Takeaway,783,Completed
767,131,7,2026-06-28,13:00:00,Delivery,1130,Completed
768,480,22,2026-03-22,13:00:00,Delivery,990,Completed
769,13,27,2026-04-21,13:00:00,Delivery,1344,Completed
770,473,11,2026-07-25,13:00:00,Delivery,2012,Completed
771,363,17,2026-06-19,13:00:00,Delivery,1908,Completed
772,241,4,2026-04-26,13:00:00,Takeaway,516,Completed
773,317,22,2026-04-02,13:00:00,Takeaway,1878,Completed
774,32,29,2026-07-19,13:00:00,Dine-In,1794,Completed
775,80,11,2026-07-18,13:00:00,Dine-In,2238,Completed
776,223,9,2026-02-03,13:00:00,Dine-In,2440,Completed
777,454,28,2026-04-12,13:00:00,Takeaway,1462,Completed
778,496,17,2026-02-28,13:00:00,Takeaway,1406,Completed
779,119,27,2026-05-18,13:00:00,Takeaway,1240,Completed
780,406,23,2026-04-17,13:00:00,Delivery,1458,Completed
781,441,11,2026-07-03,13:00:00,Dine-In,2951,Completed
782,270,21,2026-02-11,13:00:00,Delivery,1086,Completed
783,176,8,2026-02-09,13:00:00,Delivery,1821,Completed
784,106,19,2026-03-16,13:00:00,Delivery,1146,Completed
785,117,16,2026-02-14,13:00:00,Takeaway,1812,Completed
786,142,20,2026-07-12,13:00:00,Takeaway,2484,Completed
787,436,1,2026-06-14,13:00:00,Takeaway,1675,Completed
788,301,15,2026-04-25,13:00:00,Takeaway,2335,Completed
789,139,13,2026-03-17,13:00:00,Dine-In,2181,Completed
790,188,8,2026-02-03,13:00:00,Delivery,2505,Completed
791,14,1,2026-06-23,13:00:00,Dine-In,527,Completed
792,187,15,2026-03-01,13:00:00,Takeaway,2658,Completed
793,454,10,2026-01-06,13:00:00,Dine-In,742,Completed
794,317,10,2026-07-09,13:00:00,Takeaway,1498,Completed
795,376,3,2026-03-16,13:00:00,Takeaway,1359,Completed
796,367,14,2026-02-20,13:00:00,Takeaway,2441,Completed
797,369,26,2026-04-19,13:00:00,Delivery,1034,Completed
798,4,11,2026-02-16,13:00:00,Takeaway,1843,Completed
799,185,26,2026-06-30,13:00:00,Dine-In,1612,Completed
800,390,23,2026-05-26,13:00:00,Takeaway,1506,Completed
801,377,29,2026-06-23,13:00:00,Dine-In,1896,Completed
802,487,12,2026-04-08,13:00:00,Takeaway,1965,Completed
803,293,7,2026-07-23,13:00:00,Takeaway,1133,Completed
804,438,18,2026-02-19,13:00:00,Takeaway,759,Completed
805,251,26,2026-07-21,13:00:00,Dine-In,1351,Completed
806,316,20,2026-04-08,13:00:00,Takeaway,2513,Completed
807,118,1,2026-03-13,13:00:00,Delivery,1017,Completed
808,200,13,2026-05-05,13:00:00,Takeaway,1181,Completed
809,105,28,2026-04-16,13:00:00,Dine-In,2043,Completed
810,404,8,2026-05-08,13:00:00,Delivery,2136,Completed
811,388,12,2026-01-01,13:00:00,Takeaway,2547,Completed
812,98,24,2026-07-10,13:00:00,Delivery,2089,Completed
813,394,18,2026-06-25,13:00:00,Takeaway,3482,Completed
814,306,6,2026-04-15,13:00:00,Delivery,1073,Completed
815,433,7,2026-05-03,13:00:00,Takeaway,1038,Completed
816,271,28,2026-03-23,13:00:00,Takeaway,1781,Completed
817,23,14,2026-03-16,13:00:00,Takeaway,1907,Completed
818,474,5,2026-03-12,13:00:00,Takeaway,1343,Completed
819,498,21,2026-07-12,13:00:00,Takeaway,1682,Completed
820,289,22,2026-04-14,13:00:00,Dine-In,1899,Completed
821,372,7,2026-07-22,13:00:00,Dine-In,1588,Completed
822,97,8,2026-06-14,13:00:00,Takeaway,1522,Completed
823,477,15,2026-04-11,13:00:00,Delivery,3025,Completed
824,433,23,2026-07-15,13:00:00,Delivery,1921,Completed
825,370,16,2026-07-25,13:00:00,Delivery,2815,Completed
826,446,12,2026-05-07,13:00:00,Dine-In,780,Completed
827,406,15,2026-07-12,13:00:00,Dine-In,1827,Completed
828,477,23,2026-07-29,13:00:00,Delivery,1299,Completed
829,344,19,2026-05-20,13:00:00,Dine-In,571,Completed
830,308,24,2026-05-23,13:00:00,Delivery,1042,Completed
831,171,30,2026-01-20,13:00:00,Dine-In,1380,Completed
832,439,6,2026-02-04,13:00:00,Takeaway,1794,Completed
833,421,2,2026-01-24,13:00:00,Dine-In,948,Completed
834,264,29,2026-07-08,13:00:00,Delivery,964,Completed
835,308,24,2026-02-07,13:00:00,Takeaway,2098,Completed
836,26,9,2026-04-08,13:00:00,Dine-In,1471,Completed
837,108,12,2026-03-21,13:00:00,Takeaway,2256,Completed
838,486,5,2026-07-14,13:00:00,Takeaway,2265,Completed
839,404,5,2026-06-25,13:00:00,Dine-In,1636,Completed
840,354,4,2026-05-23,13:00:00,Dine-In,1632,Completed
841,35,10,2026-04-12,13:00:00,Takeaway,1928,Completed
842,468,14,2026-02-16,13:00:00,Takeaway,2806,Completed
843,334,26,2026-06-15,13:00:00,Delivery,1758,Completed
844,87,28,2026-03-22,13:00:00,Delivery,2949,Completed
845,156,26,2026-01-14,13:00:00,Delivery,2269,Completed
846,17,21,2026-02-26,13:00:00,Dine-In,1068,Completed
847,40,15,2026-07-11,13:00:00,Delivery,1861,Completed
848,338,12,2026-07-03,13:00:00,Dine-In,665,Completed
849,337,24,2026-06-20,13:00:00,Delivery,2346,Completed
850,191,14,2026-05-10,13:00:00,Takeaway,2645,Completed
851,373,2,2026-03-27,13:00:00,Delivery,798,Completed
852,391,21,2026-02-20,13:00:00,Delivery,2011,Completed
853,172,13,2026-07-27,13:00:00,Takeaway,1785,Completed
854,318,27,2026-01-28,13:00:00,Takeaway,1522,Completed
855,389,11,2026-04-12,13:00:00,Takeaway,725,Completed
856,267,25,2026-03-30,13:00:00,Delivery,1499,Completed
857,345,16,2026-06-29,13:00:00,Takeaway,633,Completed
858,285,17,2026-02-17,13:00:00,Takeaway,3134,Completed
859,49,6,2026-06-27,13:00:00,Delivery,1343,Completed
860,354,19,2026-04-05,13:00:00,Takeaway,1804,Completed
861,387,19,2026-04-18,13:00:00,Dine-In,2837,Completed
862,376,23,2026-03-04,13:00:00,Delivery,936,Completed
863,453,21,2026-07-08,13:00:00,Dine-In,1998,Completed
864,217,17,2026-02-25,13:00:00,Dine-In,555,Completed
865,329,26,2026-04-12,13:00:00,Delivery,1803,Completed
866,56,20,2026-02-04,13:00:00,Dine-In,1126,Completed
867,181,16,2026-04-13,13:00:00,Dine-In,1923,Completed
868,344,4,2026-06-02,13:00:00,Takeaway,2724,Completed
869,424,29,2026-07-02,13:00:00,Takeaway,1311,Completed
870,419,1,2026-02-27,13:00:00,Dine-In,512,Completed
871,148,7,2026-05-28,13:00:00,Dine-In,2199,Completed
872,182,15,2026-06-16,13:00:00,Dine-In,1761,Completed
873,179,30,2026-02-15,13:00:00,Dine-In,1889,Completed
874,448,5,2026-06-30,13:00:00,Delivery,496,Completed
875,416,21,2026-04-15,13:00:00,Takeaway,1084,Completed
876,450,20,2026-01-19,13:00:00,Delivery,2795,Completed
877,83,13,2026-03-19,13:00:00,Takeaway,2481,Completed
878,377,11,2026-06-13,13:00:00,Takeaway,1697,Completed
879,246,30,2026-07-02,13:00:00,Takeaway,1403,Completed
880,227,15,2026-05-06,13:00:00,Takeaway,1071,Completed
881,445,18,2026-07-26,13:00:00,Dine-In,1806,Completed
882,54,19,2026-02-08,13:00:00,Takeaway,1216,Completed
883,342,27,2026-04-23,13:00:00,Dine-In,2172,Completed
884,252,29,2026-07-10,13:00:00,Delivery,951,Completed
885,228,13,2026-01-18,13:00:00,Takeaway,1198,Completed
886,201,24,2026-07-12,13:00:00,Dine-In,2085,Completed
887,439,11,2026-06-21,13:00:00,Takeaway,1921,Completed
888,177,8,2026-04-05,13:00:00,Delivery,2131,Completed
889,349,22,2026-06-22,13:00:00,Takeaway,1745,Completed
890,194,11,2026-05-26,13:00:00,Dine-In,723,Completed
891,203,20,2026-05-26,13:00:00,Delivery,966,Completed
892,223,25,2026-03-19,13:00:00,Delivery,2007,Completed
893,357,2,2026-07-18,13:00:00,Takeaway,1570,Completed
894,189,29,2026-01-12,13:00:00,Takeaway,911,Completed
895,69,1,2026-07-25,13:00:00,Takeaway,1958,Completed
896,2,4,2026-04-16,13:00:00,Takeaway,1346,Completed
897,16,30,2026-03-16,13:00:00,Takeaway,311,Completed
898,243,2,2026-06-29,13:00:00,Dine-In,3180,Completed
899,53,14,2026-07-10,13:00:00,Takeaway,1247,Completed
900,86,26,2026-07-28,13:00:00,Delivery,1452,Completed
901,422,3,2026-01-28,13:00:00,Delivery,2265,Completed
902,335,1,2026-04-30,13:00:00,Dine-In,962,Completed
903,419,18,2026-06-24,13:00:00,Delivery,1535,Completed
904,149,24,2026-05-15,13:00:00,Delivery,2129,Completed
905,359,4,2026-02-12,13:00:00,Dine-In,1772,Completed
906,368,29,2026-03-27,13:00:00,Takeaway,1128,Completed
907,226,4,2026-02-18,13:00:00,Delivery,1974,Completed
908,114,2,2026-02-04,13:00:00,Delivery,1059,Completed
909,220,30,2026-05-21,13:00:00,Dine-In,1252,Completed
910,32,15,2026-05-25,13:00:00,Takeaway,2151,Completed
911,72,26,2026-01-12,13:00:00,Dine-In,1791,Completed
912,199,26,2026-07-23,13:00:00,Takeaway,1442,Completed
913,372,30,2026-03-20,13:00:00,Delivery,1462,Completed
914,82,15,2026-03-17,13:00:00,Delivery,1647,Completed
915,462,9,2026-06-24,13:00:00,Delivery,1795,Completed
916,57,20,2026-06-15,13:00:00,Takeaway,1909,Completed
917,494,15,2026-03-18,13:00:00,Delivery,1269,Completed
918,323,12,2026-02-04,13:00:00,Delivery,2239,Completed
919,76,11,2026-02-19,13:00:00,Delivery,1392,Completed
920,361,1,2026-02-20,13:00:00,Delivery,747,Completed
921,445,15,2026-07-07,13:00:00,Takeaway,2194,Completed
922,112,15,2026-07-16,13:00:00,Delivery,2436,Completed
923,119,14,2026-05-29,13:00:00,Delivery,1491,Completed
924,397,8,2026-07-15,13:00:00,Delivery,2406,Completed
925,431,8,2026-01-06,13:00:00,Delivery,2351,Completed
926,36,6,2026-04-16,13:00:00,Dine-In,1105,Completed
927,385,12,2026-07-06,13:00:00,Dine-In,1593,Completed
928,7,18,2026-02-05,13:00:00,Delivery,1759,Completed
929,355,28,2026-01-27,13:00:00,Dine-In,2454,Completed
930,98,18,2026-05-06,13:00:00,Takeaway,1083,Completed
931,375,23,2026-01-08,13:00:00,Delivery,1024,Completed
932,205,16,2026-03-08,13:00:00,Takeaway,927,Completed
933,190,13,2026-04-20,13:00:00,Takeaway,2174,Completed
934,27,8,2026-02-19,13:00:00,Delivery,2595,Completed
935,365,1,2026-02-28,13:00:00,Dine-In,1301,Completed
936,398,6,2026-06-13,13:00:00,Takeaway,1101,Completed
937,105,20,2026-01-15,13:00:00,Dine-In,1288,Completed
938,437,9,2026-04-05,13:00:00,Dine-In,1351,Completed
939,178,8,2026-02-09,13:00:00,Dine-In,1125,Completed
940,360,18,2026-07-03,13:00:00,Takeaway,1641,Completed
941,143,29,2026-03-14,13:00:00,Dine-In,1338,Completed
942,427,25,2026-02-15,13:00:00,Delivery,1072,Completed
943,214,9,2026-02-24,13:00:00,Takeaway,1620,Completed
944,54,3,2026-06-27,13:00:00,Takeaway,2134,Completed
945,313,19,2026-04-01,13:00:00,Delivery,1884,Completed
946,195,14,2026-01-31,13:00:00,Delivery,1320,Completed
947,312,26,2026-03-24,13:00:00,Delivery,1635,Completed
948,282,10,2026-03-09,13:00:00,Takeaway,977,Completed
949,354,1,2026-04-06,13:00:00,Takeaway,2059,Completed
950,437,6,2026-06-24,13:00:00,Dine-In,1906,Completed
951,127,20,2026-02-08,13:00:00,Takeaway,1674,Completed
952,203,29,2026-06-01,13:00:00,Takeaway,2257,Completed
953,241,10,2026-03-07,13:00:00,Dine-In,1763,Completed
954,61,3,2026-06-13,13:00:00,Dine-In,3031,Completed
955,420,9,2026-03-28,13:00:00,Takeaway,2190,Completed
956,463,29,2026-01-24,13:00:00,Delivery,1135,Completed
957,128,19,2026-03-31,13:00:00,Dine-In,1093,Completed
958,395,26,2026-04-28,13:00:00,Delivery,1768,Completed
959,90,29,2026-03-08,13:00:00,Dine-In,1112,Completed
960,425,15,2026-06-03,13:00:00,Delivery,1256,Completed
961,387,22,2026-07-29,13:00:00,Takeaway,1935,Completed
962,206,11,2026-05-27,13:00:00,Dine-In,542,Completed
963,286,14,2026-02-16,13:00:00,Dine-In,1826,Completed
964,252,27,2026-02-25,13:00:00,Delivery,846,Completed
965,388,26,2026-04-16,13:00:00,Takeaway,1218,Completed
966,171,1,2026-03-27,13:00:00,Takeaway,1647,Completed
967,311,13,2026-05-17,13:00:00,Takeaway,1123,Completed
968,219,22,2026-06-24,13:00:00,Takeaway,555,Completed
969,265,4,2026-03-01,13:00:00,Takeaway,826,Completed
970,33,12,2026-03-18,13:00:00,Takeaway,3542,Completed
971,95,23,2026-01-25,13:00:00,Dine-In,1150,Completed
972,213,3,2026-05-20,13:00:00,Takeaway,2058,Completed
973,319,4,2026-06-23,13:00:00,Takeaway,1875,Completed
974,230,4,2026-06-20,13:00:00,Takeaway,1996,Completed
975,164,25,2026-05-04,13:00:00,Delivery,588,Completed
976,318,5,2026-06-09,13:00:00,Delivery,482,Completed
977,286,3,2026-04-13,13:00:00,Delivery,1110,Completed
978,258,19,2026-07-26,13:00:00,Delivery,2288,Completed
979,112,11,2026-04-22,13:00:00,Delivery,1500,Completed
980,246,22,2026-05-30,13:00:00,Dine-In,1897,Completed
981,254,21,2026-04-02,13:00:00,Delivery,757,Completed
982,89,14,2026-04-20,13:00:00,Dine-In,1020,Completed
983,404,23,2026-06-18,13:00:00,Dine-In,401,Completed
984,346,17,2026-01-10,13:00:00,Dine-In,2107,Completed
985,293,15,2026-06-30,13:00:00,Takeaway,2962,Completed
986,170,9,2026-01-22,13:00:00,Takeaway,664,Completed
987,200,6,2026-03-09,13:00:00,Delivery,1011,Completed
988,207,10,2026-01-23,13:00:00,Delivery,1196,Completed
989,95,2,2026-03-09,13:00:00,Delivery,1602,Completed
990,160,8,2026-02-15,13:00:00,Delivery,1384,Completed
991,241,23,2026-03-06,13:00:00,Delivery,1429,Completed
992,197,28,2026-03-21,13:00:00,Takeaway,2301,Completed
993,471,9,2026-02-01,13:00:00,Takeaway,1231,Completed
994,55,21,2026-01-18,13:00:00,Delivery,1856,Completed
995,267,17,2026-05-07,13:00:00,Takeaway,283,Completed
996,84,8,2026-03-03,13:00:00,Delivery,1434,Completed
997,250,28,2026-02-25,13:00:00,Delivery,671,Completed
998,125,13,2026-05-11,13:00:00,Takeaway,3114,Completed
999,20,24,2026-01-22,13:00:00,Takeaway,1398,Completed
1000,117,29,2026-07-26,13:00:00,Delivery,1263,Completed
1001,465,3,2026-05-31,13:00:00,Delivery,1761,Completed
1002,218,24,2026-03-18,13:00:00,Takeaway,878,Completed
1003,356,17,2026-04-27,13:00:00,Delivery,2017,Completed
1004,352,17,2026-03-15,13:00:00,Delivery,2591,Completed
1005,323,9,2026-04-09,13:00:00,Takeaway,759,Completed
1006,271,16,2026-01-14,13:00:00,Delivery,1057,Completed
1007,83,8,2026-06-02,13:00:00,Takeaway,1770,Completed
1008,464,4,2026-02-23,13:00:00,Takeaway,1599,Completed
1009,242,28,2026-06-12,13:00:00,Delivery,794,Completed
1010,109,15,2026-05-30,13:00:00,Dine-In,1758,Completed
1011,198,22,2026-06-05,13:00:00,Takeaway,2592,Completed
1012,450,13,2026-04-28,13:00:00,Takeaway,890,Completed
1013,262,4,2026-06-13,13:00:00,Takeaway,1188,Completed
1014,315,13,2026-07-20,13:00:00,Takeaway,1866,Completed
1015,500,14,2026-06-01,13:00:00,Takeaway,1936,Completed
1016,237,16,2026-07-04,13:00:00,Takeaway,1228,Completed
1017,269,22,2026-01-21,13:00:00,Dine-In,2355,Completed
1018,292,23,2026-07-04,13:00:00,Takeaway,1857,Completed
1019,205,19,2026-03-13,13:00:00,Delivery,2231,Completed
1020,466,13,2026-03-24,13:00:00,Delivery,1334,Completed
1021,362,10,2026-04-11,13:00:00,Delivery,390,Completed
1022,381,26,2026-04-26,13:00:00,Takeaway,1599,Completed
1023,155,12,2026-04-05,13:00:00,Delivery,1540,Completed
1024,473,22,2026-07-27,13:00:00,Dine-In,2828,Completed
1025,194,21,2026-01-02,13:00:00,Takeaway,1888,Completed
1026,76,3,2026-07-24,13:00:00,Delivery,877,Completed
1027,221,8,2026-07-21,13:00:00,Takeaway,1638,Completed
1028,158,8,2026-07-04,13:00:00,Takeaway,1634,Completed
1029,342,18,2026-03-19,13:00:00,Delivery,939,Completed
1030,22,17,2026-02-05,13:00:00,Delivery,1637,Completed
1031,149,10,2026-06-18,13:00:00,Dine-In,2827,Completed
1032,284,9,2026-04-09,13:00:00,Delivery,734,Completed
1033,64,28,2026-07-19,13:00:00,Delivery,1735,Completed
1034,265,24,2026-01-15,13:00:00,Delivery,1181,Completed
1035,159,8,2026-05-08,13:00:00,Dine-In,767,Completed
1036,28,2,2026-06-21,13:00:00,Takeaway,2033,Completed
1037,462,17,2026-01-23,13:00:00,Takeaway,3250,Completed
1038,401,2,2026-05-11,13:00:00,Dine-In,1000,Completed
1039,84,22,2026-03-31,13:00:00,Delivery,1890,Completed
1040,33,13,2026-04-30,13:00:00,Takeaway,747,Completed
1041,138,6,2026-06-19,13:00:00,Takeaway,2258,Completed
1042,131,26,2026-02-28,13:00:00,Dine-In,974,Completed
1043,175,30,2026-02-10,13:00:00,Dine-In,1670,Completed
1044,479,14,2026-06-26,13:00:00,Delivery,951,Completed
1045,219,6,2026-02-25,13:00:00,Dine-In,2434,Completed
1046,248,6,2026-03-17,13:00:00,Delivery,1319,Completed
1047,256,19,2026-05-28,13:00:00,Delivery,1623,Completed
1048,141,26,2026-01-21,13:00:00,Dine-In,1554,Completed
1049,277,25,2026-05-06,13:00:00,Delivery,1672,Completed
1050,434,29,2026-06-03,13:00:00,Delivery,1449,Completed
1051,277,28,2026-04-06,13:00:00,Takeaway,2134,Completed
1052,71,1,2026-02-26,13:00:00,Delivery,958,Completed
1053,388,1,2026-03-06,13:00:00,Delivery,1178,Completed
1054,170,28,2026-01-18,13:00:00,Dine-In,1317,Completed
1055,239,17,2026-03-31,13:00:00,Dine-In,1365,Completed
1056,193,27,2026-05-09,13:00:00,Dine-In,2667,Completed
1057,471,1,2026-02-06,13:00:00,Dine-In,2175,Completed
1058,112,22,2026-02-07,13:00:00,Dine-In,1072,Completed
1059,420,12,2026-01-28,13:00:00,Takeaway,1933,Completed
1060,248,17,2026-07-11,13:00:00,Takeaway,1456,Completed
1061,79,21,2026-07-16,13:00:00,Dine-In,1086,Completed
1062,344,23,2026-03-09,13:00:00,Delivery,2153,Completed
1063,142,25,2026-05-10,13:00:00,Dine-In,1333,Completed
1064,10,30,2026-06-30,13:00:00,Dine-In,2771,Completed
1065,47,23,2026-01-07,13:00:00,Takeaway,1282,Completed
1066,104,21,2026-01-22,13:00:00,Dine-In,1895,Completed
1067,99,19,2026-04-02,13:00:00,Takeaway,1530,Completed
1068,231,2,2026-04-07,13:00:00,Takeaway,1755,Completed
1069,465,8,2026-07-26,13:00:00,Delivery,2735,Completed
1070,461,7,2026-07-05,13:00:00,Takeaway,1452,Completed
1071,434,13,2026-02-11,13:00:00,Dine-In,2112,Completed
1072,432,18,2026-06-12,13:00:00,Takeaway,1516,Completed
1073,156,2,2026-04-04,13:00:00,Dine-In,466,Completed
1074,498,11,2026-07-15,13:00:00,Dine-In,1774,Completed
1075,119,22,2026-01-18,13:00:00,Dine-In,1336,Completed
1076,338,2,2026-07-10,13:00:00,Dine-In,2652,Completed
1077,37,29,2026-02-17,13:00:00,Delivery,1286,Completed
1078,130,9,2026-02-11,13:00:00,Delivery,1685,Completed
1079,439,27,2026-02-05,13:00:00,Takeaway,2450,Completed
1080,287,9,2026-03-23,13:00:00,Dine-In,2793,Completed
1081,415,23,2026-04-11,13:00:00,Dine-In,1008,Completed
1082,456,20,2026-03-27,13:00:00,Delivery,1050,Completed
1083,299,28,2026-02-03,13:00:00,Dine-In,867,Completed
1084,247,26,2026-04-04,13:00:00,Delivery,1151,Completed
1085,11,24,2026-03-07,13:00:00,Dine-In,1460,Completed
1086,89,30,2026-06-30,13:00:00,Delivery,2211,Completed
1087,464,16,2026-03-01,13:00:00,Dine-In,2529,Completed
1088,155,22,2026-04-24,13:00:00,Takeaway,1449,Completed
1089,55,5,2026-07-20,13:00:00,Delivery,1744,Completed
1090,121,20,2026-03-25,13:00:00,Delivery,546,Completed
1091,221,27,2026-05-25,13:00:00,Dine-In,1958,Completed
1092,34,9,2026-04-30,13:00:00,Takeaway,509,Completed
1093,414,12,2026-05-29,13:00:00,Dine-In,1422,Completed
1094,47,11,2026-05-16,13:00:00,Dine-In,602,Completed
1095,115,20,2026-02-15,13:00:00,Delivery,3324,Completed
1096,215,6,2026-06-27,13:00:00,Delivery,1431,Completed
1097,476,10,2026-01-12,13:00:00,Delivery,2230,Completed
1098,181,15,2026-05-09,13:00:00,Dine-In,1227,Completed
1099,156,26,2026-05-23,13:00:00,Takeaway,1437,Completed
1100,381,28,2026-02-07,13:00:00,Takeaway,1435,Completed
1101,245,2,2026-03-19,13:00:00,Delivery,1697,Completed
1102,59,25,2026-02-01,13:00:00,Delivery,463,Completed
1103,257,1,2026-03-04,13:00:00,Dine-In,1741,Completed
1104,135,9,2026-01-05,13:00:00,Takeaway,2178,Completed
1105,140,11,2026-01-06,13:00:00,Dine-In,1163,Completed
1106,493,27,2026-01-04,13:00:00,Dine-In,1155,Completed
1107,71,11,2026-03-11,13:00:00,Takeaway,1889,Completed
1108,264,30,2026-02-16,13:00:00,Delivery,930,Completed
1109,16,21,2026-07-06,13:00:00,Takeaway,2022,Completed
1110,86,13,2026-03-08,13:00:00,Takeaway,1891,Completed
1111,239,10,2026-03-01,13:00:00,Dine-In,1104,Completed
1112,438,21,2026-01-01,13:00:00,Delivery,1614,Completed
1113,205,8,2026-07-01,13:00:00,Takeaway,1409,Completed
1114,390,27,2026-04-16,13:00:00,Takeaway,563,Completed
1115,214,18,2026-04-16,13:00:00,Dine-In,1856,Completed
1116,247,22,2026-04-24,13:00:00,Delivery,1602,Completed
1117,170,10,2026-07-21,13:00:00,Takeaway,1374,Completed
1118,284,6,2026-06-05,13:00:00,Takeaway,2369,Completed
1119,140,15,2026-07-26,13:00:00,Delivery,1259,Completed
1120,195,4,2026-05-25,13:00:00,Takeaway,786,Completed
1121,354,22,2026-03-29,13:00:00,Delivery,1474,Completed
1122,84,13,2026-02-22,13:00:00,Delivery,2095,Completed
1123,279,5,2026-03-02,13:00:00,Dine-In,2227,Completed
1124,137,14,2026-05-03,13:00:00,Takeaway,847,Completed
1125,346,9,2026-02-24,13:00:00,Delivery,1873,Completed
1126,206,18,2026-07-24,13:00:00,Dine-In,1199,Completed
1127,107,14,2026-05-14,13:00:00,Delivery,1063,Completed
1128,386,16,2026-06-27,13:00:00,Dine-In,2609,Completed
1129,186,12,2026-06-27,13:00:00,Takeaway,2581,Completed
1130,433,15,2026-01-11,13:00:00,Dine-In,605,Completed
1131,218,3,2026-03-11,13:00:00,Dine-In,1524,Completed
1132,107,30,2026-01-06,13:00:00,Takeaway,1906,Completed
1133,140,8,2026-06-03,13:00:00,Takeaway,2673,Completed
1134,263,18,2026-07-10,13:00:00,Dine-In,1934,Completed
1135,293,12,2026-02-27,13:00:00,Delivery,2091,Completed
1136,259,17,2026-04-23,13:00:00,Delivery,1717,Completed
1137,240,13,2026-04-10,13:00:00,Dine-In,1710,Completed
1138,303,9,2026-07-29,13:00:00,Dine-In,2166,Completed
1139,139,29,2026-04-24,13:00:00,Delivery,1580,Completed
1140,144,22,2026-03-17,13:00:00,Dine-In,982,Completed
1141,51,5,2026-03-16,13:00:00,Delivery,1146,Completed
1142,431,5,2026-04-07,13:00:00,Takeaway,2445,Completed
1143,484,10,2026-03-24,13:00:00,Delivery,1362,Completed
1144,114,2,2026-06-12,13:00:00,Delivery,2673,Completed
1145,460,22,2026-03-15,13:00:00,Delivery,2079,Completed
1146,320,26,2026-07-20,13:00:00,Takeaway,1510,Completed
1147,151,1,2026-03-20,13:00:00,Dine-In,941,Completed
1148,33,25,2026-03-20,13:00:00,Takeaway,2075,Completed
1149,174,10,2026-02-12,13:00:00,Delivery,1063,Completed
1150,100,27,2026-04-24,13:00:00,Dine-In,590,Completed
1151,281,28,2026-07-02,13:00:00,Dine-In,1381,Completed
1152,434,5,2026-01-21,13:00:00,Dine-In,2751,Completed
1153,77,11,2026-05-12,13:00:00,Takeaway,1183,Completed
1154,182,29,2026-03-18,13:00:00,Delivery,1270,Completed
1155,497,30,2026-04-25,13:00:00,Takeaway,1980,Completed
1156,430,4,2026-07-08,13:00:00,Dine-In,1707,Completed
1157,257,27,2026-01-28,13:00:00,Dine-In,1947,Completed
1158,104,10,2026-02-21,13:00:00,Takeaway,856,Completed
1159,449,28,2026-06-29,13:00:00,Delivery,1113,Completed
1160,414,5,2026-01-31,13:00:00,Takeaway,344,Completed
1161,100,26,2026-06-18,13:00:00,Takeaway,1995,Completed
1162,199,9,2026-01-02,13:00:00,Takeaway,2290,Completed
1163,125,18,2026-07-01,13:00:00,Takeaway,2313,Completed
1164,296,29,2026-04-21,13:00:00,Takeaway,1251,Completed
1165,7,18,2026-05-25,13:00:00,Dine-In,1060,Completed
1166,243,21,2026-07-13,13:00:00,Dine-In,943,Completed
1167,66,8,2026-06-03,13:00:00,Dine-In,654,Completed
1168,327,29,2026-04-05,13:00:00,Takeaway,1048,Completed
1169,474,26,2026-07-27,13:00:00,Delivery,836,Completed
1170,25,1,2026-05-07,13:00:00,Delivery,1305,Completed
1171,256,15,2026-03-11,13:00:00,Takeaway,1374,Completed
1172,488,24,2026-05-13,13:00:00,Takeaway,1126,Completed
1173,166,19,2026-03-05,13:00:00,Delivery,1941,Completed
1174,405,29,2026-03-22,13:00:00,Delivery,2045,Completed
1175,341,13,2026-07-24,13:00:00,Takeaway,2197,Completed
1176,11,28,2026-01-30,13:00:00,Dine-In,2283,Completed
1177,209,20,2026-05-27,13:00:00,Takeaway,869,Completed
1178,46,7,2026-01-09,13:00:00,Dine-In,1338,Completed
1179,469,17,2026-02-22,13:00:00,Takeaway,2109,Completed
1180,236,8,2026-07-24,13:00:00,Takeaway,1300,Completed
1181,18,15,2026-03-14,13:00:00,Dine-In,2615,Completed
1182,308,22,2026-02-17,13:00:00,Delivery,1514,Completed
1183,33,9,2026-07-17,13:00:00,Dine-In,1909,Completed
1184,286,14,2026-05-12,13:00:00,Delivery,1805,Completed
1185,197,4,2026-01-04,13:00:00,Takeaway,1784,Completed
1186,266,23,2026-01-09,13:00:00,Delivery,1652,Completed
1187,26,30,2026-06-16,13:00:00,Dine-In,3163,Completed
1188,271,14,2026-04-13,13:00:00,Takeaway,829,Completed
1189,30,26,2026-07-13,13:00:00,Delivery,2827,Completed
1190,230,11,2026-04-18,13:00:00,Takeaway,854,Completed
1191,105,17,2026-01-31,13:00:00,Takeaway,1233,Completed
1192,7,12,2026-07-16,13:00:00,Delivery,838,Completed
1193,334,23,2026-06-04,13:00:00,Dine-In,1149,Completed
1194,154,7,2026-03-27,13:00:00,Takeaway,2079,Completed
1195,269,16,2026-01-29,13:00:00,Delivery,1018,Completed
1196,420,29,2026-01-18,13:00:00,Takeaway,1205,Completed
1197,127,27,2026-05-18,13:00:00,Delivery,2467,Completed
1198,393,12,2026-07-21,13:00:00,Takeaway,1092,Completed
1199,228,17,2026-02-18,13:00:00,Dine-In,1260,Completed
1200,268,17,2026-06-11,13:00:00,Dine-In,515,Completed
1201,181,3,2026-06-24,13:00:00,Takeaway,1686,Completed
1202,230,11,2026-07-21,13:00:00,Delivery,1388,Completed
1203,39,2,2026-05-13,13:00:00,Delivery,2557,Completed
1204,409,21,2026-05-24,13:00:00,Dine-In,3304,Completed
1205,28,1,2026-07-02,13:00:00,Dine-In,1161,Completed
1206,195,18,2026-07-02,13:00:00,Delivery,1880,Completed
1207,306,12,2026-06-17,13:00:00,Takeaway,1137,Completed
1208,454,15,2026-05-03,13:00:00,Delivery,1116,Completed
1209,226,9,2026-06-18,13:00:00,Delivery,1044,Completed
1210,301,29,2026-02-26,13:00:00,Dine-In,1463,Completed
1211,149,3,2026-05-26,13:00:00,Dine-In,2579,Completed
1212,401,15,2026-07-11,13:00:00,Delivery,839,Completed
1213,67,21,2026-03-31,13:00:00,Takeaway,1770,Completed
1214,112,29,2026-06-10,13:00:00,Takeaway,1323,Completed
1215,6,22,2026-06-24,13:00:00,Dine-In,2331,Completed
1216,407,17,2026-01-10,13:00:00,Takeaway,788,Completed
1217,133,18,2026-06-27,13:00:00,Dine-In,1054,Completed
1218,271,5,2026-05-05,13:00:00,Delivery,1117,Completed
1219,500,6,2026-04-22,13:00:00,Dine-In,1721,Completed
1220,283,6,2026-07-02,13:00:00,Delivery,2001,Completed
1221,452,28,2026-05-19,13:00:00,Delivery,1314,Completed
1222,164,9,2026-04-03,13:00:00,Dine-In,2405,Completed
1223,400,17,2026-05-09,13:00:00,Takeaway,1476,Completed
1224,415,29,2026-02-13,13:00:00,Dine-In,1143,Completed
1225,68,23,2026-05-25,13:00:00,Dine-In,1269,Completed
1226,60,28,2026-01-23,13:00:00,Takeaway,3666,Completed
1227,217,15,2026-07-02,13:00:00,Dine-In,2213,Completed
1228,137,24,2026-04-09,13:00:00,Delivery,2196,Completed
1229,165,27,2026-02-22,13:00:00,Dine-In,561,Completed
1230,306,22,2026-02-06,13:00:00,Delivery,1318,Completed
1231,263,26,2026-03-26,13:00:00,Delivery,1873,Completed
1232,274,30,2026-03-01,13:00:00,Delivery,1916,Completed
1233,241,3,2026-05-17,13:00:00,Takeaway,2540,Completed
1234,256,21,2026-07-16,13:00:00,Takeaway,1169,Completed
1235,247,4,2026-05-07,13:00:00,Delivery,1865,Completed
1236,160,17,2026-04-24,13:00:00,Delivery,1362,Completed
1237,461,5,2026-01-01,13:00:00,Takeaway,1368,Completed
1238,83,4,2026-03-27,13:00:00,Takeaway,1410,Completed
1239,173,14,2026-05-29,13:00:00,Delivery,1281,Completed
1240,372,21,2026-06-27,13:00:00,Takeaway,617,Completed
1241,203,12,2026-05-28,13:00:00,Delivery,1202,Completed
1242,90,5,2026-05-12,13:00:00,Takeaway,2748,Completed
1243,446,14,2026-03-21,13:00:00,Delivery,1304,Completed
1244,435,23,2026-02-08,13:00:00,Delivery,1112,Completed
1245,358,2,2026-02-15,13:00:00,Dine-In,1881,Completed
1246,28,16,2026-02-08,13:00:00,Dine-In,1140,Completed
1247,27,12,2026-05-07,13:00:00,Takeaway,2419,Completed
1248,28,13,2026-03-06,13:00:00,Takeaway,1572,Completed
1249,61,24,2026-07-11,13:00:00,Delivery,396,Completed
1250,52,12,2026-01-23,13:00:00,Delivery,1349,Completed
1251,128,30,2026-04-05,13:00:00,Takeaway,785,Completed
1252,381,18,2026-05-12,13:00:00,Delivery,2101,Completed
1253,491,28,2026-02-09,13:00:00,Takeaway,1398,Completed
1254,369,8,2026-04-20,13:00:00,Takeaway,1201,Completed
1255,192,19,2026-07-02,13:00:00,Takeaway,2010,Completed
1256,285,14,2026-01-10,13:00:00,Takeaway,2876,Completed
1257,118,11,2026-06-07,13:00:00,Dine-In,1487,Completed
1258,29,7,2026-03-29,13:00:00,Delivery,1952,Completed
1259,495,12,2026-05-01,13:00:00,Delivery,1554,Completed
1260,318,28,2026-01-13,13:00:00,Delivery,1246,Completed
1261,367,22,2026-07-29,13:00:00,Delivery,1337,Completed
1262,27,12,2026-03-10,13:00:00,Delivery,2434,Completed
1263,333,10,2026-01-10,13:00:00,Dine-In,2082,Completed
1264,157,12,2026-07-10,13:00:00,Delivery,1381,Completed
1265,487,21,2026-05-04,13:00:00,Dine-In,787,Completed
1266,442,26,2026-03-17,13:00:00,Delivery,1972,Completed
1267,103,8,2026-01-20,13:00:00,Delivery,1855,Completed
1268,378,24,2026-01-22,13:00:00,Delivery,969,Completed
1269,392,17,2026-04-29,13:00:00,Delivery,915,Completed
1270,258,13,2026-07-18,13:00:00,Delivery,872,Completed
1271,373,10,2026-02-11,13:00:00,Delivery,582,Completed
1272,468,3,2026-03-05,13:00:00,Delivery,684,Completed
1273,384,4,2026-07-06,13:00:00,Delivery,536,Completed
1274,375,22,2026-05-30,13:00:00,Dine-In,1018,Completed
1275,165,7,2026-01-14,13:00:00,Delivery,1065,Completed
1276,364,21,2026-02-06,13:00:00,Takeaway,850,Completed
1277,339,1,2026-02-06,13:00:00,Takeaway,2529,Completed
1278,462,3,2026-07-29,13:00:00,Dine-In,2583,Completed
1279,298,20,2026-04-09,13:00:00,Takeaway,1945,Completed
1280,362,1,2026-02-09,13:00:00,Delivery,1650,Completed
1281,345,2,2026-01-28,13:00:00,Delivery,886,Completed
1282,303,30,2026-05-27,13:00:00,Takeaway,1090,Completed
1283,296,13,2026-01-27,13:00:00,Delivery,1779,Completed
1284,294,30,2026-05-08,13:00:00,Dine-In,1661,Completed
1285,97,21,2026-05-08,13:00:00,Takeaway,1729,Completed
1286,326,26,2026-04-05,13:00:00,Delivery,1253,Completed
1287,428,2,2026-07-18,13:00:00,Dine-In,1735,Completed
1288,111,21,2026-02-16,13:00:00,Dine-In,2718,Completed
1289,211,11,2026-07-07,13:00:00,Takeaway,1513,Completed
1290,368,27,2026-04-17,13:00:00,Delivery,1221,Completed
1291,471,12,2026-07-25,13:00:00,Dine-In,2336,Completed
1292,440,28,2026-04-30,13:00:00,Dine-In,2202,Completed
1293,71,27,2026-01-18,13:00:00,Delivery,1901,Completed
1294,333,30,2026-04-20,13:00:00,Delivery,1202,Completed
1295,116,22,2026-06-02,13:00:00,Takeaway,2309,Completed
1296,157,26,2026-05-06,13:00:00,Takeaway,1775,Completed
1297,336,18,2026-02-18,13:00:00,Takeaway,2029,Completed
1298,481,28,2026-06-20,13:00:00,Takeaway,1797,Completed
1299,262,17,2026-06-06,13:00:00,Takeaway,808,Completed
1300,187,29,2026-04-27,13:00:00,Takeaway,1563,Completed
1301,80,16,2026-01-14,13:00:00,Delivery,679,Completed
1302,476,6,2026-02-20,13:00:00,Delivery,1220,Completed
1303,82,21,2026-03-11,13:00:00,Dine-In,388,Completed
1304,37,11,2026-01-25,13:00:00,Takeaway,623,Completed
1305,187,3,2026-06-03,13:00:00,Dine-In,857,Completed
1306,25,9,2026-06-29,13:00:00,Takeaway,1705,Completed
1307,370,18,2026-07-04,13:00:00,Delivery,966,Completed
1308,362,1,2026-07-13,13:00:00,Takeaway,1302,Completed
1309,452,25,2026-06-10,13:00:00,Dine-In,1090,Completed
1310,284,14,2026-07-13,13:00:00,Dine-In,2312,Completed
1311,446,19,2026-04-16,13:00:00,Dine-In,2124,Completed
1312,14,14,2026-01-15,13:00:00,Takeaway,3263,Completed
1313,454,7,2026-03-26,13:00:00,Delivery,1721,Completed
1314,369,13,2026-05-15,13:00:00,Delivery,919,Completed
1315,311,6,2026-07-29,13:00:00,Delivery,746,Completed
1316,82,13,2026-03-01,13:00:00,Takeaway,1634,Completed
1317,448,9,2026-06-13,13:00:00,Takeaway,2278,Completed
1318,469,28,2026-04-19,13:00:00,Takeaway,397,Completed
1319,27,4,2026-02-05,13:00:00,Takeaway,990,Completed
1320,261,1,2026-06-11,13:00:00,Dine-In,2914,Completed
1321,95,21,2026-01-26,13:00:00,Delivery,2311,Completed
1322,18,15,2026-07-24,13:00:00,Dine-In,1621,Completed
1323,244,24,2026-02-12,13:00:00,Delivery,1925,Completed
1324,16,2,2026-06-26,13:00:00,Takeaway,914,Completed
1325,86,25,2026-06-29,13:00:00,Takeaway,1362,Completed
1326,274,23,2026-05-21,13:00:00,Delivery,574,Completed
1327,350,27,2026-05-01,13:00:00,Delivery,2121,Completed
1328,265,25,2026-07-14,13:00:00,Delivery,2319,Completed
1329,268,23,2026-06-23,13:00:00,Delivery,822,Completed
1330,102,22,2026-07-01,13:00:00,Delivery,2201,Completed
1331,369,17,2026-04-01,13:00:00,Takeaway,363,Completed
1332,447,24,2026-02-16,13:00:00,Delivery,1150,Completed
1333,42,10,2026-06-15,13:00:00,Takeaway,1456,Completed
1334,253,20,2026-06-03,13:00:00,Takeaway,738,Completed
1335,164,11,2026-05-16,13:00:00,Dine-In,1800,Completed
1336,351,10,2026-04-16,13:00:00,Takeaway,941,Completed
1337,122,13,2026-03-08,13:00:00,Dine-In,1117,Completed
1338,441,30,2026-07-21,13:00:00,Dine-In,2212,Completed
1339,275,8,2026-03-04,13:00:00,Delivery,2569,Completed
1340,264,9,2026-04-26,13:00:00,Takeaway,2202,Completed
1341,158,10,2026-05-28,13:00:00,Delivery,979,Completed
1342,96,3,2026-06-25,13:00:00,Delivery,1979,Completed
1343,196,5,2026-04-06,13:00:00,Takeaway,2935,Completed
1344,402,23,2026-07-14,13:00:00,Delivery,1196,Completed
1345,94,7,2026-01-31,13:00:00,Dine-In,2126,Completed
1346,296,30,2026-06-01,13:00:00,Dine-In,1879,Completed
1347,442,16,2026-02-07,13:00:00,Dine-In,2120,Completed
1348,158,12,2026-07-08,13:00:00,Dine-In,1334,Completed
1349,408,3,2026-04-30,13:00:00,Takeaway,2926,Completed
1350,45,29,2026-03-08,13:00:00,Takeaway,2024,Completed
1351,226,13,2026-01-07,13:00:00,Delivery,1042,Completed
1352,496,19,2026-01-09,13:00:00,Dine-In,700,Completed
1353,368,25,2026-03-13,13:00:00,Delivery,1996,Completed
1354,358,5,2026-07-18,13:00:00,Takeaway,993,Completed
1355,475,5,2026-02-14,13:00:00,Takeaway,1134,Completed
1356,469,9,2026-01-08,13:00:00,Takeaway,984,Completed
1357,179,22,2026-03-20,13:00:00,Dine-In,2158,Completed
1358,476,2,2026-04-17,13:00:00,Takeaway,1471,Completed
1359,299,8,2026-01-16,13:00:00,Takeaway,867,Completed
1360,156,24,2026-06-21,13:00:00,Delivery,739,Completed
1361,346,23,2026-02-15,13:00:00,Takeaway,890,Completed
1362,372,8,2026-01-13,13:00:00,Takeaway,2658,Completed
1363,306,15,2026-02-06,13:00:00,Takeaway,1783,Completed
1364,277,25,2026-05-07,13:00:00,Takeaway,1890,Completed
1365,467,6,2026-04-11,13:00:00,Takeaway,937,Completed
1366,325,2,2026-06-29,13:00:00,Dine-In,1833,Completed
1367,152,6,2026-04-03,13:00:00,Dine-In,2412,Completed
1368,75,3,2026-04-21,13:00:00,Takeaway,3098,Completed
1369,409,4,2026-06-20,13:00:00,Takeaway,1113,Completed
1370,318,8,2026-05-23,13:00:00,Takeaway,2153,Completed
1371,96,25,2026-05-31,13:00:00,Delivery,412,Completed
1372,189,26,2026-07-11,13:00:00,Takeaway,1024,Completed
1373,85,14,2026-03-25,13:00:00,Delivery,1419,Completed
1374,422,23,2026-03-01,13:00:00,Dine-In,2410,Completed
1375,148,9,2026-05-17,13:00:00,Takeaway,2756,Completed
1376,208,24,2026-01-16,13:00:00,Delivery,2195,Completed
1377,48,10,2026-03-26,13:00:00,Delivery,1755,Completed
1378,126,10,2026-06-09,13:00:00,Delivery,1187,Completed
1379,313,29,2026-01-07,13:00:00,Takeaway,1913,Completed
1380,296,14,2026-05-29,13:00:00,Takeaway,682,Completed
1381,170,6,2026-07-12,13:00:00,Dine-In,1288,Completed
1382,362,9,2026-05-28,13:00:00,Delivery,1447,Completed
1383,67,15,2026-03-19,13:00:00,Takeaway,2504,Completed
1384,231,11,2026-01-13,13:00:00,Takeaway,1202,Completed
1385,470,13,2026-02-11,13:00:00,Dine-In,1714,Completed
1386,377,30,2026-04-22,13:00:00,Delivery,1360,Completed
1387,55,5,2026-06-28,13:00:00,Takeaway,1115,Completed
1388,371,11,2026-03-27,13:00:00,Dine-In,1521,Completed
1389,72,18,2026-01-06,13:00:00,Takeaway,1499,Completed
1390,458,10,2026-01-03,13:00:00,Dine-In,2397,Completed
1391,417,3,2026-04-27,13:00:00,Dine-In,2073,Completed
1392,93,10,2026-01-30,13:00:00,Takeaway,2028,Completed
1393,34,27,2026-05-27,13:00:00,Takeaway,1673,Completed
1394,372,3,2026-07-02,13:00:00,Takeaway,1212,Completed
1395,451,5,2026-06-20,13:00:00,Delivery,2319,Completed
1396,227,3,2026-01-24,13:00:00,Takeaway,1464,Completed
1397,325,18,2026-04-12,13:00:00,Dine-In,1870,Completed
1398,219,7,2026-02-22,13:00:00,Dine-In,873,Completed
1399,178,3,2026-06-25,13:00:00,Delivery,1220,Completed
1400,432,2,2026-02-21,13:00:00,Dine-In,2179,Completed
1401,200,14,2026-01-16,13:00:00,Takeaway,928,Completed
1402,129,24,2026-04-07,13:00:00,Delivery,1607,Completed
1403,14,12,2026-01-01,13:00:00,Delivery,2149,Completed
1404,311,27,2026-01-10,13:00:00,Dine-In,1290,Completed
1405,75,3,2026-03-22,13:00:00,Dine-In,1536,Completed
1406,197,16,2026-06-25,13:00:00,Takeaway,978,Completed
1407,146,13,2026-03-30,13:00:00,Takeaway,1037,Completed
1408,305,7,2026-04-08,13:00:00,Takeaway,2403,Completed
1409,207,21,2026-07-18,13:00:00,Delivery,3024,Completed
1410,187,28,2026-05-25,13:00:00,Dine-In,896,Completed
1411,400,15,2026-06-01,13:00:00,Delivery,1104,Completed
1412,114,13,2026-06-27,13:00:00,Takeaway,1848,Completed
1413,406,22,2026-07-27,13:00:00,Dine-In,2209,Completed
1414,165,12,2026-03-21,13:00:00,Delivery,1314,Completed
1415,299,8,2026-02-09,13:00:00,Takeaway,2174,Completed
1416,445,7,2026-06-28,13:00:00,Delivery,1698,Completed
1417,447,8,2026-01-03,13:00:00,Dine-In,2097,Completed
1418,62,28,2026-07-07,13:00:00,Dine-In,2330,Completed
1419,418,15,2026-05-26,13:00:00,Delivery,2043,Completed
1420,257,7,2026-01-26,13:00:00,Dine-In,789,Completed
1421,181,15,2026-04-29,13:00:00,Takeaway,1464,Completed
1422,45,14,2026-04-26,13:00:00,Dine-In,2696,Completed
1423,331,15,2026-01-22,13:00:00,Delivery,1486,Completed
1424,113,8,2026-03-24,13:00:00,Dine-In,1605,Completed
1425,10,18,2026-01-30,13:00:00,Dine-In,1444,Completed
1426,314,8,2026-07-11,13:00:00,Takeaway,1540,Completed
1427,217,29,2026-01-07,13:00:00,Dine-In,2497,Completed
1428,171,6,2026-01-25,13:00:00,Takeaway,2040,Completed
1429,156,24,2026-06-13,13:00:00,Takeaway,1941,Completed
1430,435,7,2026-06-18,13:00:00,Delivery,1711,Completed
1431,52,20,2026-05-12,13:00:00,Dine-In,1651,Completed
1432,251,1,2026-02-23,13:00:00,Takeaway,1456,Completed
1433,421,7,2026-01-24,13:00:00,Dine-In,941,Completed
1434,480,26,2026-05-05,13:00:00,Dine-In,1824,Completed
1435,92,8,2026-03-06,13:00:00,Dine-In,1420,Completed
1436,4,12,2026-04-13,13:00:00,Delivery,1806,Completed
1437,429,27,2026-03-06,13:00:00,Takeaway,1111,Completed
1438,183,10,2026-02-07,13:00:00,Takeaway,1828,Completed
1439,446,9,2026-03-23,13:00:00,Delivery,2906,Completed
1440,255,27,2026-04-10,13:00:00,Dine-In,2236,Completed
1441,92,21,2026-03-01,13:00:00,Takeaway,384,Completed
1442,235,27,2026-01-25,13:00:00,Dine-In,1690,Completed
1443,172,8,2026-06-21,13:00:00,Dine-In,1804,Completed
1444,488,8,2026-01-22,13:00:00,Takeaway,847,Completed
1445,305,3,2026-05-20,13:00:00,Dine-In,2535,Completed
1446,195,30,2026-01-04,13:00:00,Delivery,1058,Completed
1447,170,22,2026-06-11,13:00:00,Delivery,1528,Completed
1448,197,14,2026-03-08,13:00:00,Takeaway,2777,Completed
1449,482,3,2026-07-06,13:00:00,Delivery,2473,Completed
1450,233,17,2026-04-04,13:00:00,Dine-In,882,Completed
1451,407,15,2026-07-23,13:00:00,Delivery,1954,Completed
1452,276,14,2026-07-03,13:00:00,Delivery,1062,Completed
1453,207,1,2026-07-15,13:00:00,Delivery,1226,Completed
1454,78,27,2026-01-05,13:00:00,Delivery,2039,Completed
1455,224,14,2026-06-08,13:00:00,Delivery,1052,Completed
1456,110,27,2026-06-28,13:00:00,Delivery,2842,Completed
1457,82,30,2026-01-11,13:00:00,Takeaway,2338,Completed
1458,271,1,2026-07-04,13:00:00,Takeaway,2736,Completed
1459,254,22,2026-02-14,13:00:00,Delivery,2445,Completed
1460,266,28,2026-01-08,13:00:00,Delivery,1861,Completed
1461,72,23,2026-05-22,13:00:00,Dine-In,963,Completed
1462,146,11,2026-04-14,13:00:00,Takeaway,3273,Completed
1463,409,16,2026-05-27,13:00:00,Takeaway,1692,Completed
1464,369,19,2026-01-10,13:00:00,Dine-In,708,Completed
1465,131,13,2026-07-21,13:00:00,Dine-In,1281,Completed
1466,69,21,2026-07-17,13:00:00,Delivery,1618,Completed
1467,137,24,2026-02-12,13:00:00,Dine-In,878,Completed
1468,106,22,2026-04-09,13:00:00,Delivery,1440,Completed
1469,361,15,2026-02-24,13:00:00,Takeaway,724,Completed
1470,259,16,2026-01-02,13:00:00,Dine-In,1467,Completed
1471,235,3,2026-03-16,13:00:00,Takeaway,1019,Completed
1472,325,15,2026-02-23,13:00:00,Takeaway,1070,Completed
1473,43,21,2026-03-03,13:00:00,Delivery,2995,Completed
1474,418,30,2026-04-13,13:00:00,Dine-In,1240,Completed
1475,199,4,2026-05-31,13:00:00,Dine-In,1068,Completed
1476,495,27,2026-01-16,13:00:00,Delivery,2715,Completed
1477,1,2,2026-06-27,13:00:00,Dine-In,817,Completed
1478,154,14,2026-07-13,13:00:00,Takeaway,1330,Completed
1479,390,1,2026-07-25,13:00:00,Takeaway,1949,Completed
1480,398,9,2026-03-08,13:00:00,Takeaway,2950,Completed
1481,443,20,2026-06-06,13:00:00,Takeaway,1669,Completed
1482,47,24,2026-01-03,13:00:00,Dine-In,1626,Completed
1483,187,24,2026-02-07,13:00:00,Takeaway,1675,Completed
1484,152,10,2026-07-27,13:00:00,Delivery,1847,Completed
1485,183,1,2026-03-13,13:00:00,Delivery,2240,Completed
1486,279,11,2026-05-12,13:00:00,Dine-In,2886,Completed
1487,204,30,2026-05-01,13:00:00,Dine-In,1579,Completed
1488,67,16,2026-02-10,13:00:00,Takeaway,811,Completed
1489,399,2,2026-06-02,13:00:00,Delivery,1578,Completed
1490,96,16,2026-07-14,13:00:00,Delivery,898,Completed
1491,6,28,2026-01-27,13:00:00,Delivery,1632,Completed
1492,85,18,2026-05-28,13:00:00,Delivery,1575,Completed
1493,409,18,2026-05-11,13:00:00,Dine-In,1918,Completed
1494,8,9,2026-07-05,13:00:00,Delivery,692,Completed
1495,226,1,2026-07-18,13:00:00,Dine-In,704,Completed
1496,265,11,2026-05-30,13:00:00,Dine-In,1547,Completed
1497,189,24,2026-04-17,13:00:00,Delivery,2122,Completed
1498,92,11,2026-03-12,13:00:00,Takeaway,1355,Completed
1499,199,24,2026-06-04,13:00:00,Delivery,762,Completed
1500,103,25,2026-03-25,13:00:00,Dine-In,1518,Completed
1501,358,12,2026-02-25,13:00:00,Takeaway,1134,Completed
1502,456,26,2026-03-26,13:00:00,Delivery,1410,Completed
1503,39,30,2026-06-15,13:00:00,Delivery,1112,Completed
1504,449,2,2026-06-23,13:00:00,Dine-In,1602,Completed
1505,349,10,2026-01-19,13:00:00,Delivery,1196,Completed
1506,275,24,2026-07-23,13:00:00,Dine-In,1572,Completed
1507,447,4,2026-06-03,13:00:00,Takeaway,1002,Completed
1508,247,16,2026-05-31,13:00:00,Delivery,955,Completed
1509,147,6,2026-03-11,13:00:00,Takeaway,786,Completed
1510,134,6,2026-02-14,13:00:00,Delivery,2682,Completed
1511,208,21,2026-05-06,13:00:00,Takeaway,2879,Completed
1512,322,3,2026-03-10,13:00:00,Takeaway,1303,Completed
1513,59,25,2026-03-23,13:00:00,Takeaway,1221,Completed
1514,225,1,2026-01-20,13:00:00,Takeaway,2059,Completed
1515,10,27,2026-02-07,13:00:00,Delivery,1124,Completed
1516,324,7,2026-02-19,13:00:00,Delivery,3271,Completed
1517,378,16,2026-03-26,13:00:00,Takeaway,2069,Completed
1518,160,8,2026-07-12,13:00:00,Dine-In,611,Completed
1519,383,7,2026-05-24,13:00:00,Delivery,1180,Completed
1520,99,2,2026-03-14,13:00:00,Dine-In,1557,Completed
1521,363,2,2026-04-10,13:00:00,Dine-In,1737,Completed
1522,282,20,2026-03-29,13:00:00,Dine-In,2642,Completed
1523,198,8,2026-02-26,13:00:00,Dine-In,1741,Completed
1524,243,16,2026-04-10,13:00:00,Takeaway,780,Completed
1525,67,4,2026-01-08,13:00:00,Dine-In,1165,Completed
1526,77,23,2026-06-17,13:00:00,Delivery,1397,Completed
1527,285,3,2026-06-12,13:00:00,Dine-In,1681,Completed
1528,435,25,2026-05-30,13:00:00,Delivery,2471,Completed
1529,454,17,2026-05-09,13:00:00,Dine-In,1343,Completed
1530,428,16,2026-02-17,13:00:00,Delivery,468,Completed
1531,188,12,2026-04-09,13:00:00,Takeaway,2985,Completed
1532,226,10,2026-04-02,13:00:00,Dine-In,2080,Completed
1533,420,14,2026-01-23,13:00:00,Dine-In,2712,Completed
1534,193,15,2026-04-27,13:00:00,Dine-In,911,Completed
1535,340,12,2026-04-07,13:00:00,Dine-In,2041,Completed
1536,485,30,2026-04-28,13:00:00,Dine-In,1203,Completed
1537,346,3,2026-02-16,13:00:00,Takeaway,568,Completed
1538,148,26,2026-02-05,13:00:00,Takeaway,933,Completed
1539,119,28,2026-02-12,13:00:00,Delivery,2672,Completed
1540,247,21,2026-02-19,13:00:00,Delivery,1286,Completed
1541,78,17,2026-04-06,13:00:00,Dine-In,2403,Completed
1542,227,6,2026-07-29,13:00:00,Delivery,1123,Completed
1543,445,27,2026-07-06,13:00:00,Delivery,2272,Completed
1544,383,30,2026-03-24,13:00:00,Delivery,1374,Completed
1545,302,3,2026-03-26,13:00:00,Takeaway,940,Completed
1546,480,10,2026-02-26,13:00:00,Delivery,1289,Completed
1547,175,6,2026-07-03,13:00:00,Takeaway,628,Completed
1548,188,24,2026-07-09,13:00:00,Delivery,1372,Completed
1549,360,8,2026-06-18,13:00:00,Delivery,1634,Completed
1550,128,12,2026-07-04,13:00:00,Delivery,800,Completed
1551,435,24,2026-05-26,13:00:00,Delivery,1064,Completed
1552,175,26,2026-05-24,13:00:00,Delivery,2075,Completed
1553,312,19,2026-05-11,13:00:00,Delivery,789,Completed
1554,447,16,2026-07-26,13:00:00,Takeaway,1209,Completed
1555,339,21,2026-03-24,13:00:00,Dine-In,1443,Completed
1556,380,4,2026-02-19,13:00:00,Takeaway,783,Completed
1557,487,27,2026-06-30,13:00:00,Delivery,2000,Completed
1558,311,29,2026-02-09,13:00:00,Takeaway,554,Completed
1559,78,17,2026-04-05,13:00:00,Takeaway,1762,Completed
1560,255,27,2026-05-09,13:00:00,Takeaway,2109,Completed
1561,95,8,2026-02-14,13:00:00,Delivery,1311,Completed
1562,420,19,2026-05-20,13:00:00,Delivery,1964,Completed
1563,498,18,2026-07-15,13:00:00,Dine-In,1367,Completed
1564,411,7,2026-07-04,13:00:00,Takeaway,2065,Completed
1565,250,29,2026-04-27,13:00:00,Delivery,2057,Completed
1566,423,24,2026-01-30,13:00:00,Delivery,932,Completed
1567,399,15,2026-02-17,13:00:00,Delivery,1320,Completed
1568,358,30,2026-06-29,13:00:00,Takeaway,1241,Completed
1569,489,11,2026-06-06,13:00:00,Delivery,1523,Completed
1570,473,30,2026-01-23,13:00:00,Delivery,1236,Completed
1571,424,26,2026-02-26,13:00:00,Dine-In,2169,Completed
1572,253,7,2026-04-06,13:00:00,Delivery,2053,Completed
1573,420,4,2026-05-04,13:00:00,Takeaway,1422,Completed
1574,467,12,2026-06-03,13:00:00,Delivery,1613,Completed
1575,330,9,2026-01-31,13:00:00,Takeaway,1102,Completed
1576,321,4,2026-05-08,13:00:00,Delivery,1499,Completed
1577,366,22,2026-07-15,13:00:00,Delivery,1396,Completed
1578,81,26,2026-01-12,13:00:00,Delivery,1479,Completed
1579,248,8,2026-01-04,13:00:00,Takeaway,1370,Completed
1580,283,21,2026-03-03,13:00:00,Dine-In,1704,Completed
1581,124,5,2026-06-26,13:00:00,Dine-In,1455,Completed
1582,140,11,2026-02-13,13:00:00,Delivery,1564,Completed
1583,280,9,2026-06-16,13:00:00,Dine-In,852,Completed
1584,54,28,2026-04-21,13:00:00,Dine-In,2218,Completed
1585,262,28,2026-05-31,13:00:00,Delivery,1899,Completed
1586,259,3,2026-02-03,13:00:00,Dine-In,1554,Completed
1587,478,21,2026-01-24,13:00:00,Dine-In,1260,Completed
1588,432,22,2026-05-05,13:00:00,Delivery,2500,Completed
1589,120,28,2026-06-17,13:00:00,Takeaway,968,Completed
1590,94,27,2026-03-07,13:00:00,Delivery,1648,Completed
1591,344,11,2026-02-01,13:00:00,Delivery,718,Completed
1592,18,6,2026-07-26,13:00:00,Takeaway,2287,Completed
1593,468,5,2026-03-08,13:00:00,Takeaway,2111,Completed
1594,18,2,2026-04-15,13:00:00,Delivery,623,Completed
1595,93,11,2026-03-27,13:00:00,Takeaway,1714,Completed
1596,427,16,2026-03-23,13:00:00,Delivery,1474,Completed
1597,423,14,2026-02-24,13:00:00,Delivery,1284,Completed
1598,490,21,2026-02-20,13:00:00,Delivery,631,Completed
1599,168,21,2026-05-09,13:00:00,Delivery,2583,Completed
1600,81,29,2026-04-21,13:00:00,Delivery,658,Completed
1601,475,22,2026-02-28,13:00:00,Delivery,2030,Completed
1602,188,13,2026-03-29,13:00:00,Dine-In,1548,Completed
1603,267,6,2026-04-10,13:00:00,Delivery,1457,Completed
1604,24,17,2026-03-14,13:00:00,Takeaway,1045,Completed
1605,306,21,2026-06-23,13:00:00,Delivery,1413,Completed
1606,67,10,2026-01-10,13:00:00,Dine-In,930,Completed
1607,157,13,2026-05-15,13:00:00,Takeaway,1668,Completed
1608,380,18,2026-01-11,13:00:00,Delivery,489,Completed
1609,359,26,2026-07-11,13:00:00,Delivery,2715,Completed
1610,189,10,2026-05-13,13:00:00,Dine-In,334,Completed
1611,141,13,2026-02-22,13:00:00,Takeaway,1798,Completed
1612,415,16,2026-07-08,13:00:00,Dine-In,840,Completed
1613,33,7,2026-04-14,13:00:00,Dine-In,967,Completed
1614,290,13,2026-06-10,13:00:00,Dine-In,1845,Completed
1615,56,16,2026-04-21,13:00:00,Takeaway,976,Completed
1616,21,10,2026-04-21,13:00:00,Delivery,1977,Completed
1617,255,1,2026-04-15,13:00:00,Dine-In,2009,Completed
1618,84,4,2026-06-13,13:00:00,Dine-In,1281,Completed
1619,395,3,2026-07-01,13:00:00,Dine-In,1189,Completed
1620,178,14,2026-05-13,13:00:00,Takeaway,2809,Completed
1621,449,13,2026-06-25,13:00:00,Delivery,1895,Completed
1622,158,10,2026-01-07,13:00:00,Dine-In,1619,Completed
1623,477,11,2026-07-27,13:00:00,Delivery,616,Completed
1624,429,6,2026-01-07,13:00:00,Delivery,1341,Completed
1625,452,13,2026-03-02,13:00:00,Dine-In,1432,Completed
1626,119,2,2026-07-10,13:00:00,Dine-In,2164,Completed
1627,478,14,2026-02-03,13:00:00,Dine-In,1547,Completed
1628,93,27,2026-05-21,13:00:00,Takeaway,876,Completed
1629,490,5,2026-01-06,13:00:00,Takeaway,1633,Completed
1630,247,22,2026-03-22,13:00:00,Delivery,1056,Completed
1631,46,22,2026-03-07,13:00:00,Dine-In,1320,Completed
1632,65,8,2026-01-30,13:00:00,Takeaway,937,Completed
1633,41,30,2026-05-09,13:00:00,Dine-In,531,Completed
1634,325,4,2026-03-28,13:00:00,Delivery,1534,Completed
1635,199,14,2026-03-10,13:00:00,Takeaway,2414,Completed
1636,35,2,2026-01-15,13:00:00,Dine-In,1611,Completed
1637,18,20,2026-03-02,13:00:00,Delivery,2063,Completed
1638,269,3,2026-03-20,13:00:00,Delivery,1960,Completed
1639,427,20,2026-05-25,13:00:00,Takeaway,2020,Completed
1640,359,6,2026-04-10,13:00:00,Dine-In,2261,Completed
1641,154,20,2026-06-23,13:00:00,Takeaway,1185,Completed
1642,49,23,2026-07-28,13:00:00,Delivery,2299,Completed
1643,484,17,2026-02-14,13:00:00,Delivery,1618,Completed
1644,78,17,2026-06-05,13:00:00,Delivery,1847,Completed
1645,235,27,2026-03-06,13:00:00,Takeaway,628,Completed
1646,304,22,2026-06-21,13:00:00,Takeaway,3678,Completed
1647,407,3,2026-03-22,13:00:00,Dine-In,3031,Completed
1648,75,19,2026-06-01,13:00:00,Dine-In,585,Completed
1649,262,17,2026-06-17,13:00:00,Takeaway,779,Completed
1650,123,24,2026-06-22,13:00:00,Dine-In,1295,Completed
1651,415,18,2026-06-07,13:00:00,Delivery,1745,Completed
1652,199,23,2026-07-12,13:00:00,Takeaway,574,Completed
1653,378,23,2026-01-05,13:00:00,Dine-In,840,Completed
1654,282,20,2026-07-07,13:00:00,Delivery,1617,Completed
1655,191,12,2026-05-27,13:00:00,Takeaway,1678,Completed
1656,313,5,2026-07-10,13:00:00,Dine-In,3120,Completed
1657,156,18,2026-07-28,13:00:00,Takeaway,1090,Completed
1658,94,24,2026-07-22,13:00:00,Delivery,1563,Completed
1659,497,2,2026-07-02,13:00:00,Dine-In,1858,Completed
1660,310,10,2026-03-20,13:00:00,Dine-In,1021,Completed
1661,252,14,2026-01-10,13:00:00,Dine-In,1306,Completed
1662,324,22,2026-01-07,13:00:00,Takeaway,1470,Completed
1663,54,21,2026-03-17,13:00:00,Delivery,506,Completed
1664,372,19,2026-02-08,13:00:00,Delivery,2031,Completed
1665,388,26,2026-04-29,13:00:00,Dine-In,2130,Completed
1666,29,17,2026-06-11,13:00:00,Takeaway,1606,Completed
1667,437,28,2026-03-30,13:00:00,Delivery,1044,Completed
1668,449,1,2026-07-23,13:00:00,Takeaway,939,Completed
1669,448,29,2026-01-15,13:00:00,Dine-In,1338,Completed
1670,332,10,2026-06-11,13:00:00,Dine-In,1706,Completed
1671,342,10,2026-04-12,13:00:00,Takeaway,1958,Completed
1672,143,16,2026-03-31,13:00:00,Delivery,1523,Completed
1673,147,8,2026-03-06,13:00:00,Takeaway,2361,Completed
1674,117,19,2026-02-16,13:00:00,Takeaway,1736,Completed
1675,286,1,2026-06-09,13:00:00,Dine-In,633,Completed
1676,100,10,2026-04-16,13:00:00,Dine-In,1265,Completed
1677,461,18,2026-02-04,13:00:00,Delivery,1090,Completed
1678,78,19,2026-05-13,13:00:00,Dine-In,1393,Completed
1679,455,21,2026-06-15,13:00:00,Takeaway,451,Completed
1680,59,22,2026-07-17,13:00:00,Dine-In,1252,Completed
1681,422,27,2026-05-19,13:00:00,Dine-In,787,Completed
1682,171,15,2026-01-27,13:00:00,Dine-In,1904,Completed
1683,223,29,2026-03-25,13:00:00,Dine-In,1131,Completed
1684,411,14,2026-04-22,13:00:00,Dine-In,1764,Completed
1685,109,25,2026-01-04,13:00:00,Takeaway,2053,Completed
1686,273,3,2026-01-14,13:00:00,Delivery,419,Completed
1687,182,19,2026-04-29,13:00:00,Dine-In,1227,Completed
1688,188,6,2026-05-31,13:00:00,Takeaway,900,Completed
1689,80,8,2026-06-13,13:00:00,Dine-In,1418,Completed
1690,357,28,2026-07-16,13:00:00,Delivery,1237,Completed
1691,133,25,2026-05-20,13:00:00,Dine-In,1066,Completed
1692,94,9,2026-01-31,13:00:00,Takeaway,1806,Completed
1693,305,9,2026-05-09,13:00:00,Delivery,1310,Completed
1694,387,11,2026-07-17,13:00:00,Dine-In,1804,Completed
1695,278,12,2026-05-08,13:00:00,Dine-In,586,Completed
1696,210,23,2026-07-19,13:00:00,Dine-In,1364,Completed
1697,491,28,2026-06-01,13:00:00,Dine-In,2480,Completed
1698,191,19,2026-06-28,13:00:00,Delivery,1244,Completed
1699,494,1,2026-05-08,13:00:00,Takeaway,2182,Completed
1700,278,29,2026-05-22,13:00:00,Takeaway,2335,Completed
1701,112,10,2026-05-01,13:00:00,Dine-In,1070,Completed
1702,143,11,2026-07-11,13:00:00,Takeaway,1032,Completed
1703,395,30,2026-02-15,13:00:00,Dine-In,1705,Completed
1704,241,14,2026-01-03,13:00:00,Takeaway,1052,Completed
1705,225,16,2026-03-01,13:00:00,Delivery,1885,Completed
1706,294,29,2026-04-24,13:00:00,Delivery,1202,Completed
1707,237,29,2026-06-20,13:00:00,Takeaway,1085,Completed
1708,489,5,2026-02-28,13:00:00,Dine-In,1032,Completed
1709,459,23,2026-03-16,13:00:00,Delivery,2377,Completed
1710,340,3,2026-06-26,13:00:00,Takeaway,1449,Completed
1711,13,30,2026-01-27,13:00:00,Delivery,1734,Completed
1712,233,6,2026-04-06,13:00:00,Takeaway,1280,Completed
1713,487,23,2026-07-16,13:00:00,Takeaway,1048,Completed
1714,197,24,2026-01-20,13:00:00,Takeaway,1761,Completed
1715,241,30,2026-05-17,13:00:00,Takeaway,1875,Completed
1716,54,28,2026-03-10,13:00:00,Dine-In,2211,Completed
1717,390,29,2026-01-17,13:00:00,Delivery,2207,Completed
1718,327,7,2026-05-17,13:00:00,Takeaway,1496,Completed
1719,159,26,2026-01-04,13:00:00,Delivery,2628,Completed
1720,335,26,2026-03-24,13:00:00,Takeaway,1777,Completed
1721,285,3,2026-03-08,13:00:00,Takeaway,1009,Completed
1722,424,12,2026-06-13,13:00:00,Delivery,1846,Completed
1723,407,4,2026-03-18,13:00:00,Takeaway,786,Completed
1724,417,30,2026-05-17,13:00:00,Delivery,1005,Completed
1725,407,22,2026-04-05,13:00:00,Dine-In,822,Completed
1726,153,11,2026-02-28,13:00:00,Dine-In,2518,Completed
1727,103,8,2026-05-21,13:00:00,Delivery,2489,Completed
1728,231,21,2026-03-05,13:00:00,Takeaway,1422,Completed
1729,383,7,2026-03-09,13:00:00,Delivery,1302,Completed
1730,425,10,2026-01-28,13:00:00,Takeaway,1060,Completed
1731,179,4,2026-05-15,13:00:00,Dine-In,2353,Completed
1732,272,25,2026-02-07,13:00:00,Takeaway,1021,Completed
1733,397,11,2026-03-20,13:00:00,Takeaway,1124,Completed
1734,454,20,2026-03-22,13:00:00,Takeaway,660,Completed
1735,222,26,2026-06-01,13:00:00,Dine-In,1756,Completed
1736,333,12,2026-03-27,13:00:00,Dine-In,2757,Completed
1737,500,27,2026-01-09,13:00:00,Dine-In,1939,Completed
1738,456,20,2026-04-30,13:00:00,Dine-In,2328,Completed
1739,200,15,2026-03-27,13:00:00,Delivery,2219,Completed
1740,82,22,2026-03-08,13:00:00,Takeaway,1446,Completed
1741,136,19,2026-07-04,13:00:00,Takeaway,1052,Completed
1742,97,29,2026-01-17,13:00:00,Takeaway,1840,Completed
1743,434,5,2026-06-24,13:00:00,Delivery,2028,Completed
1744,31,2,2026-03-02,13:00:00,Dine-In,2517,Completed
1745,269,18,2026-05-31,13:00:00,Takeaway,2108,Completed
1746,236,22,2026-05-01,13:00:00,Delivery,950,Completed
1747,423,11,2026-06-14,13:00:00,Takeaway,1486,Completed
1748,422,3,2026-03-21,13:00:00,Dine-In,1795,Completed
1749,185,12,2026-05-21,13:00:00,Delivery,537,Completed
1750,420,4,2026-04-10,13:00:00,Takeaway,2318,Completed
1751,156,13,2026-05-22,13:00:00,Dine-In,979,Completed
1752,91,16,2026-02-18,13:00:00,Delivery,1081,Completed
1753,30,17,2026-07-07,13:00:00,Delivery,1216,Completed
1754,353,2,2026-01-25,13:00:00,Delivery,1330,Completed
1755,373,27,2026-03-08,13:00:00,Takeaway,1080,Completed
1756,193,12,2026-01-20,13:00:00,Dine-In,1679,Completed
1757,65,18,2026-04-13,13:00:00,Takeaway,1194,Completed
1758,479,2,2026-07-27,13:00:00,Delivery,3542,Completed
1759,408,26,2026-06-27,13:00:00,Dine-In,1479,Completed
1760,35,28,2026-02-13,13:00:00,Takeaway,1781,Completed
1761,180,13,2026-06-13,13:00:00,Takeaway,849,Completed
1762,477,3,2026-05-01,13:00:00,Takeaway,1799,Completed
1763,135,7,2026-06-08,13:00:00,Delivery,1965,Completed
1764,389,22,2026-01-07,13:00:00,Delivery,1249,Completed
1765,21,28,2026-06-25,13:00:00,Delivery,2103,Completed
1766,441,3,2026-05-27,13:00:00,Delivery,689,Completed
1767,180,1,2026-02-12,13:00:00,Delivery,1329,Completed
1768,56,4,2026-01-08,13:00:00,Delivery,1660,Completed
1769,344,27,2026-05-13,13:00:00,Takeaway,1513,Completed
1770,284,1,2026-01-07,13:00:00,Dine-In,1276,Completed
1771,428,7,2026-02-09,13:00:00,Takeaway,1444,Completed
1772,152,20,2026-01-19,13:00:00,Dine-In,1654,Completed
1773,112,13,2026-02-19,13:00:00,Delivery,1374,Completed
1774,196,30,2026-05-08,13:00:00,Delivery,1530,Completed
1775,46,5,2026-02-13,13:00:00,Delivery,1519,Completed
1776,364,6,2026-06-08,13:00:00,Delivery,1129,Completed
1777,355,30,2026-02-21,13:00:00,Delivery,3478,Completed
1778,270,17,2026-03-03,13:00:00,Dine-In,2479,Completed
1779,39,15,2026-04-14,13:00:00,Takeaway,1491,Completed
1780,275,12,2026-04-06,13:00:00,Takeaway,433,Completed
1781,108,10,2026-03-30,13:00:00,Dine-In,414,Completed
1782,215,30,2026-03-03,13:00:00,Takeaway,2416,Completed
1783,39,27,2026-01-20,13:00:00,Delivery,1261,Completed
1784,426,25,2026-07-14,13:00:00,Takeaway,2160,Completed
1785,355,12,2026-05-14,13:00:00,Takeaway,1158,Completed
1786,386,29,2026-03-13,13:00:00,Dine-In,1476,Completed
1787,483,20,2026-02-25,13:00:00,Delivery,1155,Completed
1788,450,14,2026-01-05,13:00:00,Delivery,1328,Completed
1789,407,20,2026-07-10,13:00:00,Dine-In,1068,Completed
1790,335,29,2026-02-15,13:00:00,Takeaway,2637,Completed
1791,275,28,2026-04-21,13:00:00,Dine-In,1473,Completed
1792,363,22,2026-04-09,13:00:00,Takeaway,1882,Completed
1793,55,27,2026-02-20,13:00:00,Delivery,1405,Completed
1794,89,5,2026-06-18,13:00:00,Delivery,1615,Completed
1795,120,13,2026-01-09,13:00:00,Delivery,1158,Completed
1796,135,6,2026-07-05,13:00:00,Delivery,2509,Completed
1797,175,15,2026-06-24,13:00:00,Takeaway,1480,Completed
1798,297,14,2026-02-07,13:00:00,Dine-In,1890,Completed
1799,61,22,2026-03-12,13:00:00,Takeaway,1318,Completed
1800,465,19,2026-07-05,13:00:00,Delivery,1185,Completed
1801,221,12,2026-06-21,13:00:00,Takeaway,1211,Completed
1802,391,12,2026-01-25,13:00:00,Delivery,1794,Completed
1803,216,2,2026-04-25,13:00:00,Takeaway,2160,Completed
1804,444,3,2026-05-20,13:00:00,Delivery,2226,Completed
1805,111,27,2026-06-23,13:00:00,Delivery,2317,Completed
1806,162,13,2026-07-11,13:00:00,Dine-In,2549,Completed
1807,458,17,2026-04-11,13:00:00,Dine-In,2000,Completed
1808,380,15,2026-04-13,13:00:00,Dine-In,961,Completed
1809,219,23,2026-06-02,13:00:00,Takeaway,1575,Completed
1810,282,24,2026-01-26,13:00:00,Takeaway,3127,Completed
1811,12,14,2026-01-25,13:00:00,Dine-In,1457,Completed
1812,77,2,2026-05-20,13:00:00,Takeaway,1644,Completed
1813,55,8,2026-06-25,13:00:00,Takeaway,1477,Completed
1814,146,29,2026-05-09,13:00:00,Dine-In,1658,Completed
1815,174,11,2026-01-20,13:00:00,Dine-In,2556,Completed
1816,107,25,2026-05-03,13:00:00,Delivery,1592,Completed
1817,141,3,2026-03-30,13:00:00,Takeaway,591,Completed
1818,66,5,2026-04-03,13:00:00,Dine-In,2877,Completed
1819,145,23,2026-07-18,13:00:00,Takeaway,2130,Completed
1820,205,15,2026-05-24,13:00:00,Takeaway,1073,Completed
1821,281,2,2026-04-08,13:00:00,Dine-In,2739,Completed
1822,461,7,2026-02-20,13:00:00,Dine-In,1336,Completed
1823,431,21,2026-02-11,13:00:00,Takeaway,1527,Completed
1824,243,17,2026-03-11,13:00:00,Delivery,1630,Completed
1825,102,16,2026-04-11,13:00:00,Takeaway,1978,Completed
1826,472,11,2026-04-16,13:00:00,Delivery,1312,Completed
1827,210,10,2026-05-27,13:00:00,Takeaway,2067,Completed
1828,37,5,2026-07-26,13:00:00,Takeaway,763,Completed
1829,256,29,2026-03-02,13:00:00,Dine-In,2232,Completed
1830,101,19,2026-07-14,13:00:00,Dine-In,870,Completed
1831,372,29,2026-06-28,13:00:00,Takeaway,1790,Completed
1832,201,1,2026-07-08,13:00:00,Takeaway,1224,Completed
1833,75,17,2026-06-27,13:00:00,Dine-In,1906,Completed
1834,127,3,2026-06-18,13:00:00,Takeaway,3093,Completed
1835,308,15,2026-04-04,13:00:00,Takeaway,716,Completed
1836,401,10,2026-05-01,13:00:00,Takeaway,1654,Completed
1837,65,7,2026-06-02,13:00:00,Delivery,693,Completed
1838,199,19,2026-07-06,13:00:00,Delivery,2622,Completed
1839,399,21,2026-07-11,13:00:00,Delivery,1018,Completed
1840,135,27,2026-06-28,13:00:00,Takeaway,601,Completed
1841,137,23,2026-06-26,13:00:00,Delivery,2583,Completed
1842,23,8,2026-07-26,13:00:00,Delivery,2096,Completed
1843,301,18,2026-03-03,13:00:00,Delivery,713,Completed
1844,348,20,2026-05-22,13:00:00,Takeaway,1274,Completed
1845,358,27,2026-07-07,13:00:00,Delivery,2340,Completed
1846,154,16,2026-03-13,13:00:00,Dine-In,1130,Completed
1847,192,4,2026-07-23,13:00:00,Takeaway,609,Completed
1848,79,17,2026-02-08,13:00:00,Dine-In,972,Completed
1849,28,27,2026-06-08,13:00:00,Dine-In,1758,Completed
1850,24,12,2026-03-12,13:00:00,Takeaway,1918,Completed
1851,136,19,2026-04-18,13:00:00,Dine-In,2241,Completed
1852,358,12,2026-06-28,13:00:00,Delivery,1203,Completed
1853,200,8,2026-06-07,13:00:00,Delivery,1049,Completed
1854,173,30,2026-07-21,13:00:00,Takeaway,2138,Completed
1855,5,6,2026-03-30,13:00:00,Delivery,702,Completed
1856,172,26,2026-02-19,13:00:00,Delivery,581,Completed
1857,333,25,2026-01-05,13:00:00,Delivery,1684,Completed
1858,90,23,2026-06-06,13:00:00,Dine-In,2185,Completed
1859,24,18,2026-06-30,13:00:00,Delivery,1596,Completed
1860,483,16,2026-02-15,13:00:00,Dine-In,1283,Completed
1861,88,12,2026-07-24,13:00:00,Dine-In,1806,Completed
1862,498,2,2026-03-17,13:00:00,Delivery,1872,Completed
1863,181,26,2026-04-24,13:00:00,Delivery,1836,Completed
1864,455,20,2026-04-09,13:00:00,Takeaway,2067,Completed
1865,430,24,2026-06-28,13:00:00,Takeaway,1280,Completed
1866,464,22,2026-03-03,13:00:00,Dine-In,1048,Completed
1867,364,24,2026-06-12,13:00:00,Dine-In,1404,Completed
1868,3,10,2026-01-27,13:00:00,Takeaway,2737,Completed
1869,96,6,2026-04-16,13:00:00,Takeaway,2108,Completed
1870,1,29,2026-06-18,13:00:00,Dine-In,2027,Completed
1871,486,14,2026-05-12,13:00:00,Delivery,2904,Completed
1872,96,19,2026-06-01,13:00:00,Delivery,826,Completed
1873,15,9,2026-05-13,13:00:00,Dine-In,1182,Completed
1874,487,5,2026-06-07,13:00:00,Delivery,1825,Completed
1875,372,28,2026-02-20,13:00:00,Delivery,1359,Completed
1876,410,4,2026-07-04,13:00:00,Dine-In,1196,Completed
1877,410,18,2026-02-11,13:00:00,Delivery,798,Completed
1878,298,2,2026-04-10,13:00:00,Dine-In,1566,Completed
1879,484,23,2026-04-22,13:00:00,Delivery,1413,Completed
1880,321,16,2026-01-29,13:00:00,Dine-In,1200,Completed
1881,155,21,2026-03-06,13:00:00,Dine-In,1250,Completed
1882,66,2,2026-01-12,13:00:00,Dine-In,1938,Completed
1883,313,15,2026-05-01,13:00:00,Takeaway,1467,Completed
1884,39,12,2026-07-16,13:00:00,Delivery,1506,Completed
1885,275,6,2026-04-07,13:00:00,Takeaway,1048,Completed
1886,443,22,2026-07-17,13:00:00,Takeaway,652,Completed
1887,283,9,2026-04-03,13:00:00,Dine-In,2569,Completed
1888,310,18,2026-06-07,13:00:00,Dine-In,962,Completed
1889,481,23,2026-03-11,13:00:00,Takeaway,1600,Completed
1890,235,19,2026-04-23,13:00:00,Delivery,1887,Completed
1891,258,22,2026-04-13,13:00:00,Takeaway,1908,Completed
1892,487,27,2026-05-12,13:00:00,Dine-In,915,Completed
1893,321,19,2026-05-11,13:00:00,Dine-In,2831,Completed
1894,271,27,2026-07-24,13:00:00,Dine-In,925,Completed
1895,22,10,2026-03-31,13:00:00,Takeaway,403,Completed
1896,184,14,2026-01-02,13:00:00,Dine-In,2932,Completed
1897,263,21,2026-05-29,13:00:00,Takeaway,3696,Completed
1898,374,14,2026-05-21,13:00:00,Takeaway,703,Completed
1899,308,23,2026-01-15,13:00:00,Takeaway,659,Completed
1900,383,16,2026-06-24,13:00:00,Takeaway,1214,Completed
1901,477,18,2026-07-02,13:00:00,Delivery,1776,Completed
1902,218,20,2026-05-05,13:00:00,Takeaway,1505,Completed
1903,177,22,2026-07-07,13:00:00,Dine-In,2019,Completed
1904,99,6,2026-07-02,13:00:00,Takeaway,2385,Completed
1905,442,12,2026-06-03,13:00:00,Dine-In,2536,Completed
1906,436,16,2026-03-08,13:00:00,Delivery,3096,Completed
1907,62,3,2026-05-12,13:00:00,Delivery,1334,Completed
1908,352,26,2026-04-07,13:00:00,Delivery,3703,Completed
1909,28,21,2026-01-30,13:00:00,Dine-In,2197,Completed
1910,414,12,2026-06-13,13:00:00,Dine-In,3199,Completed
1911,396,27,2026-03-07,13:00:00,Dine-In,1520,Completed
1912,30,6,2026-05-26,13:00:00,Takeaway,1158,Completed
1913,336,16,2026-05-11,13:00:00,Delivery,1306,Completed
1914,372,28,2026-03-05,13:00:00,Dine-In,1875,Completed
1915,316,5,2026-05-23,13:00:00,Dine-In,1132,Completed
1916,183,27,2026-04-13,13:00:00,Takeaway,2362,Completed
1917,170,5,2026-06-01,13:00:00,Dine-In,499,Completed
1918,341,25,2026-02-01,13:00:00,Takeaway,2938,Completed
1919,190,21,2026-03-06,13:00:00,Dine-In,1890,Completed
1920,266,29,2026-07-18,13:00:00,Takeaway,1348,Completed
1921,239,19,2026-03-30,13:00:00,Dine-In,2947,Completed
1922,373,30,2026-07-02,13:00:00,Delivery,2287,Completed
1923,157,27,2026-04-28,13:00:00,Delivery,1292,Completed
1924,376,10,2026-07-25,13:00:00,Dine-In,2142,Completed
1925,290,23,2026-03-19,13:00:00,Dine-In,783,Completed
1926,456,28,2026-07-17,13:00:00,Takeaway,2493,Completed
1927,234,14,2026-01-09,13:00:00,Dine-In,3245,Completed
1928,158,20,2026-01-09,13:00:00,Takeaway,1624,Completed
1929,234,16,2026-02-12,13:00:00,Takeaway,1196,Completed
1930,94,29,2026-02-11,13:00:00,Dine-In,2180,Completed
1931,387,18,2026-02-04,13:00:00,Delivery,654,Completed
1932,129,6,2026-03-08,13:00:00,Delivery,1206,Completed
1933,155,10,2026-03-21,13:00:00,Dine-In,602,Completed
1934,360,26,2026-07-03,13:00:00,Takeaway,2248,Completed
1935,413,24,2026-02-11,13:00:00,Delivery,1016,Completed
1936,310,30,2026-01-04,13:00:00,Delivery,2069,Completed
1937,257,1,2026-06-06,13:00:00,Takeaway,1223,Completed
1938,282,14,2026-01-23,13:00:00,Delivery,1701,Completed
1939,43,4,2026-02-23,13:00:00,Takeaway,1508,Completed
1940,14,24,2026-02-15,13:00:00,Takeaway,3019,Completed
1941,434,27,2026-07-11,13:00:00,Takeaway,2589,Completed
1942,486,25,2026-02-28,13:00:00,Takeaway,254,Completed
1943,47,9,2026-02-11,13:00:00,Takeaway,1457,Completed
1944,191,2,2026-06-03,13:00:00,Takeaway,1007,Completed
1945,222,11,2026-03-07,13:00:00,Takeaway,1005,Completed
1946,85,22,2026-03-14,13:00:00,Takeaway,794,Completed
1947,401,30,2026-04-28,13:00:00,Dine-In,2367,Completed
1948,51,14,2026-02-03,13:00:00,Dine-In,969,Completed
1949,105,30,2026-03-04,13:00:00,Delivery,1130,Completed
1950,312,14,2026-06-29,13:00:00,Takeaway,1153,Completed
1951,370,3,2026-05-22,13:00:00,Dine-In,2039,Completed
1952,109,23,2026-07-09,13:00:00,Takeaway,948,Completed
1953,18,2,2026-02-19,13:00:00,Delivery,2259,Completed
1954,156,28,2026-07-18,13:00:00,Delivery,1318,Completed
1955,494,25,2026-03-16,13:00:00,Dine-In,1531,Completed
1956,260,20,2026-05-25,13:00:00,Takeaway,1383,Completed
1957,284,13,2026-02-12,13:00:00,Dine-In,1717,Completed
1958,390,17,2026-02-02,13:00:00,Dine-In,2294,Completed
1959,180,23,2026-04-14,13:00:00,Dine-In,1148,Completed
1960,96,7,2026-07-07,13:00:00,Delivery,1157,Completed
1961,361,25,2026-03-08,13:00:00,Dine-In,1689,Completed
1962,25,26,2026-06-20,13:00:00,Dine-In,1380,Completed
1963,151,25,2026-04-09,13:00:00,Dine-In,2208,Completed
1964,380,29,2026-02-22,13:00:00,Delivery,1740,Completed
1965,400,9,2026-04-28,13:00:00,Delivery,604,Completed
1966,233,8,2026-06-29,13:00:00,Takeaway,1326,Completed
1967,87,19,2026-04-26,13:00:00,Delivery,2811,Completed
1968,145,18,2026-03-18,13:00:00,Dine-In,2393,Completed
1969,233,20,2026-03-16,13:00:00,Dine-In,2004,Completed
1970,477,24,2026-07-21,13:00:00,Dine-In,1428,Completed
1971,327,9,2026-07-05,13:00:00,Delivery,2242,Completed
1972,321,9,2026-07-16,13:00:00,Dine-In,1972,Completed
1973,148,22,2026-03-26,13:00:00,Dine-In,1741,Completed
1974,216,18,2026-02-14,13:00:00,Delivery,952,Completed
1975,169,15,2026-04-26,13:00:00,Delivery,778,Completed
1976,416,24,2026-03-28,13:00:00,Dine-In,3121,Completed
1977,99,23,2026-06-29,13:00:00,Dine-In,1057,Completed
1978,467,21,2026-01-10,13:00:00,Takeaway,1859,Completed
1979,353,4,2026-06-04,13:00:00,Dine-In,2012,Completed
1980,330,10,2026-05-01,13:00:00,Delivery,632,Completed
1981,15,21,2026-05-18,13:00:00,Dine-In,966,Completed
1982,316,4,2026-05-08,13:00:00,Dine-In,1437,Completed
1983,192,28,2026-03-04,13:00:00,Dine-In,2625,Completed
1984,366,4,2026-07-02,13:00:00,Delivery,1586,Completed
1985,43,20,2026-07-29,13:00:00,Dine-In,2706,Completed
1986,363,10,2026-07-26,13:00:00,Delivery,607,Completed
1987,244,20,2026-04-20,13:00:00,Takeaway,818,Completed
1988,39,29,2026-04-06,13:00:00,Dine-In,1352,Completed
1989,187,17,2026-07-11,13:00:00,Dine-In,755,Completed
1990,355,18,2026-07-05,13:00:00,Takeaway,2565,Completed
1991,314,29,2026-03-26,13:00:00,Dine-In,2414,Completed
1992,447,8,2026-02-28,13:00:00,Delivery,894,Completed
1993,22,3,2026-04-08,13:00:00,Delivery,1330,Completed
1994,115,19,2026-06-27,13:00:00,Dine-In,1905,Completed
1995,391,28,2026-01-29,13:00:00,Dine-In,2286,Completed
1996,95,20,2026-03-18,13:00:00,Delivery,1711,Completed
1997,401,24,2026-05-13,13:00:00,Dine-In,2644,Completed
1998,287,2,2026-07-12,13:00:00,Dine-In,2625,Completed
1999,321,30,2026-06-29,13:00:00,Takeaway,820,Completed
2000,234,28,2026-03-26,13:00:00,Delivery,1292,Completed
2001,488,24,2026-02-04,13:00:00,Delivery,1362,Completed
2002,329,17,2026-06-06,13:00:00,Takeaway,1445,Completed
2003,446,26,2026-04-06,13:00:00,Takeaway,2711,Completed
2004,474,27,2026-06-25,13:00:00,Takeaway,1956,Completed
2005,197,27,2026-07-21,13:00:00,Takeaway,1988,Completed
2006,142,22,2026-06-04,13:00:00,Dine-In,1122,Completed
2007,484,11,2026-02-24,13:00:00,Dine-In,1148,Completed
2008,102,27,2026-03-27,13:00:00,Dine-In,2721,Completed
2009,420,9,2026-01-21,13:00:00,Dine-In,689,Completed
2010,446,19,2026-01-10,13:00:00,Takeaway,1033,Completed
2011,333,20,2026-06-05,13:00:00,Takeaway,1268,Completed
2012,51,18,2026-06-08,13:00:00,Takeaway,1536,Completed
2013,9,17,2026-06-22,13:00:00,Dine-In,2298,Completed
2014,42,3,2026-02-18,13:00:00,Dine-In,1001,Completed
2015,169,26,2026-07-26,13:00:00,Takeaway,670,Completed
2016,407,29,2026-05-18,13:00:00,Delivery,3014,Completed
2017,323,8,2026-07-26,13:00:00,Delivery,1574,Completed
2018,303,3,2026-03-24,13:00:00,Takeaway,1806,Completed
2019,169,25,2026-06-06,13:00:00,Takeaway,2710,Completed
2020,477,10,2026-04-13,13:00:00,Dine-In,995,Completed
2021,228,16,2026-03-12,13:00:00,Takeaway,2547,Completed
2022,219,13,2026-05-19,13:00:00,Dine-In,1149,Completed
2023,357,1,2026-06-05,13:00:00,Delivery,1659,Completed
2024,297,5,2026-03-23,13:00:00,Dine-In,1361,Completed
2025,309,13,2026-01-14,13:00:00,Delivery,1948,Completed
2026,106,15,2026-04-03,13:00:00,Takeaway,2348,Completed
2027,358,26,2026-01-20,13:00:00,Takeaway,2120,Completed
2028,81,28,2026-06-14,13:00:00,Dine-In,1890,Completed
2029,174,15,2026-07-27,13:00:00,Takeaway,1704,Completed
2030,42,28,2026-04-13,13:00:00,Dine-In,471,Completed
2031,177,3,2026-03-12,13:00:00,Dine-In,1437,Completed
2032,97,20,2026-06-20,13:00:00,Takeaway,1761,Completed
2033,227,16,2026-03-15,13:00:00,Delivery,906,Completed
2034,406,27,2026-01-02,13:00:00,Dine-In,2460,Completed
2035,209,9,2026-02-13,13:00:00,Dine-In,1926,Completed
2036,484,4,2026-02-10,13:00:00,Dine-In,1325,Completed
2037,323,10,2026-03-29,13:00:00,Delivery,1366,Completed
2038,307,1,2026-06-16,13:00:00,Takeaway,984,Completed
2039,158,3,2026-04-09,13:00:00,Delivery,738,Completed
2040,441,15,2026-05-13,13:00:00,Takeaway,904,Completed
2041,496,3,2026-05-15,13:00:00,Dine-In,2937,Completed
2042,35,14,2026-06-29,13:00:00,Dine-In,2189,Completed
2043,411,2,2026-02-14,13:00:00,Delivery,2598,Completed
2044,484,9,2026-05-05,13:00:00,Delivery,700,Completed
2045,65,13,2026-04-05,13:00:00,Takeaway,1723,Completed
2046,447,25,2026-05-03,13:00:00,Delivery,2706,Completed
2047,288,22,2026-02-27,13:00:00,Delivery,1342,Completed
2048,314,29,2026-02-14,13:00:00,Takeaway,2278,Completed
2049,104,18,2026-01-29,13:00:00,Takeaway,1832,Completed
2050,474,7,2026-05-22,13:00:00,Delivery,801,Completed
2051,277,22,2026-07-28,13:00:00,Dine-In,2689,Completed
2052,160,4,2026-06-22,13:00:00,Takeaway,1100,Completed
2053,486,26,2026-06-24,13:00:00,Dine-In,1676,Completed
2054,381,27,2026-02-17,13:00:00,Dine-In,964,Completed
2055,302,6,2026-07-03,13:00:00,Takeaway,545,Completed
2056,27,26,2026-03-29,13:00:00,Delivery,1048,Completed
2057,358,9,2026-02-03,13:00:00,Delivery,1068,Completed
2058,453,11,2026-04-26,13:00:00,Dine-In,1625,Completed
2059,141,5,2026-01-22,13:00:00,Takeaway,1713,Completed
2060,462,30,2026-06-11,13:00:00,Dine-In,707,Completed
2061,51,3,2026-03-31,13:00:00,Takeaway,2730,Completed
2062,356,29,2026-03-30,13:00:00,Takeaway,1326,Completed
2063,484,27,2026-01-30,13:00:00,Dine-In,2389,Completed
2064,381,4,2026-03-15,13:00:00,Delivery,1468,Completed
2065,202,2,2026-03-17,13:00:00,Takeaway,1155,Completed
2066,394,16,2026-07-16,13:00:00,Dine-In,1654,Completed
2067,297,24,2026-01-27,13:00:00,Delivery,764,Completed
2068,349,24,2026-05-06,13:00:00,Delivery,1420,Completed
2069,149,14,2026-06-25,13:00:00,Dine-In,2094,Completed
2070,168,10,2026-01-04,13:00:00,Takeaway,1552,Completed
2071,255,5,2026-06-07,13:00:00,Dine-In,750,Completed
2072,497,24,2026-05-12,13:00:00,Dine-In,1401,Completed
2073,242,28,2026-02-13,13:00:00,Takeaway,1739,Completed
2074,415,30,2026-07-03,13:00:00,Delivery,2331,Completed
2075,8,16,2026-01-27,13:00:00,Takeaway,1191,Completed
2076,411,2,2026-04-11,13:00:00,Dine-In,2142,Completed
2077,100,19,2026-06-13,13:00:00,Takeaway,2224,Completed
2078,181,18,2026-07-23,13:00:00,Delivery,2832,Completed
2079,300,29,2026-03-01,13:00:00,Dine-In,1216,Completed
2080,221,6,2026-01-03,13:00:00,Dine-In,1525,Completed
2081,481,3,2026-03-30,13:00:00,Takeaway,2039,Completed
2082,298,14,2026-01-10,13:00:00,Delivery,1926,Completed
2083,301,6,2026-01-17,13:00:00,Dine-In,1509,Completed
2084,162,17,2026-06-26,13:00:00,Takeaway,1519,Completed
2085,312,28,2026-05-20,13:00:00,Delivery,1029,Completed
2086,422,27,2026-06-06,13:00:00,Delivery,1684,Completed
2087,482,1,2026-03-26,13:00:00,Takeaway,1014,Completed
2088,488,7,2026-05-16,13:00:00,Dine-In,1665,Completed
2089,63,23,2026-05-17,13:00:00,Delivery,1545,Completed
2090,89,6,2026-05-08,13:00:00,Dine-In,626,Completed
2091,14,14,2026-03-24,13:00:00,Delivery,1090,Completed
2092,496,24,2026-02-10,13:00:00,Dine-In,1055,Completed
2093,408,12,2026-04-21,13:00:00,Takeaway,2100,Completed
2094,290,15,2026-06-30,13:00:00,Takeaway,1375,Completed
2095,162,5,2026-04-17,13:00:00,Delivery,1460,Completed
2096,141,22,2026-05-15,13:00:00,Delivery,850,Completed
2097,301,22,2026-02-05,13:00:00,Dine-In,1345,Completed
2098,125,29,2026-01-26,13:00:00,Delivery,2679,Completed
2099,197,23,2026-01-22,13:00:00,Takeaway,1962,Completed
2100,301,15,2026-07-04,13:00:00,Dine-In,1315,Completed
2101,272,21,2026-04-21,13:00:00,Dine-In,486,Completed
2102,92,19,2026-05-05,13:00:00,Dine-In,2090,Completed
2103,34,3,2026-07-11,13:00:00,Delivery,2744,Completed
2104,176,14,2026-01-01,13:00:00,Dine-In,1316,Completed
2105,118,29,2026-07-01,13:00:00,Dine-In,1159,Completed
2106,376,6,2026-03-17,13:00:00,Delivery,841,Completed
2107,194,16,2026-07-02,13:00:00,Takeaway,1166,Completed
2108,432,20,2026-01-11,13:00:00,Delivery,754,Completed
2109,389,15,2026-07-01,13:00:00,Delivery,2590,Completed
2110,29,4,2026-04-10,13:00:00,Takeaway,2308,Completed
2111,94,21,2026-06-30,13:00:00,Delivery,1215,Completed
2112,212,10,2026-03-21,13:00:00,Takeaway,840,Completed
2113,13,23,2026-01-19,13:00:00,Delivery,654,Completed
2114,190,27,2026-02-11,13:00:00,Delivery,632,Completed
2115,256,3,2026-05-03,13:00:00,Takeaway,899,Completed
2116,158,22,2026-05-02,13:00:00,Dine-In,969,Completed
2117,158,7,2026-01-10,13:00:00,Dine-In,1429,Completed
2118,449,23,2026-03-16,13:00:00,Takeaway,1763,Completed
2119,491,24,2026-02-07,13:00:00,Dine-In,1047,Completed
2120,97,27,2026-07-25,13:00:00,Dine-In,1906,Completed
2121,465,14,2026-03-02,13:00:00,Dine-In,1962,Completed
2122,424,12,2026-03-01,13:00:00,Takeaway,1196,Completed
2123,84,20,2026-02-12,13:00:00,Takeaway,1160,Completed
2124,131,16,2026-05-21,13:00:00,Takeaway,716,Completed
2125,207,11,2026-03-20,13:00:00,Dine-In,1810,Completed
2126,314,22,2026-01-08,13:00:00,Delivery,1772,Completed
2127,168,9,2026-03-19,13:00:00,Takeaway,2172,Completed
2128,99,3,2026-07-23,13:00:00,Delivery,1881,Completed
2129,154,1,2026-04-15,13:00:00,Dine-In,2027,Completed
2130,263,4,2026-06-28,13:00:00,Takeaway,1204,Completed
2131,79,15,2026-03-03,13:00:00,Delivery,856,Completed
2132,402,6,2026-06-01,13:00:00,Dine-In,1926,Completed
2133,346,17,2026-04-15,13:00:00,Takeaway,588,Completed
2134,299,4,2026-03-13,13:00:00,Dine-In,2801,Completed
2135,265,29,2026-06-11,13:00:00,Delivery,2406,Completed
2136,217,29,2026-07-07,13:00:00,Dine-In,1126,Completed
2137,377,7,2026-05-28,13:00:00,Dine-In,1257,Completed
2138,180,18,2026-02-24,13:00:00,Dine-In,958,Completed
2139,423,11,2026-01-16,13:00:00,Delivery,738,Completed
2140,149,23,2026-03-27,13:00:00,Dine-In,819,Completed
2141,39,11,2026-01-08,13:00:00,Dine-In,1264,Completed
2142,278,17,2026-07-05,13:00:00,Delivery,1548,Completed
2143,19,16,2026-05-26,13:00:00,Takeaway,1469,Completed
2144,397,25,2026-05-06,13:00:00,Takeaway,703,Completed
2145,188,30,2026-07-07,13:00:00,Takeaway,755,Completed
2146,244,8,2026-01-08,13:00:00,Delivery,534,Completed
2147,68,6,2026-04-01,13:00:00,Delivery,864,Completed
2148,336,5,2026-07-15,13:00:00,Delivery,861,Completed
2149,71,12,2026-05-18,13:00:00,Delivery,1618,Completed
2150,383,1,2026-07-12,13:00:00,Dine-In,1000,Completed
2151,334,18,2026-06-14,13:00:00,Dine-In,1326,Completed
2152,244,4,2026-04-06,13:00:00,Takeaway,960,Completed
2153,352,3,2026-05-19,13:00:00,Dine-In,1208,Completed
2154,261,30,2026-02-05,13:00:00,Delivery,1556,Completed
2155,373,1,2026-02-07,13:00:00,Dine-In,1797,Completed
2156,107,3,2026-01-21,13:00:00,Dine-In,2288,Completed
2157,111,9,2026-06-07,13:00:00,Delivery,526,Completed
2158,406,6,2026-07-16,13:00:00,Dine-In,1564,Completed
2159,237,29,2026-01-08,13:00:00,Delivery,1561,Completed
2160,141,16,2026-03-17,13:00:00,Takeaway,2621,Completed
2161,145,7,2026-03-18,13:00:00,Takeaway,1564,Completed
2162,155,7,2026-06-24,13:00:00,Takeaway,1662,Completed
2163,52,22,2026-05-27,13:00:00,Dine-In,1894,Completed
2164,471,7,2026-01-22,13:00:00,Dine-In,1289,Completed
2165,324,2,2026-04-06,13:00:00,Dine-In,802,Completed
2166,313,5,2026-05-29,13:00:00,Takeaway,1507,Completed
2167,301,9,2026-01-26,13:00:00,Dine-In,695,Completed
2168,293,24,2026-03-09,13:00:00,Dine-In,2592,Completed
2169,278,15,2026-05-15,13:00:00,Takeaway,2250,Completed
2170,472,16,2026-07-21,13:00:00,Delivery,2655,Completed
2171,151,18,2026-06-25,13:00:00,Delivery,930,Completed
2172,266,6,2026-06-18,13:00:00,Takeaway,1308,Completed
2173,377,6,2026-03-26,13:00:00,Dine-In,739,Completed
2174,441,30,2026-02-18,13:00:00,Dine-In,851,Completed
2175,244,23,2026-01-05,13:00:00,Delivery,1803,Completed
2176,103,11,2026-03-24,13:00:00,Dine-In,1954,Completed
2177,224,13,2026-04-05,13:00:00,Dine-In,611,Completed
2178,438,27,2026-06-12,13:00:00,Dine-In,2503,Completed
2179,172,10,2026-04-24,13:00:00,Dine-In,1898,Completed
2180,344,3,2026-05-05,13:00:00,Takeaway,1339,Completed
2181,333,8,2026-01-10,13:00:00,Dine-In,1123,Completed
2182,455,11,2026-05-15,13:00:00,Dine-In,1602,Completed
2183,222,4,2026-02-16,13:00:00,Dine-In,1596,Completed
2184,209,23,2026-02-22,13:00:00,Takeaway,1676,Completed
2185,494,23,2026-07-07,13:00:00,Delivery,1023,Completed
2186,145,16,2026-07-14,13:00:00,Dine-In,1544,Completed
2187,188,2,2026-01-26,13:00:00,Delivery,400,Completed
2188,423,16,2026-06-30,13:00:00,Delivery,2037,Completed
2189,429,14,2026-01-15,13:00:00,Delivery,1392,Completed
2190,368,22,2026-05-09,13:00:00,Takeaway,1848,Completed
2191,403,21,2026-05-18,13:00:00,Delivery,603,Completed
2192,447,24,2026-02-16,13:00:00,Dine-In,646,Completed
2193,49,28,2026-01-05,13:00:00,Delivery,1428,Completed
2194,160,17,2026-02-07,13:00:00,Takeaway,1966,Completed
2195,44,13,2026-05-16,13:00:00,Delivery,2197,Completed
2196,471,5,2026-01-21,13:00:00,Dine-In,1542,Completed
2197,76,12,2026-01-04,13:00:00,Delivery,1612,Completed
2198,41,10,2026-03-08,13:00:00,Dine-In,2110,Completed
2199,473,28,2026-06-12,13:00:00,Delivery,3644,Completed
2200,496,12,2026-06-04,13:00:00,Takeaway,732,Completed
2201,460,25,2026-06-13,13:00:00,Takeaway,1652,Completed
2202,480,25,2026-01-11,13:00:00,Delivery,673,Completed
2203,150,28,2026-03-15,13:00:00,Delivery,1165,Completed
2204,399,9,2026-05-26,13:00:00,Dine-In,1736,Completed
2205,47,24,2026-05-09,13:00:00,Takeaway,1566,Completed
2206,165,17,2026-06-03,13:00:00,Dine-In,1236,Completed
2207,225,20,2026-04-06,13:00:00,Takeaway,1743,Completed
2208,115,11,2026-05-30,13:00:00,Dine-In,397,Completed
2209,226,21,2026-04-30,13:00:00,Delivery,1028,Completed
2210,305,22,2026-01-24,13:00:00,Delivery,1832,Completed
2211,33,24,2026-07-10,13:00:00,Delivery,2031,Completed
2212,12,26,2026-02-24,13:00:00,Delivery,1056,Completed
2213,78,3,2026-02-25,13:00:00,Delivery,1563,Completed
2214,349,21,2026-02-06,13:00:00,Dine-In,1026,Completed
2215,393,23,2026-06-22,13:00:00,Delivery,1465,Completed
2216,199,13,2026-04-17,13:00:00,Dine-In,1507,Completed
2217,110,26,2026-05-15,13:00:00,Dine-In,1571,Completed
2218,492,27,2026-03-17,13:00:00,Takeaway,1946,Completed
2219,150,17,2026-03-14,13:00:00,Dine-In,2191,Completed
2220,440,26,2026-01-02,13:00:00,Takeaway,1274,Completed
2221,56,17,2026-05-01,13:00:00,Takeaway,2257,Completed
2222,334,16,2026-07-20,13:00:00,Delivery,1642,Completed
2223,444,12,2026-01-15,13:00:00,Dine-In,875,Completed
2224,114,3,2026-06-09,13:00:00,Dine-In,1272,Completed
2225,411,18,2026-07-04,13:00:00,Takeaway,3598,Completed
2226,186,9,2026-07-21,13:00:00,Delivery,2580,Completed
2227,45,16,2026-07-11,13:00:00,Dine-In,3249,Completed
2228,190,25,2026-07-16,13:00:00,Takeaway,945,Completed
2229,233,20,2026-02-14,13:00:00,Takeaway,807,Completed
2230,151,7,2026-07-19,13:00:00,Dine-In,2067,Completed
2231,95,11,2026-01-05,13:00:00,Delivery,1312,Completed
2232,166,27,2026-07-10,13:00:00,Delivery,1029,Completed
2233,172,13,2026-03-29,13:00:00,Delivery,1554,Completed
2234,87,10,2026-03-04,13:00:00,Dine-In,1916,Completed
2235,38,21,2026-05-07,13:00:00,Delivery,1223,Completed
2236,390,13,2026-05-01,13:00:00,Takeaway,2291,Completed
2237,477,5,2026-07-28,13:00:00,Delivery,2296,Completed
2238,9,26,2026-02-15,13:00:00,Takeaway,1849,Completed
2239,494,4,2026-05-16,13:00:00,Delivery,1377,Completed
2240,485,21,2026-06-25,13:00:00,Dine-In,637,Completed
2241,72,6,2026-01-30,13:00:00,Delivery,2528,Completed
2242,356,19,2026-06-12,13:00:00,Takeaway,1100,Completed
2243,315,23,2026-04-06,13:00:00,Dine-In,1266,Completed
2244,115,15,2026-07-06,13:00:00,Delivery,2436,Completed
2245,434,15,2026-04-18,13:00:00,Delivery,2349,Completed
2246,328,1,2026-03-23,13:00:00,Dine-In,977,Completed
2247,232,22,2026-03-18,13:00:00,Takeaway,1174,Completed
2248,358,6,2026-01-03,13:00:00,Delivery,2136,Completed
2249,395,5,2026-07-06,13:00:00,Dine-In,570,Completed
2250,371,19,2026-04-29,13:00:00,Dine-In,1045,Completed
2251,62,23,2026-04-13,13:00:00,Dine-In,2129,Completed
2252,33,25,2026-03-13,13:00:00,Takeaway,591,Completed
2253,406,8,2026-06-17,13:00:00,Delivery,2090,Completed
2254,453,5,2026-01-06,13:00:00,Delivery,859,Completed
2255,486,26,2026-04-24,13:00:00,Delivery,1493,Completed
2256,313,30,2026-05-10,13:00:00,Takeaway,1168,Completed
2257,301,12,2026-07-04,13:00:00,Delivery,2295,Completed
2258,234,25,2026-01-25,13:00:00,Takeaway,911,Completed
2259,364,25,2026-03-05,13:00:00,Delivery,601,Completed
2260,37,20,2026-04-14,13:00:00,Delivery,1703,Completed
2261,378,17,2026-06-20,13:00:00,Dine-In,1743,Completed
2262,86,14,2026-05-04,13:00:00,Dine-In,1911,Completed
2263,399,7,2026-01-24,13:00:00,Takeaway,1895,Completed
2264,8,13,2026-04-08,13:00:00,Takeaway,1311,Completed
2265,112,27,2026-01-09,13:00:00,Dine-In,1866,Completed
2266,216,10,2026-06-20,13:00:00,Takeaway,1997,Completed
2267,195,7,2026-01-11,13:00:00,Delivery,985,Completed
2268,308,1,2026-03-10,13:00:00,Delivery,1766,Completed
2269,286,7,2026-04-30,13:00:00,Dine-In,690,Completed
2270,161,5,2026-06-18,13:00:00,Takeaway,1318,Completed
2271,58,29,2026-05-31,13:00:00,Dine-In,1096,Completed
2272,103,16,2026-03-02,13:00:00,Delivery,1101,Completed
2273,495,8,2026-01-25,13:00:00,Dine-In,2064,Completed
2274,165,24,2026-07-07,13:00:00,Takeaway,1290,Completed
2275,167,15,2026-07-07,13:00:00,Delivery,1608,Completed
2276,220,8,2026-06-30,13:00:00,Dine-In,1528,Completed
2277,11,17,2026-04-09,13:00:00,Takeaway,2459,Completed
2278,476,13,2026-03-19,13:00:00,Delivery,2383,Completed
2279,262,16,2026-07-19,13:00:00,Takeaway,2184,Completed
2280,317,7,2026-07-12,13:00:00,Takeaway,1164,Completed
2281,220,15,2026-02-18,13:00:00,Takeaway,1602,Completed
2282,355,8,2026-03-08,13:00:00,Delivery,859,Completed
2283,193,20,2026-06-19,13:00:00,Takeaway,2379,Completed
2284,50,11,2026-01-30,13:00:00,Delivery,512,Completed
2285,422,23,2026-05-11,13:00:00,Dine-In,2001,Completed
2286,65,16,2026-06-23,13:00:00,Takeaway,2761,Completed
2287,210,21,2026-04-14,13:00:00,Takeaway,1440,Completed
2288,77,29,2026-03-23,13:00:00,Delivery,1134,Completed
2289,379,27,2026-07-06,13:00:00,Delivery,3852,Completed
2290,287,22,2026-03-30,13:00:00,Dine-In,1758,Completed
2291,147,8,2026-01-01,13:00:00,Takeaway,770,Completed
2292,273,6,2026-01-11,13:00:00,Delivery,1225,Completed
2293,119,15,2026-01-24,13:00:00,Dine-In,1869,Completed
2294,13,1,2026-05-24,13:00:00,Takeaway,549,Completed
2295,177,14,2026-03-18,13:00:00,Delivery,1605,Completed
2296,83,4,2026-01-15,13:00:00,Dine-In,2494,Completed
2297,122,2,2026-06-23,13:00:00,Delivery,1311,Completed
2298,69,20,2026-05-27,13:00:00,Takeaway,1301,Completed
2299,339,6,2026-07-16,13:00:00,Takeaway,925,Completed
2300,210,21,2026-04-02,13:00:00,Delivery,2562,Completed
2301,70,1,2026-03-15,13:00:00,Takeaway,1808,Completed
2302,10,13,2026-04-13,13:00:00,Delivery,385,Completed
2303,100,28,2026-05-05,13:00:00,Takeaway,1376,Completed
2304,232,7,2026-01-25,13:00:00,Takeaway,2046,Completed
2305,63,1,2026-06-22,13:00:00,Delivery,1526,Completed
2306,383,22,2026-03-05,13:00:00,Dine-In,1517,Completed
2307,98,25,2026-02-10,13:00:00,Dine-In,2190,Completed
2308,3,25,2026-06-22,13:00:00,Takeaway,2165,Completed
2309,148,22,2026-04-09,13:00:00,Dine-In,1361,Completed
2310,172,22,2026-05-13,13:00:00,Dine-In,1103,Completed
2311,297,4,2026-07-02,13:00:00,Delivery,1665,Completed
2312,293,17,2026-06-12,13:00:00,Delivery,1221,Completed
2313,363,24,2026-01-19,13:00:00,Delivery,938,Completed
2314,298,16,2026-04-07,13:00:00,Takeaway,1677,Completed
2315,86,4,2026-03-10,13:00:00,Takeaway,2089,Completed
2316,294,24,2026-05-30,13:00:00,Dine-In,1335,Completed
2317,269,9,2026-04-28,13:00:00,Dine-In,1317,Completed
2318,377,13,2026-03-08,13:00:00,Dine-In,1997,Completed
2319,215,1,2026-01-25,13:00:00,Takeaway,834,Completed
2320,242,11,2026-05-12,13:00:00,Delivery,2132,Completed
2321,39,9,2026-03-20,13:00:00,Delivery,684,Completed
2322,266,16,2026-04-10,13:00:00,Dine-In,2381,Completed
2323,46,11,2026-07-01,13:00:00,Dine-In,1325,Completed
2324,293,14,2026-02-02,13:00:00,Delivery,1982,Completed
2325,471,22,2026-06-30,13:00:00,Dine-In,1032,Completed
2326,458,27,2026-07-19,13:00:00,Delivery,1618,Completed
2327,22,27,2026-06-20,13:00:00,Takeaway,2308,Completed
2328,147,10,2026-06-23,13:00:00,Dine-In,2460,Completed
2329,136,27,2026-04-21,13:00:00,Delivery,2154,Completed
2330,231,28,2026-07-11,13:00:00,Takeaway,927,Completed
2331,171,10,2026-06-18,13:00:00,Dine-In,2840,Completed
2332,412,23,2026-01-30,13:00:00,Takeaway,1205,Completed
2333,381,20,2026-06-03,13:00:00,Takeaway,1919,Completed
2334,433,1,2026-04-19,13:00:00,Dine-In,2548,Completed
2335,432,20,2026-01-12,13:00:00,Delivery,575,Completed
2336,266,13,2026-04-15,13:00:00,Takeaway,1231,Completed
2337,280,20,2026-02-27,13:00:00,Dine-In,3185,Completed
2338,475,24,2026-07-19,13:00:00,Delivery,1533,Completed
2339,340,1,2026-06-22,13:00:00,Takeaway,1866,Completed
2340,393,18,2026-07-06,13:00:00,Delivery,1530,Completed
2341,162,9,2026-06-12,13:00:00,Dine-In,2445,Completed
2342,187,19,2026-03-11,13:00:00,Takeaway,1193,Completed
2343,128,26,2026-01-12,13:00:00,Dine-In,1341,Completed
2344,430,25,2026-04-26,13:00:00,Dine-In,1021,Completed
2345,225,6,2026-01-21,13:00:00,Delivery,1962,Completed
2346,343,30,2026-06-28,13:00:00,Takeaway,601,Completed
2347,436,25,2026-01-05,13:00:00,Dine-In,1308,Completed
2348,409,27,2026-01-14,13:00:00,Delivery,2035,Completed
2349,304,1,2026-07-02,13:00:00,Dine-In,1233,Completed
2350,467,12,2026-03-11,13:00:00,Dine-In,1869,Completed
2351,187,5,2026-07-11,13:00:00,Takeaway,2322,Completed
2352,60,21,2026-01-12,13:00:00,Dine-In,2760,Completed
2353,133,3,2026-05-26,13:00:00,Delivery,2259,Completed
2354,154,18,2026-06-22,13:00:00,Dine-In,822,Completed
2355,352,2,2026-02-12,13:00:00,Delivery,2068,Completed
2356,27,9,2026-07-15,13:00:00,Dine-In,1550,Completed
2357,249,21,2026-03-19,13:00:00,Takeaway,2660,Completed
2358,88,21,2026-07-30,13:00:00,Delivery,1515,Completed
2359,476,3,2026-04-13,13:00:00,Dine-In,2173,Completed
2360,372,14,2026-05-10,13:00:00,Dine-In,2506,Completed
2361,80,29,2026-01-21,13:00:00,Dine-In,2967,Completed
2362,430,29,2026-04-18,13:00:00,Delivery,912,Completed
2363,75,5,2026-02-21,13:00:00,Takeaway,1333,Completed
2364,278,4,2026-06-08,13:00:00,Delivery,1834,Completed
2365,102,25,2026-05-02,13:00:00,Dine-In,2377,Completed
2366,441,29,2026-03-02,13:00:00,Dine-In,790,Completed
2367,426,1,2026-04-19,13:00:00,Dine-In,2133,Completed
2368,159,19,2026-01-18,13:00:00,Takeaway,1650,Completed
2369,56,29,2026-07-30,13:00:00,Dine-In,2013,Completed
2370,261,16,2026-02-04,13:00:00,Delivery,696,Completed
2371,263,25,2026-06-28,13:00:00,Takeaway,1839,Completed
2372,333,23,2026-04-20,13:00:00,Delivery,2191,Completed
2373,140,11,2026-06-05,13:00:00,Takeaway,2198,Completed
2374,22,9,2026-05-01,13:00:00,Dine-In,2034,Completed
2375,447,15,2026-02-08,13:00:00,Takeaway,1529,Completed
2376,316,8,2026-03-09,13:00:00,Dine-In,1113,Completed
2377,156,23,2026-02-08,13:00:00,Takeaway,1502,Completed
2378,160,14,2026-05-13,13:00:00,Delivery,1301,Completed
2379,338,11,2026-06-18,13:00:00,Delivery,1120,Completed
2380,387,24,2026-07-07,13:00:00,Delivery,680,Completed
2381,3,9,2026-03-22,13:00:00,Dine-In,1814,Completed
2382,310,10,2026-01-27,13:00:00,Takeaway,2557,Completed
2383,41,18,2026-01-31,13:00:00,Dine-In,2886,Completed
2384,194,30,2026-01-23,13:00:00,Delivery,1838,Completed
2385,489,25,2026-02-27,13:00:00,Delivery,1535,Completed
2386,38,18,2026-02-25,13:00:00,Dine-In,1039,Completed
2387,388,17,2026-07-03,13:00:00,Dine-In,2151,Completed
2388,131,16,2026-05-20,13:00:00,Takeaway,1035,Completed
2389,135,18,2026-01-24,13:00:00,Takeaway,1357,Completed
2390,332,9,2026-05-06,13:00:00,Dine-In,647,Completed
2391,492,28,2026-03-06,13:00:00,Takeaway,1440,Completed
2392,423,3,2026-06-28,13:00:00,Takeaway,1456,Completed
2393,465,30,2026-03-08,13:00:00,Dine-In,2807,Completed
2394,412,26,2026-05-30,13:00:00,Dine-In,1061,Completed
2395,428,14,2026-05-20,13:00:00,Delivery,1052,Completed
2396,436,3,2026-03-09,13:00:00,Dine-In,902,Completed
2397,164,8,2026-01-11,13:00:00,Takeaway,864,Completed
2398,316,17,2026-05-03,13:00:00,Dine-In,606,Completed
2399,352,10,2026-06-14,13:00:00,Dine-In,1579,Completed
2400,195,15,2026-02-25,13:00:00,Dine-In,3100,Completed
2401,2,5,2026-07-21,13:00:00,Dine-In,1127,Completed
2402,278,16,2026-07-21,13:00:00,Delivery,1723,Completed
2403,189,27,2026-04-30,13:00:00,Dine-In,1662,Completed
2404,461,20,2026-04-16,13:00:00,Delivery,2317,Completed
2405,191,30,2026-07-29,13:00:00,Dine-In,2866,Completed
2406,485,12,2026-06-20,13:00:00,Delivery,1885,Completed
2407,371,7,2026-05-07,13:00:00,Dine-In,1609,Completed
2408,171,21,2026-02-25,13:00:00,Dine-In,2172,Completed
2409,20,14,2026-03-12,13:00:00,Dine-In,1983,Completed
2410,87,30,2026-04-21,13:00:00,Delivery,2909,Completed
2411,247,22,2026-01-12,13:00:00,Delivery,924,Completed
2412,417,11,2026-07-07,13:00:00,Delivery,634,Completed
2413,351,21,2026-05-29,13:00:00,Delivery,2768,Completed
2414,118,11,2026-01-21,13:00:00,Takeaway,1831,Completed
2415,327,29,2026-01-16,13:00:00,Dine-In,2337,Completed
2416,144,14,2026-01-30,13:00:00,Takeaway,786,Completed
2417,492,14,2026-01-24,13:00:00,Dine-In,805,Completed
2418,281,12,2026-05-24,13:00:00,Delivery,1942,Completed
2419,352,9,2026-02-22,13:00:00,Dine-In,1879,Completed
2420,297,3,2026-02-21,13:00:00,Dine-In,530,Completed
2421,459,18,2026-02-22,13:00:00,Delivery,630,Completed
2422,323,27,2026-05-02,13:00:00,Takeaway,2690,Completed
2423,114,12,2026-07-07,13:00:00,Takeaway,830,Completed
2424,259,9,2026-06-20,13:00:00,Takeaway,1816,Completed
2425,42,22,2026-03-24,13:00:00,Delivery,2417,Completed
2426,181,7,2026-03-31,13:00:00,Dine-In,2217,Completed
2427,233,22,2026-07-20,13:00:00,Takeaway,2688,Completed
2428,457,30,2026-02-08,13:00:00,Takeaway,2028,Completed
2429,64,1,2026-01-05,13:00:00,Delivery,1933,Completed
2430,286,6,2026-01-08,13:00:00,Delivery,1690,Completed
2431,1,2,2026-04-30,13:00:00,Takeaway,1540,Completed
2432,468,19,2026-07-05,13:00:00,Dine-In,1441,Completed
2433,283,7,2026-05-17,13:00:00,Dine-In,574,Completed
2434,469,19,2026-06-03,13:00:00,Takeaway,2588,Completed
2435,116,11,2026-07-19,13:00:00,Delivery,1220,Completed
2436,448,1,2026-03-26,13:00:00,Takeaway,2897,Completed
2437,205,7,2026-06-20,13:00:00,Dine-In,1011,Completed
2438,294,24,2026-07-15,13:00:00,Dine-In,1242,Completed
2439,468,25,2026-04-05,13:00:00,Dine-In,1960,Completed
2440,263,13,2026-06-15,13:00:00,Delivery,805,Completed
2441,353,13,2026-04-04,13:00:00,Takeaway,1492,Completed
2442,495,26,2026-01-11,13:00:00,Delivery,2942,Completed
2443,175,21,2026-02-16,13:00:00,Delivery,1159,Completed
2444,444,5,2026-02-04,13:00:00,Delivery,1607,Completed
2445,337,10,2026-01-15,13:00:00,Delivery,1161,Completed
2446,274,6,2026-04-10,13:00:00,Takeaway,1873,Completed
2447,466,26,2026-03-07,13:00:00,Delivery,1369,Completed
2448,256,8,2026-03-11,13:00:00,Dine-In,1154,Completed
2449,435,6,2026-06-26,13:00:00,Delivery,1388,Completed
2450,247,21,2026-01-23,13:00:00,Takeaway,1168,Completed
2451,486,3,2026-06-13,13:00:00,Dine-In,566,Completed
2452,329,7,2026-07-05,13:00:00,Takeaway,1329,Completed
2453,291,9,2026-02-09,13:00:00,Takeaway,724,Completed
2454,65,17,2026-06-08,13:00:00,Delivery,1512,Completed
2455,110,8,2026-07-26,13:00:00,Dine-In,2815,Completed
2456,252,23,2026-07-13,13:00:00,Delivery,928,Completed
2457,267,8,2026-05-27,13:00:00,Takeaway,1558,Completed
2458,370,17,2026-03-09,13:00:00,Delivery,1118,Completed
2459,454,1,2026-04-27,13:00:00,Takeaway,2194,Completed
2460,61,8,2026-05-11,13:00:00,Dine-In,1478,Completed
2461,66,22,2026-06-27,13:00:00,Delivery,1366,Completed
2462,202,7,2026-04-30,13:00:00,Takeaway,2327,Completed
2463,234,21,2026-03-04,13:00:00,Delivery,2967,Completed
2464,82,2,2026-06-25,13:00:00,Delivery,1606,Completed
2465,135,14,2026-06-05,13:00:00,Takeaway,2193,Completed
2466,51,2,2026-07-16,13:00:00,Takeaway,967,Completed
2467,93,23,2026-01-27,13:00:00,Takeaway,2767,Completed
2468,421,5,2026-06-14,13:00:00,Delivery,1734,Completed
2469,485,19,2026-04-27,13:00:00,Delivery,766,Completed
2470,143,15,2026-06-02,13:00:00,Dine-In,1164,Completed
2471,344,16,2026-06-14,13:00:00,Takeaway,641,Completed
2472,194,2,2026-04-11,13:00:00,Takeaway,1631,Completed
2473,74,19,2026-05-21,13:00:00,Takeaway,1813,Completed
2474,167,23,2026-01-18,13:00:00,Dine-In,2771,Completed
2475,151,26,2026-07-01,13:00:00,Dine-In,1380,Completed
2476,19,4,2026-05-07,13:00:00,Takeaway,848,Completed
2477,9,3,2026-05-05,13:00:00,Delivery,594,Completed
2478,132,23,2026-04-04,13:00:00,Takeaway,1690,Completed
2479,413,3,2026-05-14,13:00:00,Delivery,1337,Completed
2480,343,14,2026-05-11,13:00:00,Takeaway,1302,Completed
2481,372,7,2026-01-07,13:00:00,Dine-In,652,Completed
2482,219,27,2026-03-22,13:00:00,Takeaway,1598,Completed
2483,362,8,2026-07-29,13:00:00,Dine-In,1439,Completed
2484,229,8,2026-05-31,13:00:00,Delivery,1100,Completed
2485,226,30,2026-05-04,13:00:00,Dine-In,2807,Completed
2486,140,10,2026-05-20,13:00:00,Takeaway,1513,Completed
2487,454,2,2026-06-09,13:00:00,Delivery,1105,Completed
2488,471,4,2026-01-19,13:00:00,Dine-In,1862,Completed
2489,214,14,2026-07-22,13:00:00,Takeaway,1257,Completed
2490,232,5,2026-05-22,13:00:00,Delivery,2921,Completed
2491,310,10,2026-06-22,13:00:00,Takeaway,574,Completed
2492,361,5,2026-03-03,13:00:00,Takeaway,782,Completed
2493,43,16,2026-07-18,13:00:00,Takeaway,2112,Completed
2494,408,26,2026-07-24,13:00:00,Delivery,810,Completed
2495,137,3,2026-02-03,13:00:00,Takeaway,1219,Completed
2496,324,22,2026-06-05,13:00:00,Takeaway,1865,Completed
2497,142,16,2026-02-25,13:00:00,Dine-In,506,Completed
2498,14,18,2026-06-18,13:00:00,Takeaway,529,Completed
2499,294,30,2026-01-13,13:00:00,Delivery,381,Completed
2500,300,11,2026-07-30,13:00:00,Dine-In,3234,Completed
2501,354,12,2026-06-27,13:00:00,Delivery,1452,Completed
2502,271,28,2026-03-16,13:00:00,Takeaway,476,Completed
2503,49,19,2026-05-03,13:00:00,Delivery,1807,Completed
2504,162,9,2026-06-12,13:00:00,Dine-In,1920,Completed
2505,109,22,2026-06-08,13:00:00,Takeaway,2231,Completed
2506,10,21,2026-04-04,13:00:00,Delivery,1028,Completed
2507,72,23,2026-05-25,13:00:00,Delivery,1114,Completed
2508,302,8,2026-03-22,13:00:00,Delivery,1756,Completed
2509,423,20,2026-05-09,13:00:00,Takeaway,759,Completed
2510,378,21,2026-03-03,13:00:00,Takeaway,1872,Completed
2511,430,15,2026-03-13,13:00:00,Takeaway,1925,Completed
2512,109,1,2026-07-01,13:00:00,Dine-In,2886,Completed
2513,466,11,2026-04-04,13:00:00,Takeaway,2178,Completed
2514,368,22,2026-01-26,13:00:00,Takeaway,719,Completed
2515,323,13,2026-03-03,13:00:00,Dine-In,1692,Completed
2516,354,29,2026-05-11,13:00:00,Takeaway,1108,Completed
2517,176,14,2026-01-26,13:00:00,Dine-In,1987,Completed
2518,195,6,2026-02-12,13:00:00,Delivery,1201,Completed
2519,79,23,2026-07-15,13:00:00,Dine-In,1029,Completed
2520,270,12,2026-07-12,13:00:00,Takeaway,1977,Completed
2521,188,12,2026-05-07,13:00:00,Delivery,2524,Completed
2522,494,19,2026-06-02,13:00:00,Dine-In,2396,Completed
2523,295,12,2026-02-10,13:00:00,Delivery,966,Completed
2524,124,15,2026-01-05,13:00:00,Takeaway,1158,Completed
2525,51,18,2026-07-10,13:00:00,Dine-In,846,Completed
2526,197,8,2026-06-24,13:00:00,Dine-In,2126,Completed
2527,441,3,2026-06-03,13:00:00,Takeaway,1941,Completed
2528,141,20,2026-05-30,13:00:00,Dine-In,1802,Completed
2529,214,18,2026-02-24,13:00:00,Delivery,1752,Completed
2530,145,28,2026-05-03,13:00:00,Delivery,1329,Completed
2531,46,27,2026-03-24,13:00:00,Dine-In,1577,Completed
2532,33,7,2026-07-22,13:00:00,Takeaway,3000,Completed
2533,410,7,2026-06-05,13:00:00,Dine-In,1480,Completed
2534,6,30,2026-07-11,13:00:00,Dine-In,1338,Completed
2535,478,2,2026-01-13,13:00:00,Delivery,1254,Completed
2536,359,13,2026-07-13,13:00:00,Delivery,2459,Completed
2537,217,26,2026-03-08,13:00:00,Dine-In,1369,Completed
2538,368,20,2026-07-05,13:00:00,Dine-In,2416,Completed
2539,456,21,2026-07-23,13:00:00,Delivery,958,Completed
2540,31,11,2026-05-27,13:00:00,Delivery,2406,Completed
2541,337,26,2026-03-29,13:00:00,Dine-In,1719,Completed
2542,293,30,2026-02-14,13:00:00,Takeaway,921,Completed
2543,356,29,2026-05-18,13:00:00,Delivery,1087,Completed
2544,144,11,2026-07-19,13:00:00,Delivery,926,Completed
2545,413,26,2026-02-09,13:00:00,Dine-In,1754,Completed
2546,268,25,2026-05-07,13:00:00,Dine-In,2217,Completed
2547,448,16,2026-07-13,13:00:00,Takeaway,2284,Completed
2548,373,5,2026-06-17,13:00:00,Takeaway,1294,Completed
2549,118,16,2026-02-04,13:00:00,Takeaway,1234,Completed
2550,96,12,2026-07-17,13:00:00,Dine-In,2640,Completed
2551,43,2,2026-07-12,13:00:00,Takeaway,1293,Completed
2552,448,27,2026-06-22,13:00:00,Dine-In,1450,Completed
2553,497,3,2026-05-16,13:00:00,Dine-In,909,Completed
2554,15,20,2026-07-23,13:00:00,Delivery,2448,Completed
2555,327,7,2026-07-29,13:00:00,Dine-In,1569,Completed
2556,138,6,2026-07-22,13:00:00,Delivery,582,Completed
2557,285,13,2026-01-13,13:00:00,Delivery,1902,Completed
2558,205,30,2026-01-02,13:00:00,Dine-In,1762,Completed
2559,489,17,2026-04-23,13:00:00,Takeaway,1494,Completed
2560,397,21,2026-04-01,13:00:00,Takeaway,1316,Completed
2561,270,2,2026-05-25,13:00:00,Delivery,1396,Completed
2562,485,3,2026-03-28,13:00:00,Delivery,1134,Completed
2563,26,4,2026-06-30,13:00:00,Takeaway,2348,Completed
2564,137,24,2026-07-21,13:00:00,Dine-In,2050,Completed
2565,111,22,2026-01-06,13:00:00,Dine-In,600,Completed
2566,147,5,2026-07-25,13:00:00,Takeaway,1526,Completed
2567,140,2,2026-05-24,13:00:00,Dine-In,2198,Completed
2568,2,27,2026-01-03,13:00:00,Takeaway,2000,Completed
2569,263,14,2026-07-02,13:00:00,Delivery,1879,Completed
2570,60,13,2026-02-24,13:00:00,Dine-In,2280,Completed
2571,137,25,2026-05-02,13:00:00,Delivery,2522,Completed
2572,13,4,2026-07-16,13:00:00,Dine-In,2241,Completed
2573,52,23,2026-03-26,13:00:00,Delivery,917,Completed
2574,441,21,2026-01-21,13:00:00,Delivery,1782,Completed
2575,111,10,2026-05-05,13:00:00,Takeaway,2200,Completed
2576,135,8,2026-06-29,13:00:00,Dine-In,1210,Completed
2577,155,8,2026-02-27,13:00:00,Dine-In,2075,Completed
2578,449,8,2026-07-20,13:00:00,Dine-In,1637,Completed
2579,424,22,2026-01-24,13:00:00,Takeaway,1257,Completed
2580,103,20,2026-02-07,13:00:00,Dine-In,1819,Completed
2581,327,22,2026-02-16,13:00:00,Dine-In,1316,Completed
2582,288,10,2026-01-01,13:00:00,Dine-In,786,Completed
2583,350,22,2026-03-01,13:00:00,Dine-In,2386,Completed
2584,359,11,2026-03-19,13:00:00,Dine-In,2312,Completed
2585,54,28,2026-02-14,13:00:00,Takeaway,1205,Completed
2586,311,7,2026-05-03,13:00:00,Takeaway,1319,Completed
2587,225,9,2026-03-26,13:00:00,Delivery,756,Completed
2588,490,22,2026-04-18,13:00:00,Delivery,987,Completed
2589,453,9,2026-07-21,13:00:00,Takeaway,2503,Completed
2590,187,6,2026-07-15,13:00:00,Delivery,516,Completed
2591,461,13,2026-05-25,13:00:00,Dine-In,1810,Completed
2592,333,18,2026-07-11,13:00:00,Delivery,844,Completed
2593,177,4,2026-01-16,13:00:00,Dine-In,1778,Completed
2594,99,15,2026-01-07,13:00:00,Dine-In,1066,Completed
2595,383,25,2026-06-06,13:00:00,Dine-In,2004,Completed
2596,415,1,2026-05-02,13:00:00,Delivery,895,Completed
2597,38,18,2026-05-02,13:00:00,Delivery,1185,Completed
2598,357,3,2026-06-14,13:00:00,Delivery,2892,Completed
2599,461,19,2026-01-01,13:00:00,Takeaway,705,Completed
2600,208,29,2026-06-28,13:00:00,Takeaway,2062,Completed
2601,383,6,2026-01-12,13:00:00,Delivery,2160,Completed
2602,419,8,2026-06-22,13:00:00,Delivery,853,Completed
2603,294,6,2026-06-19,13:00:00,Delivery,894,Completed
2604,31,21,2026-03-29,13:00:00,Dine-In,2328,Completed
2605,43,11,2026-04-21,13:00:00,Delivery,1484,Completed
2606,296,6,2026-06-04,13:00:00,Takeaway,2913,Completed
2607,356,4,2026-05-23,13:00:00,Delivery,3564,Completed
2608,368,23,2026-05-26,13:00:00,Delivery,2570,Completed
2609,415,26,2026-04-24,13:00:00,Delivery,2329,Completed
2610,391,15,2026-04-27,13:00:00,Takeaway,1897,Completed
2611,84,3,2026-04-17,13:00:00,Takeaway,922,Completed
2612,233,25,2026-02-13,13:00:00,Delivery,1879,Completed
2613,315,5,2026-05-09,13:00:00,Delivery,1198,Completed
2614,422,16,2026-07-02,13:00:00,Dine-In,2104,Completed
2615,493,20,2026-03-04,13:00:00,Delivery,1238,Completed
2616,236,17,2026-07-23,13:00:00,Delivery,1674,Completed
2617,491,20,2026-04-17,13:00:00,Dine-In,1191,Completed
2618,14,14,2026-04-06,13:00:00,Delivery,1155,Completed
2619,74,26,2026-05-30,13:00:00,Takeaway,1356,Completed
2620,150,27,2026-06-29,13:00:00,Delivery,574,Completed
2621,487,26,2026-01-13,13:00:00,Dine-In,367,Completed
2622,455,20,2026-03-16,13:00:00,Dine-In,3534,Completed
2623,222,3,2026-05-12,13:00:00,Dine-In,1328,Completed
2624,6,15,2026-06-30,13:00:00,Takeaway,2509,Completed
2625,329,24,2026-02-09,13:00:00,Dine-In,550,Completed
2626,33,30,2026-04-17,13:00:00,Delivery,2352,Completed
2627,382,16,2026-04-30,13:00:00,Dine-In,1754,Completed
2628,52,24,2026-05-19,13:00:00,Takeaway,620,Completed
2629,241,12,2026-05-28,13:00:00,Takeaway,3387,Completed
2630,345,1,2026-05-25,13:00:00,Delivery,1133,Completed
2631,364,24,2026-03-03,13:00:00,Dine-In,1530,Completed
2632,479,3,2026-01-11,13:00:00,Delivery,1462,Completed
2633,359,16,2026-04-17,13:00:00,Dine-In,698,Completed
2634,431,23,2026-05-12,13:00:00,Takeaway,946,Completed
2635,378,26,2026-01-16,13:00:00,Dine-In,1942,Completed
2636,408,12,2026-03-12,13:00:00,Takeaway,2449,Completed
2637,341,8,2026-05-01,13:00:00,Takeaway,2358,Completed
2638,204,21,2026-03-08,13:00:00,Takeaway,2969,Completed
2639,178,3,2026-01-10,13:00:00,Delivery,2481,Completed
2640,270,22,2026-04-24,13:00:00,Delivery,1677,Completed
2641,250,12,2026-04-22,13:00:00,Delivery,980,Completed
2642,362,9,2026-06-16,13:00:00,Takeaway,1671,Completed
2643,453,19,2026-05-26,13:00:00,Delivery,938,Completed
2644,284,10,2026-05-07,13:00:00,Dine-In,2505,Completed
2645,217,5,2026-02-20,13:00:00,Takeaway,1707,Completed
2646,72,29,2026-03-22,13:00:00,Dine-In,2745,Completed
2647,178,25,2026-01-23,13:00:00,Delivery,2226,Completed
2648,238,3,2026-07-30,13:00:00,Takeaway,1740,Completed
2649,363,30,2026-04-13,13:00:00,Takeaway,753,Completed
2650,333,9,2026-05-23,13:00:00,Delivery,2764,Completed
2651,481,23,2026-06-02,13:00:00,Takeaway,1696,Completed
2652,473,10,2026-06-26,13:00:00,Takeaway,901,Completed
2653,430,18,2026-01-06,13:00:00,Takeaway,2755,Completed
2654,410,23,2026-02-25,13:00:00,Takeaway,2212,Completed
2655,477,7,2026-01-08,13:00:00,Takeaway,1596,Completed
2656,68,1,2026-06-21,13:00:00,Dine-In,1208,Completed
2657,470,3,2026-03-12,13:00:00,Delivery,1496,Completed
2658,348,8,2026-07-06,13:00:00,Takeaway,1011,Completed
2659,161,22,2026-06-07,13:00:00,Dine-In,2219,Completed
2660,183,21,2026-03-11,13:00:00,Takeaway,1551,Completed
2661,172,16,2026-01-11,13:00:00,Takeaway,1387,Completed
2662,110,1,2026-03-01,13:00:00,Delivery,923,Completed
2663,397,3,2026-04-05,13:00:00,Takeaway,2024,Completed
2664,81,8,2026-07-15,13:00:00,Dine-In,2114,Completed
2665,242,25,2026-02-21,13:00:00,Takeaway,1700,Completed
2666,115,30,2026-04-26,13:00:00,Takeaway,2204,Completed
2667,407,25,2026-01-23,13:00:00,Delivery,599,Completed
2668,328,19,2026-06-11,13:00:00,Dine-In,1455,Completed
2669,328,9,2026-04-08,13:00:00,Dine-In,1620,Completed
2670,271,21,2026-04-26,13:00:00,Takeaway,1428,Completed
2671,261,4,2026-04-15,13:00:00,Takeaway,1004,Completed
2672,132,11,2026-03-12,13:00:00,Takeaway,2173,Completed
2673,11,1,2026-04-30,13:00:00,Delivery,1985,Completed
2674,483,19,2026-06-18,13:00:00,Takeaway,1056,Completed
2675,212,28,2026-03-28,13:00:00,Takeaway,1445,Completed
2676,428,2,2026-06-02,13:00:00,Delivery,1812,Completed
2677,402,7,2026-04-25,13:00:00,Takeaway,3004,Completed
2678,441,8,2026-05-29,13:00:00,Takeaway,2175,Completed
2679,392,14,2026-05-30,13:00:00,Takeaway,1581,Completed
2680,441,20,2026-06-05,13:00:00,Delivery,1590,Completed
2681,482,9,2026-07-06,13:00:00,Takeaway,904,Completed
2682,213,2,2026-05-13,13:00:00,Dine-In,1127,Completed
2683,52,18,2026-03-05,13:00:00,Takeaway,1134,Completed
2684,354,24,2026-05-03,13:00:00,Delivery,999,Completed
2685,457,26,2026-01-08,13:00:00,Delivery,1093,Completed
2686,446,23,2026-04-06,13:00:00,Dine-In,1141,Completed
2687,203,20,2026-07-20,13:00:00,Dine-In,1188,Completed
2688,57,2,2026-06-15,13:00:00,Takeaway,2249,Completed
2689,388,28,2026-05-17,13:00:00,Dine-In,957,Completed
2690,87,4,2026-01-20,13:00:00,Delivery,2664,Completed
2691,259,25,2026-01-12,13:00:00,Dine-In,594,Completed
2692,175,10,2026-07-08,13:00:00,Takeaway,1314,Completed
2693,352,1,2026-01-01,13:00:00,Dine-In,1133,Completed
2694,355,17,2026-01-14,13:00:00,Takeaway,2824,Completed
2695,113,15,2026-03-31,13:00:00,Takeaway,1227,Completed
2696,299,12,2026-04-03,13:00:00,Delivery,1167,Completed
2697,325,26,2026-02-07,13:00:00,Takeaway,2486,Completed
2698,41,19,2026-05-26,13:00:00,Delivery,2703,Completed
2699,425,4,2026-03-20,13:00:00,Takeaway,2790,Completed
2700,247,15,2026-06-28,13:00:00,Delivery,1856,Completed
2701,401,23,2026-05-29,13:00:00,Delivery,698,Completed
2702,459,24,2026-03-27,13:00:00,Takeaway,1439,Completed
2703,230,2,2026-06-29,13:00:00,Delivery,3685,Completed
2704,265,18,2026-04-02,13:00:00,Delivery,2992,Completed
2705,87,4,2026-05-25,13:00:00,Dine-In,1296,Completed
2706,55,14,2026-03-06,13:00:00,Takeaway,1719,Completed
2707,438,24,2026-06-28,13:00:00,Dine-In,1192,Completed
2708,259,28,2026-03-10,13:00:00,Dine-In,2604,Completed
2709,152,30,2026-07-21,13:00:00,Takeaway,1125,Completed
2710,10,7,2026-02-10,13:00:00,Delivery,2126,Completed
2711,66,23,2026-01-20,13:00:00,Delivery,492,Completed
2712,102,30,2026-07-04,13:00:00,Takeaway,1476,Completed
2713,407,29,2026-04-11,13:00:00,Dine-In,1590,Completed
2714,369,20,2026-06-05,13:00:00,Dine-In,1969,Completed
2715,117,5,2026-02-27,13:00:00,Delivery,1529,Completed
2716,115,13,2026-03-28,13:00:00,Takeaway,840,Completed
2717,132,20,2026-06-25,13:00:00,Dine-In,1809,Completed
2718,33,11,2026-01-15,13:00:00,Takeaway,1501,Completed
2719,67,17,2026-05-06,13:00:00,Takeaway,1093,Completed
2720,474,25,2026-06-06,13:00:00,Dine-In,1198,Completed
2721,54,24,2026-02-04,13:00:00,Takeaway,1079,Completed
2722,311,30,2026-03-05,13:00:00,Dine-In,1638,Completed
2723,479,22,2026-02-04,13:00:00,Takeaway,1239,Completed
2724,27,15,2026-02-01,13:00:00,Dine-In,1902,Completed
2725,182,8,2026-02-19,13:00:00,Takeaway,775,Completed
2726,37,16,2026-05-02,13:00:00,Dine-In,2211,Completed
2727,9,20,2026-01-08,13:00:00,Delivery,2530,Completed
2728,481,2,2026-07-08,13:00:00,Dine-In,1956,Completed
2729,211,2,2026-03-21,13:00:00,Dine-In,2541,Completed
2730,302,20,2026-06-27,13:00:00,Dine-In,1392,Completed
2731,336,17,2026-03-27,13:00:00,Takeaway,1160,Completed
2732,49,17,2026-03-05,13:00:00,Takeaway,2473,Completed
2733,228,14,2026-05-29,13:00:00,Delivery,1563,Completed
2734,225,10,2026-05-31,13:00:00,Delivery,2372,Completed
2735,68,29,2026-06-29,13:00:00,Takeaway,1204,Completed
2736,72,7,2026-04-25,13:00:00,Delivery,568,Completed
2737,5,1,2026-02-21,13:00:00,Dine-In,1129,Completed
2738,263,25,2026-06-07,13:00:00,Takeaway,1651,Completed
2739,140,28,2026-04-06,13:00:00,Dine-In,1863,Completed
2740,468,7,2026-04-21,13:00:00,Takeaway,1392,Completed
2741,124,7,2026-05-17,13:00:00,Delivery,1741,Completed
2742,113,29,2026-06-04,13:00:00,Takeaway,1311,Completed
2743,135,28,2026-04-03,13:00:00,Dine-In,1765,Completed
2744,440,13,2026-05-26,13:00:00,Delivery,1090,Completed
2745,50,23,2026-06-26,13:00:00,Delivery,911,Completed
2746,34,17,2026-01-19,13:00:00,Delivery,1394,Completed
2747,358,30,2026-04-19,13:00:00,Takeaway,504,Completed
2748,97,4,2026-05-01,13:00:00,Delivery,1240,Completed
2749,144,13,2026-04-07,13:00:00,Takeaway,2419,Completed
2750,444,9,2026-04-25,13:00:00,Dine-In,1710,Completed
2751,289,9,2026-03-19,13:00:00,Dine-In,1608,Completed
2752,149,19,2026-06-16,13:00:00,Delivery,2429,Completed
2753,493,25,2026-03-21,13:00:00,Dine-In,2839,Completed
2754,177,25,2026-02-15,13:00:00,Dine-In,1152,Completed
2755,359,19,2026-03-04,13:00:00,Dine-In,3409,Completed
2756,250,8,2026-04-22,13:00:00,Takeaway,1395,Completed
2757,494,11,2026-03-24,13:00:00,Dine-In,805,Completed
2758,50,4,2026-06-13,13:00:00,Takeaway,1280,Completed
2759,434,15,2026-04-17,13:00:00,Delivery,1126,Completed
2760,442,9,2026-07-01,13:00:00,Delivery,1088,Completed
2761,16,4,2026-07-22,13:00:00,Dine-In,1451,Completed
2762,375,11,2026-04-29,13:00:00,Dine-In,1771,Completed
2763,484,1,2026-05-31,13:00:00,Dine-In,634,Completed
2764,465,22,2026-02-20,13:00:00,Takeaway,1908,Completed
2765,225,14,2026-01-04,13:00:00,Takeaway,2497,Completed
2766,247,4,2026-05-15,13:00:00,Dine-In,1707,Completed
2767,294,30,2026-05-15,13:00:00,Takeaway,1281,Completed
2768,498,3,2026-03-04,13:00:00,Delivery,778,Completed
2769,59,23,2026-06-22,13:00:00,Delivery,1361,Completed
2770,254,25,2026-05-21,13:00:00,Dine-In,2482,Completed
2771,71,2,2026-01-07,13:00:00,Delivery,1284,Completed
2772,311,18,2026-02-01,13:00:00,Dine-In,1781,Completed
2773,218,7,2026-05-21,13:00:00,Takeaway,1590,Completed
2774,465,2,2026-04-10,13:00:00,Delivery,1703,Completed
2775,297,7,2026-01-18,13:00:00,Takeaway,1975,Completed
2776,403,29,2026-04-13,13:00:00,Dine-In,2160,Completed
2777,20,30,2026-05-11,13:00:00,Takeaway,2190,Completed
2778,421,27,2026-01-19,13:00:00,Takeaway,2380,Completed
2779,76,19,2026-07-02,13:00:00,Takeaway,1884,Completed
2780,11,16,2026-01-21,13:00:00,Takeaway,1928,Completed
2781,205,9,2026-01-03,13:00:00,Dine-In,1864,Completed
2782,62,24,2026-02-03,13:00:00,Dine-In,1869,Completed
2783,469,24,2026-03-18,13:00:00,Delivery,1801,Completed
2784,312,5,2026-01-29,13:00:00,Takeaway,2551,Completed
2785,150,29,2026-02-25,13:00:00,Dine-In,1075,Completed
2786,50,16,2026-03-16,13:00:00,Dine-In,2363,Completed
2787,449,20,2026-07-25,13:00:00,Delivery,1659,Completed
2788,254,28,2026-03-06,13:00:00,Dine-In,663,Completed
2789,128,12,2026-03-19,13:00:00,Takeaway,783,Completed
2790,69,16,2026-07-06,13:00:00,Dine-In,2360,Completed
2791,486,26,2026-02-05,13:00:00,Takeaway,917,Completed
2792,323,30,2026-01-25,13:00:00,Delivery,1546,Completed
2793,338,19,2026-03-02,13:00:00,Takeaway,1705,Completed
2794,176,3,2026-05-03,13:00:00,Takeaway,1358,Completed
2795,392,14,2026-07-24,13:00:00,Delivery,2965,Completed
2796,289,16,2026-04-03,13:00:00,Takeaway,1491,Completed
2797,478,1,2026-02-12,13:00:00,Dine-In,1464,Completed
2798,212,26,2026-02-22,13:00:00,Takeaway,1794,Completed
2799,277,19,2026-02-01,13:00:00,Dine-In,1598,Completed
2800,446,4,2026-03-12,13:00:00,Takeaway,1038,Completed
2801,321,26,2026-03-09,13:00:00,Takeaway,1928,Completed
2802,341,28,2026-03-15,13:00:00,Delivery,1216,Completed
2803,424,1,2026-05-23,13:00:00,Delivery,519,Completed
2804,229,9,2026-05-30,13:00:00,Delivery,2028,Completed
2805,189,22,2026-06-01,13:00:00,Takeaway,2248,Completed
2806,85,5,2026-06-25,13:00:00,Takeaway,1950,Completed
2807,227,22,2026-05-16,13:00:00,Delivery,1981,Completed
2808,373,19,2026-06-03,13:00:00,Takeaway,982,Completed
2809,12,27,2026-01-21,13:00:00,Delivery,2503,Completed
2810,5,17,2026-05-09,13:00:00,Dine-In,1755,Completed
2811,314,17,2026-01-30,13:00:00,Delivery,2421,Completed
2812,16,21,2026-01-15,13:00:00,Delivery,1880,Completed
2813,9,19,2026-05-15,13:00:00,Dine-In,1188,Completed
2814,377,3,2026-06-13,13:00:00,Dine-In,1170,Completed
2815,186,24,2026-06-18,13:00:00,Dine-In,1986,Completed
2816,98,22,2026-04-23,13:00:00,Delivery,1980,Completed
2817,187,10,2026-03-15,13:00:00,Dine-In,1978,Completed
2818,29,16,2026-04-09,13:00:00,Delivery,671,Completed
2819,295,22,2026-06-12,13:00:00,Dine-In,1291,Completed
2820,81,28,2026-06-14,13:00:00,Dine-In,1422,Completed
2821,265,26,2026-07-16,13:00:00,Dine-In,536,Completed
2822,261,22,2026-04-07,13:00:00,Delivery,1421,Completed
2823,7,15,2026-01-24,13:00:00,Delivery,1722,Completed
2824,25,21,2026-01-28,13:00:00,Delivery,727,Completed
2825,62,3,2026-01-25,13:00:00,Delivery,861,Completed
2826,1,26,2026-03-22,13:00:00,Delivery,1257,Completed
2827,483,11,2026-05-31,13:00:00,Takeaway,2895,Completed
2828,234,2,2026-02-22,13:00:00,Takeaway,987,Completed
2829,491,30,2026-03-23,13:00:00,Delivery,2812,Completed
2830,87,2,2026-06-05,13:00:00,Takeaway,2256,Completed
2831,62,7,2026-06-23,13:00:00,Takeaway,1360,Completed
2832,465,21,2026-04-26,13:00:00,Takeaway,1628,Completed
2833,152,4,2026-04-27,13:00:00,Takeaway,662,Completed
2834,169,2,2026-06-29,13:00:00,Delivery,845,Completed
2835,491,8,2026-03-17,13:00:00,Takeaway,732,Completed
2836,348,18,2026-07-29,13:00:00,Delivery,1024,Completed
2837,382,13,2026-03-15,13:00:00,Delivery,1777,Completed
2838,256,26,2026-05-15,13:00:00,Dine-In,1834,Completed
2839,443,19,2026-07-24,13:00:00,Dine-In,2117,Completed
2840,406,5,2026-07-28,13:00:00,Delivery,1305,Completed
2841,22,2,2026-06-08,13:00:00,Delivery,659,Completed
2842,240,21,2026-05-04,13:00:00,Dine-In,672,Completed
2843,205,13,2026-04-28,13:00:00,Takeaway,718,Completed
2844,250,1,2026-05-17,13:00:00,Dine-In,1619,Completed
2845,24,29,2026-02-16,13:00:00,Delivery,1772,Completed
2846,240,22,2026-03-01,13:00:00,Takeaway,1188,Completed
2847,131,2,2026-03-27,13:00:00,Takeaway,1068,Completed
2848,260,17,2026-07-07,13:00:00,Delivery,1474,Completed
2849,119,15,2026-01-23,13:00:00,Dine-In,621,Completed
2850,356,11,2026-04-16,13:00:00,Dine-In,1373,Completed
2851,398,1,2026-06-18,13:00:00,Delivery,1251,Completed
2852,111,28,2026-06-09,13:00:00,Delivery,1254,Completed
2853,333,9,2026-07-05,13:00:00,Delivery,1237,Completed
2854,81,19,2026-02-11,13:00:00,Takeaway,2213,Completed
2855,131,4,2026-02-22,13:00:00,Delivery,2703,Completed
2856,108,7,2026-05-15,13:00:00,Delivery,640,Completed
2857,44,6,2026-07-13,13:00:00,Dine-In,981,Completed
2858,203,13,2026-02-25,13:00:00,Takeaway,1495,Completed
2859,204,3,2026-06-30,13:00:00,Delivery,1638,Completed
2860,101,17,2026-04-18,13:00:00,Delivery,2296,Completed
2861,89,11,2026-06-26,13:00:00,Takeaway,1686,Completed
2862,252,28,2026-07-15,13:00:00,Takeaway,1338,Completed
2863,307,19,2026-06-24,13:00:00,Takeaway,1716,Completed
2864,253,22,2026-05-22,13:00:00,Dine-In,1095,Completed
2865,461,16,2026-04-12,13:00:00,Delivery,1220,Completed
2866,214,15,2026-01-10,13:00:00,Takeaway,798,Completed
2867,470,6,2026-07-29,13:00:00,Dine-In,1678,Completed
2868,374,2,2026-02-22,13:00:00,Delivery,1521,Completed
2869,117,7,2026-07-12,13:00:00,Delivery,1008,Completed
2870,303,9,2026-04-03,13:00:00,Takeaway,1712,Completed
2871,15,17,2026-07-03,13:00:00,Takeaway,964,Completed
2872,462,2,2026-05-28,13:00:00,Takeaway,877,Completed
2873,26,30,2026-02-20,13:00:00,Delivery,998,Completed
2874,334,1,2026-07-07,13:00:00,Dine-In,1673,Completed
2875,303,25,2026-04-26,13:00:00,Takeaway,399,Completed
2876,240,27,2026-03-31,13:00:00,Delivery,1782,Completed
2877,115,3,2026-04-09,13:00:00,Delivery,3253,Completed
2878,473,25,2026-06-01,13:00:00,Takeaway,722,Completed
2879,108,16,2026-02-12,13:00:00,Dine-In,584,Completed
2880,375,24,2026-02-05,13:00:00,Delivery,2247,Completed
2881,479,29,2026-01-28,13:00:00,Takeaway,1498,Completed
2882,203,2,2026-02-22,13:00:00,Dine-In,1248,Completed
2883,375,21,2026-04-22,13:00:00,Takeaway,2428,Completed
2884,216,18,2026-07-03,13:00:00,Dine-In,362,Completed
2885,306,19,2026-01-27,13:00:00,Takeaway,2303,Completed
2886,100,18,2026-04-27,13:00:00,Dine-In,1583,Completed
2887,229,20,2026-03-09,13:00:00,Delivery,3063,Completed
2888,25,15,2026-05-09,13:00:00,Delivery,1582,Completed
2889,370,28,2026-02-14,13:00:00,Takeaway,1552,Completed
2890,263,27,2026-06-03,13:00:00,Dine-In,1270,Completed
2891,253,12,2026-07-30,13:00:00,Dine-In,2373,Completed
2892,291,24,2026-05-15,13:00:00,Delivery,1766,Completed
2893,223,24,2026-06-09,13:00:00,Takeaway,2757,Completed
2894,277,8,2026-05-24,13:00:00,Dine-In,829,Completed
2895,342,2,2026-02-03,13:00:00,Takeaway,1654,Completed
2896,85,11,2026-04-24,13:00:00,Takeaway,1258,Completed
2897,108,30,2026-01-14,13:00:00,Delivery,3573,Completed
2898,316,26,2026-03-31,13:00:00,Delivery,1259,Completed
2899,289,22,2026-01-28,13:00:00,Dine-In,2204,Completed
2900,207,9,2026-05-15,13:00:00,Takeaway,981,Completed
2901,450,3,2026-06-13,13:00:00,Dine-In,1923,Completed
2902,364,5,2026-01-05,13:00:00,Takeaway,569,Completed
2903,275,20,2026-07-03,13:00:00,Delivery,739,Completed
2904,163,1,2026-05-15,13:00:00,Takeaway,1319,Completed
2905,209,11,2026-05-21,13:00:00,Takeaway,2193,Completed
2906,433,28,2026-01-28,13:00:00,Dine-In,1703,Completed
2907,185,7,2026-02-13,13:00:00,Takeaway,1236,Completed
2908,121,2,2026-03-09,13:00:00,Takeaway,1796,Completed
2909,195,9,2026-06-15,13:00:00,Delivery,1818,Completed
2910,198,24,2026-07-07,13:00:00,Delivery,1543,Completed
2911,97,4,2026-07-15,13:00:00,Delivery,2514,Completed
2912,61,6,2026-03-18,13:00:00,Dine-In,1368,Completed
2913,148,30,2026-02-14,13:00:00,Delivery,1940,Completed
2914,14,22,2026-07-20,13:00:00,Takeaway,3443,Completed
2915,345,5,2026-06-14,13:00:00,Delivery,1593,Completed
2916,33,3,2026-01-28,13:00:00,Delivery,330,Completed
2917,203,10,2026-07-29,13:00:00,Delivery,2019,Completed
2918,442,4,2026-06-28,13:00:00,Dine-In,2788,Completed
2919,335,23,2026-07-18,13:00:00,Takeaway,2294,Completed
2920,381,17,2026-05-05,13:00:00,Dine-In,2355,Completed
2921,305,6,2026-02-04,13:00:00,Takeaway,1600,Completed
2922,148,18,2026-05-20,13:00:00,Takeaway,1650,Completed
2923,449,11,2026-03-11,13:00:00,Dine-In,764,Completed
2924,230,1,2026-06-21,13:00:00,Dine-In,928,Completed
2925,8,22,2026-05-30,13:00:00,Dine-In,1893,Completed
2926,72,18,2026-01-08,13:00:00,Delivery,1222,Completed
2927,449,2,2026-02-07,13:00:00,Takeaway,1774,Completed
2928,352,4,2026-05-17,13:00:00,Takeaway,2439,Completed
2929,2,15,2026-02-04,13:00:00,Takeaway,1683,Completed
2930,195,3,2026-01-16,13:00:00,Takeaway,1019,Completed
2931,257,21,2026-02-27,13:00:00,Dine-In,2680,Completed
2932,261,2,2026-03-09,13:00:00,Takeaway,899,Completed
2933,162,8,2026-05-04,13:00:00,Delivery,1523,Completed
2934,266,18,2026-06-21,13:00:00,Takeaway,1554,Completed
2935,40,29,2026-01-20,13:00:00,Dine-In,1645,Completed
2936,213,26,2026-03-11,13:00:00,Dine-In,593,Completed
2937,262,16,2026-06-29,13:00:00,Delivery,2422,Completed
2938,188,4,2026-06-10,13:00:00,Takeaway,1025,Completed
2939,103,30,2026-04-27,13:00:00,Takeaway,3167,Completed
2940,205,28,2026-03-21,13:00:00,Delivery,1991,Completed
2941,136,26,2026-06-08,13:00:00,Dine-In,268,Completed
2942,303,27,2026-04-19,13:00:00,Delivery,1430,Completed
2943,139,11,2026-07-12,13:00:00,Dine-In,816,Completed
2944,473,21,2026-02-21,13:00:00,Delivery,981,Completed
2945,407,25,2026-01-19,13:00:00,Takeaway,1888,Completed
2946,380,3,2026-06-19,13:00:00,Delivery,1074,Completed
2947,174,30,2026-07-23,13:00:00,Takeaway,1001,Completed
2948,479,30,2026-05-24,13:00:00,Takeaway,2729,Completed
2949,49,16,2026-01-18,13:00:00,Dine-In,2569,Completed
2950,232,1,2026-05-21,13:00:00,Delivery,1478,Completed
2951,151,17,2026-01-22,13:00:00,Takeaway,2106,Completed
2952,357,1,2026-07-08,13:00:00,Delivery,2561,Completed
2953,214,18,2026-02-05,13:00:00,Dine-In,1300,Completed
2954,499,19,2026-01-15,13:00:00,Delivery,3086,Completed
2955,96,12,2026-05-18,13:00:00,Delivery,1110,Completed
2956,440,10,2026-07-04,13:00:00,Takeaway,1601,Completed
2957,280,16,2026-07-08,13:00:00,Delivery,1230,Completed
2958,39,30,2026-07-19,13:00:00,Delivery,2774,Completed
2959,201,8,2026-05-31,13:00:00,Dine-In,837,Completed
2960,89,1,2026-01-09,13:00:00,Dine-In,1541,Completed
2961,483,3,2026-06-02,13:00:00,Delivery,1537,Completed
2962,424,13,2026-07-16,13:00:00,Dine-In,2744,Completed
2963,475,24,2026-01-21,13:00:00,Takeaway,1592,Completed
2964,133,9,2026-03-22,13:00:00,Delivery,1478,Completed
2965,183,10,2026-03-29,13:00:00,Takeaway,1297,Completed
2966,3,26,2026-06-19,13:00:00,Delivery,2568,Completed
2967,13,13,2026-03-08,13:00:00,Dine-In,678,Completed
2968,85,16,2026-05-08,13:00:00,Delivery,1464,Completed
2969,447,30,2026-01-21,13:00:00,Delivery,1479,Completed
2970,454,19,2026-03-11,13:00:00,Delivery,1664,Completed
2971,444,29,2026-03-15,13:00:00,Dine-In,1910,Completed
2972,42,25,2026-01-07,13:00:00,Takeaway,454,Completed
2973,246,7,2026-01-20,13:00:00,Delivery,1491,Completed
2974,153,9,2026-02-28,13:00:00,Dine-In,1142,Completed
2975,92,3,2026-01-16,13:00:00,Delivery,2104,Completed
2976,165,28,2026-05-21,13:00:00,Dine-In,1082,Completed
2977,3,15,2026-01-05,13:00:00,Takeaway,801,Completed
2978,412,25,2026-05-22,13:00:00,Delivery,952,Completed
2979,497,27,2026-04-12,13:00:00,Delivery,2793,Completed
2980,380,27,2026-07-16,13:00:00,Takeaway,1377,Completed
2981,269,14,2026-01-15,13:00:00,Takeaway,2589,Completed
2982,267,19,2026-01-22,13:00:00,Delivery,1953,Completed
2983,474,14,2026-02-15,13:00:00,Delivery,2345,Completed
2984,363,28,2026-04-24,13:00:00,Delivery,592,Completed
2985,124,27,2026-06-19,13:00:00,Dine-In,2065,Completed
2986,482,24,2026-02-13,13:00:00,Dine-In,2061,Completed
2987,263,4,2026-02-02,13:00:00,Delivery,1100,Completed
2988,117,10,2026-02-02,13:00:00,Takeaway,2135,Completed
2989,223,19,2026-01-21,13:00:00,Delivery,1272,Completed
2990,127,15,2026-01-27,13:00:00,Delivery,2698,Completed
2991,459,24,2026-07-13,13:00:00,Dine-In,1734,Completed
2992,460,9,2026-02-19,13:00:00,Dine-In,2925,Completed
2993,322,1,2026-06-15,13:00:00,Delivery,819,Completed
2994,219,13,2026-07-13,13:00:00,Takeaway,2940,Completed
2995,37,18,2026-05-25,13:00:00,Takeaway,1204,Completed
2996,443,17,2026-03-20,13:00:00,Takeaway,2029,Completed
2997,259,17,2026-06-06,13:00:00,Takeaway,752,Completed
2998,302,20,2026-04-14,13:00:00,Dine-In,816,Completed
2999,155,25,2026-05-20,13:00:00,Takeaway,649,Completed
3000,315,2,2026-06-15,13:00:00,Takeaway,751,Completed
3001,106,7,2026-05-17,13:00:00,Dine-In,1953,Completed
3002,287,6,2026-01-01,13:00:00,Takeaway,2538,Completed
3003,483,10,2026-04-15,13:00:00,Delivery,3288,Completed
3004,372,11,2026-05-23,13:00:00,Dine-In,849,Completed
3005,352,21,2026-02-16,13:00:00,Takeaway,1929,Completed
3006,399,9,2026-04-13,13:00:00,Takeaway,2270,Completed
3007,419,25,2026-01-12,13:00:00,Takeaway,617,Completed
3008,298,18,2026-03-06,13:00:00,Delivery,418,Completed
3009,403,12,2026-05-01,13:00:00,Delivery,1542,Completed
3010,195,14,2026-04-11,13:00:00,Dine-In,2886,Completed
3011,48,26,2026-07-22,13:00:00,Takeaway,1055,Completed
3012,318,30,2026-04-20,13:00:00,Takeaway,2216,Completed
3013,69,16,2026-06-18,13:00:00,Delivery,1152,Completed
3014,96,12,2026-01-09,13:00:00,Delivery,2512,Completed
3015,15,14,2026-04-12,13:00:00,Dine-In,701,Completed
3016,340,3,2026-03-24,13:00:00,Takeaway,1082,Completed
3017,364,20,2026-05-12,13:00:00,Dine-In,2344,Completed
3018,240,13,2026-05-20,13:00:00,Takeaway,3131,Completed
3019,161,18,2026-03-28,13:00:00,Delivery,1298,Completed
3020,408,11,2026-07-06,13:00:00,Dine-In,2014,Completed
3021,306,5,2026-06-14,13:00:00,Delivery,1219,Completed
3022,389,22,2026-01-28,13:00:00,Takeaway,922,Completed
3023,374,10,2026-01-12,13:00:00,Delivery,1265,Completed
3024,169,3,2026-03-24,13:00:00,Dine-In,1412,Completed
3025,41,8,2026-03-25,13:00:00,Takeaway,1095,Completed
3026,363,10,2026-02-23,13:00:00,Dine-In,2231,Completed
3027,354,12,2026-01-20,13:00:00,Takeaway,2144,Completed
3028,162,24,2026-06-29,13:00:00,Delivery,1302,Completed
3029,310,8,2026-01-11,13:00:00,Takeaway,651,Completed
3030,171,22,2026-05-03,13:00:00,Takeaway,1075,Completed
3031,348,30,2026-07-01,13:00:00,Dine-In,2487,Completed
3032,185,16,2026-04-14,13:00:00,Dine-In,1040,Completed
3033,385,23,2026-07-28,13:00:00,Dine-In,1493,Completed
3034,189,4,2026-05-02,13:00:00,Delivery,2894,Completed
3035,188,21,2026-01-03,13:00:00,Takeaway,1785,Completed
3036,170,21,2026-02-17,13:00:00,Dine-In,2633,Completed
3037,161,7,2026-03-26,13:00:00,Delivery,1503,Completed
3038,141,19,2026-02-17,13:00:00,Takeaway,864,Completed
3039,15,19,2026-03-17,13:00:00,Delivery,1179,Completed
3040,314,9,2026-02-09,13:00:00,Delivery,3477,Completed
3041,476,26,2026-04-24,13:00:00,Takeaway,1523,Completed
3042,246,15,2026-01-01,13:00:00,Takeaway,1323,Completed
3043,423,16,2026-03-08,13:00:00,Dine-In,1257,Completed
3044,454,9,2026-02-17,13:00:00,Delivery,1347,Completed
3045,152,29,2026-03-09,13:00:00,Dine-In,2198,Completed
3046,244,16,2026-01-17,13:00:00,Takeaway,900,Completed
3047,452,12,2026-06-24,13:00:00,Takeaway,976,Completed
3048,258,16,2026-06-20,13:00:00,Dine-In,1378,Completed
3049,432,15,2026-03-30,13:00:00,Takeaway,1974,Completed
3050,19,10,2026-05-06,13:00:00,Delivery,659,Completed
3051,278,25,2026-01-23,13:00:00,Dine-In,1868,Completed
3052,420,27,2026-03-03,13:00:00,Takeaway,2138,Completed
3053,211,18,2026-07-05,13:00:00,Dine-In,1235,Completed
3054,15,28,2026-05-23,13:00:00,Delivery,2267,Completed
3055,450,19,2026-02-10,13:00:00,Takeaway,2014,Completed
3056,151,18,2026-02-05,13:00:00,Dine-In,1103,Completed
3057,18,23,2026-02-26,13:00:00,Dine-In,1703,Completed
3058,267,5,2026-03-29,13:00:00,Takeaway,1677,Completed
3059,18,1,2026-02-25,13:00:00,Dine-In,1498,Completed
3060,87,17,2026-05-13,13:00:00,Dine-In,1310,Completed
3061,398,27,2026-07-21,13:00:00,Delivery,1887,Completed
3062,298,24,2026-07-11,13:00:00,Dine-In,1091,Completed
3063,194,18,2026-04-01,13:00:00,Delivery,1142,Completed
3064,446,15,2026-03-29,13:00:00,Delivery,1412,Completed
3065,126,24,2026-05-22,13:00:00,Takeaway,1626,Completed
3066,167,28,2026-06-06,13:00:00,Delivery,1803,Completed
3067,92,19,2026-06-15,13:00:00,Dine-In,790,Completed
3068,303,13,2026-04-29,13:00:00,Delivery,2029,Completed
3069,55,21,2026-04-11,13:00:00,Takeaway,601,Completed
3070,332,6,2026-04-05,13:00:00,Dine-In,1528,Completed
3071,162,22,2026-02-19,13:00:00,Dine-In,1404,Completed
3072,168,3,2026-05-02,13:00:00,Dine-In,2094,Completed
3073,352,27,2026-02-11,13:00:00,Takeaway,1124,Completed
3074,149,8,2026-04-23,13:00:00,Takeaway,1740,Completed
3075,190,18,2026-05-27,13:00:00,Dine-In,923,Completed
3076,58,17,2026-07-10,13:00:00,Delivery,1520,Completed
3077,379,9,2026-04-19,13:00:00,Takeaway,2223,Completed
3078,105,8,2026-03-31,13:00:00,Delivery,1899,Completed
3079,30,26,2026-03-18,13:00:00,Delivery,2854,Completed
3080,73,4,2026-01-17,13:00:00,Takeaway,651,Completed
3081,305,18,2026-04-21,13:00:00,Delivery,2400,Completed
3082,388,28,2026-04-23,13:00:00,Takeaway,2178,Completed
3083,81,24,2026-07-30,13:00:00,Delivery,1830,Completed
3084,488,27,2026-05-26,13:00:00,Dine-In,960,Completed
3085,207,26,2026-06-27,13:00:00,Takeaway,1791,Completed
3086,129,24,2026-03-27,13:00:00,Takeaway,1899,Completed
3087,193,30,2026-02-21,13:00:00,Delivery,1598,Completed
3088,245,20,2026-01-21,13:00:00,Takeaway,2123,Completed
3089,20,2,2026-03-11,13:00:00,Dine-In,1389,Completed
3090,468,6,2026-02-07,13:00:00,Delivery,629,Completed
3091,470,14,2026-07-07,13:00:00,Takeaway,2018,Completed
3092,206,29,2026-02-06,13:00:00,Delivery,1421,Completed
3093,461,25,2026-06-08,13:00:00,Dine-In,1551,Completed
3094,283,15,2026-06-21,13:00:00,Delivery,1586,Completed
3095,247,13,2026-07-04,13:00:00,Dine-In,2210,Completed
3096,242,14,2026-02-02,13:00:00,Delivery,1148,Completed
3097,298,21,2026-02-01,13:00:00,Takeaway,1215,Completed
3098,385,7,2026-03-12,13:00:00,Dine-In,864,Completed
3099,94,26,2026-01-27,13:00:00,Takeaway,1507,Completed
3100,453,16,2026-02-04,13:00:00,Delivery,1023,Completed
3101,191,7,2026-03-15,13:00:00,Takeaway,1326,Completed
3102,478,25,2026-06-25,13:00:00,Dine-In,954,Completed
3103,377,28,2026-01-04,13:00:00,Takeaway,2547,Completed
3104,346,22,2026-03-01,13:00:00,Takeaway,1440,Completed
3105,91,3,2026-06-21,13:00:00,Dine-In,987,Completed
3106,455,28,2026-03-20,13:00:00,Delivery,2360,Completed
3107,397,17,2026-02-01,13:00:00,Dine-In,1435,Completed
3108,238,20,2026-02-22,13:00:00,Delivery,1083,Completed
3109,337,23,2026-01-08,13:00:00,Dine-In,2152,Completed
3110,281,21,2026-02-15,13:00:00,Takeaway,789,Completed
3111,299,21,2026-06-18,13:00:00,Dine-In,1346,Completed
3112,244,27,2026-04-29,13:00:00,Delivery,1577,Completed
3113,296,20,2026-02-17,13:00:00,Delivery,1767,Completed
3114,358,14,2026-03-16,13:00:00,Takeaway,664,Completed
3115,132,18,2026-03-29,13:00:00,Takeaway,1150,Completed
3116,89,22,2026-04-13,13:00:00,Delivery,1129,Completed
3117,412,9,2026-01-27,13:00:00,Takeaway,2040,Completed
3118,13,4,2026-02-01,13:00:00,Delivery,929,Completed
3119,118,22,2026-04-19,13:00:00,Dine-In,991,Completed
3120,170,18,2026-07-22,13:00:00,Delivery,1688,Completed
3121,285,25,2026-04-06,13:00:00,Takeaway,1686,Completed
3122,326,6,2026-03-03,13:00:00,Takeaway,1412,Completed
3123,231,22,2026-03-29,13:00:00,Takeaway,1178,Completed
3124,300,27,2026-03-16,13:00:00,Dine-In,1540,Completed
3125,9,15,2026-05-09,13:00:00,Dine-In,1254,Completed
3126,77,10,2026-02-16,13:00:00,Takeaway,2205,Completed
3127,119,7,2026-02-23,13:00:00,Dine-In,1753,Completed
3128,1,29,2026-05-30,13:00:00,Dine-In,1992,Completed
3129,155,30,2026-05-14,13:00:00,Dine-In,1257,Completed
3130,313,10,2026-04-02,13:00:00,Dine-In,1305,Completed
3131,200,29,2026-01-25,13:00:00,Delivery,1156,Completed
3132,165,11,2026-07-05,13:00:00,Dine-In,1309,Completed
3133,33,8,2026-05-24,13:00:00,Dine-In,1187,Completed
3134,92,15,2026-03-09,13:00:00,Delivery,2291,Completed
3135,216,6,2026-06-03,13:00:00,Takeaway,2563,Completed
3136,183,3,2026-06-10,13:00:00,Takeaway,1166,Completed
3137,104,23,2026-06-17,13:00:00,Dine-In,1878,Completed
3138,121,1,2026-07-16,13:00:00,Delivery,1884,Completed
3139,66,11,2026-03-31,13:00:00,Dine-In,1403,Completed
3140,487,27,2026-05-25,13:00:00,Takeaway,2717,Completed
3141,171,23,2026-01-19,13:00:00,Delivery,1830,Completed
3142,417,11,2026-06-19,13:00:00,Delivery,3057,Completed
3143,87,29,2026-04-26,13:00:00,Dine-In,1200,Completed
3144,350,22,2026-03-04,13:00:00,Dine-In,1518,Completed
3145,107,22,2026-01-24,13:00:00,Dine-In,2569,Completed
3146,82,26,2026-01-15,13:00:00,Dine-In,1385,Completed
3147,342,29,2026-06-25,13:00:00,Dine-In,1136,Completed
3148,17,22,2026-03-26,13:00:00,Delivery,1235,Completed
3149,300,18,2026-01-10,13:00:00,Takeaway,2376,Completed
3150,217,16,2026-07-20,13:00:00,Takeaway,1130,Completed
3151,242,15,2026-01-27,13:00:00,Dine-In,1940,Completed
3152,84,21,2026-01-02,13:00:00,Takeaway,2324,Completed
3153,108,3,2026-07-15,13:00:00,Dine-In,495,Completed
3154,21,18,2026-04-27,13:00:00,Delivery,1955,Completed
3155,262,2,2026-04-22,13:00:00,Delivery,1515,Completed
3156,53,11,2026-02-01,13:00:00,Takeaway,1214,Completed
3157,4,4,2026-01-24,13:00:00,Dine-In,2094,Completed
3158,200,20,2026-01-14,13:00:00,Dine-In,686,Completed
3159,488,4,2026-01-07,13:00:00,Dine-In,1541,Completed
3160,210,26,2026-06-09,13:00:00,Takeaway,2763,Completed
3161,110,23,2026-03-04,13:00:00,Takeaway,1213,Completed
3162,278,4,2026-07-03,13:00:00,Dine-In,1747,Completed
3163,372,19,2026-04-11,13:00:00,Takeaway,1240,Completed
3164,76,13,2026-06-24,13:00:00,Takeaway,1532,Completed
3165,345,30,2026-06-13,13:00:00,Dine-In,1332,Completed
3166,250,13,2026-01-25,13:00:00,Takeaway,1565,Completed
3167,41,30,2026-01-10,13:00:00,Dine-In,1203,Completed
3168,382,19,2026-04-12,13:00:00,Dine-In,1236,Completed
3169,438,3,2026-07-18,13:00:00,Delivery,1514,Completed
3170,339,24,2026-03-22,13:00:00,Delivery,692,Completed
3171,278,3,2026-05-05,13:00:00,Delivery,1143,Completed
3172,471,24,2026-04-27,13:00:00,Dine-In,1402,Completed
3173,307,3,2026-04-06,13:00:00,Takeaway,1530,Completed
3174,172,10,2026-07-15,13:00:00,Delivery,1035,Completed
3175,432,23,2026-04-02,13:00:00,Takeaway,2331,Completed
3176,112,27,2026-04-13,13:00:00,Delivery,1434,Completed
3177,237,9,2026-03-26,13:00:00,Takeaway,945,Completed
3178,55,26,2026-04-11,13:00:00,Delivery,2282,Completed
3179,205,10,2026-03-05,13:00:00,Dine-In,2459,Completed
3180,38,13,2026-02-27,13:00:00,Takeaway,323,Completed
3181,69,28,2026-06-03,13:00:00,Takeaway,2480,Completed
3182,313,1,2026-07-25,13:00:00,Dine-In,603,Completed
3183,167,28,2026-04-10,13:00:00,Takeaway,2971,Completed
3184,471,24,2026-04-10,13:00:00,Delivery,2791,Completed
3185,430,24,2026-05-05,13:00:00,Dine-In,603,Completed
3186,448,5,2026-01-29,13:00:00,Dine-In,1434,Completed
3187,40,10,2026-06-21,13:00:00,Takeaway,1173,Completed
3188,337,15,2026-02-15,13:00:00,Dine-In,2419,Completed
3189,154,29,2026-02-06,13:00:00,Delivery,1552,Completed
3190,100,1,2026-03-13,13:00:00,Dine-In,2325,Completed
3191,375,24,2026-04-15,13:00:00,Delivery,1324,Completed
3192,461,5,2026-03-01,13:00:00,Dine-In,915,Completed
3193,72,26,2026-07-19,13:00:00,Dine-In,1144,Completed
3194,427,10,2026-03-28,13:00:00,Takeaway,1468,Completed
3195,316,12,2026-06-07,13:00:00,Delivery,1130,Completed
3196,428,6,2026-01-17,13:00:00,Delivery,1482,Completed
3197,144,2,2026-07-25,13:00:00,Takeaway,1491,Completed
3198,405,29,2026-07-27,13:00:00,Takeaway,1017,Completed
3199,9,4,2026-07-05,13:00:00,Delivery,1732,Completed
3200,260,11,2026-01-03,13:00:00,Dine-In,1079,Completed
3201,81,28,2026-03-15,13:00:00,Takeaway,947,Completed
3202,32,13,2026-06-15,13:00:00,Takeaway,1015,Completed
3203,449,26,2026-07-16,13:00:00,Takeaway,1603,Completed
3204,250,13,2026-01-07,13:00:00,Dine-In,1744,Completed
3205,301,20,2026-06-14,13:00:00,Dine-In,824,Completed
3206,174,5,2026-05-31,13:00:00,Dine-In,2301,Completed
3207,53,29,2026-04-16,13:00:00,Dine-In,844,Completed
3208,44,30,2026-06-17,13:00:00,Dine-In,2219,Completed
3209,421,16,2026-03-13,13:00:00,Delivery,1944,Completed
3210,91,23,2026-04-15,13:00:00,Dine-In,805,Completed
3211,71,5,2026-06-09,13:00:00,Delivery,1326,Completed
3212,318,12,2026-07-21,13:00:00,Delivery,1241,Completed
3213,234,26,2026-04-30,13:00:00,Delivery,1052,Completed
3214,18,18,2026-05-08,13:00:00,Takeaway,1267,Completed
3215,270,19,2026-05-03,13:00:00,Takeaway,1904,Completed
3216,301,16,2026-03-27,13:00:00,Dine-In,2457,Completed
3217,323,12,2026-03-21,13:00:00,Takeaway,1129,Completed
3218,38,12,2026-06-06,13:00:00,Dine-In,1651,Completed
3219,252,5,2026-07-23,13:00:00,Dine-In,2082,Completed
3220,473,28,2026-04-06,13:00:00,Dine-In,1175,Completed
3221,367,3,2026-03-07,13:00:00,Dine-In,2204,Completed
3222,185,25,2026-02-16,13:00:00,Dine-In,1783,Completed
3223,148,30,2026-01-19,13:00:00,Delivery,1644,Completed
3224,169,1,2026-05-08,13:00:00,Dine-In,1665,Completed
3225,209,23,2026-07-28,13:00:00,Dine-In,1653,Completed
3226,146,8,2026-06-25,13:00:00,Takeaway,1747,Completed
3227,98,26,2026-07-11,13:00:00,Takeaway,695,Completed
3228,181,1,2026-07-12,13:00:00,Takeaway,793,Completed
3229,461,28,2026-07-30,13:00:00,Takeaway,1205,Completed
3230,394,26,2026-03-05,13:00:00,Dine-In,850,Completed
3231,400,3,2026-05-28,13:00:00,Dine-In,718,Completed
3232,373,8,2026-05-25,13:00:00,Delivery,1408,Completed
3233,162,25,2026-06-16,13:00:00,Takeaway,1593,Completed
3234,429,16,2026-02-25,13:00:00,Delivery,2910,Completed
3235,295,17,2026-02-22,13:00:00,Dine-In,1559,Completed
3236,455,17,2026-02-16,13:00:00,Takeaway,1945,Completed
3237,451,27,2026-01-23,13:00:00,Delivery,1640,Completed
3238,324,12,2026-06-10,13:00:00,Takeaway,1645,Completed
3239,245,6,2026-03-16,13:00:00,Dine-In,1869,Completed
3240,282,9,2026-03-31,13:00:00,Delivery,1545,Completed
3241,352,12,2026-01-15,13:00:00,Dine-In,1714,Completed
3242,492,4,2026-03-07,13:00:00,Dine-In,2103,Completed
3243,394,12,2026-03-18,13:00:00,Dine-In,2797,Completed
3244,401,20,2026-02-13,13:00:00,Dine-In,1938,Completed
3245,348,13,2026-03-21,13:00:00,Delivery,1898,Completed
3246,266,16,2026-04-02,13:00:00,Dine-In,2719,Completed
3247,386,8,2026-02-10,13:00:00,Dine-In,1725,Completed
3248,44,20,2026-05-07,13:00:00,Delivery,950,Completed
3249,330,14,2026-02-14,13:00:00,Takeaway,1894,Completed
3250,153,10,2026-01-15,13:00:00,Takeaway,2501,Completed
3251,494,27,2026-04-23,13:00:00,Delivery,826,Completed
3252,420,26,2026-06-02,13:00:00,Takeaway,1381,Completed
3253,44,24,2026-02-02,13:00:00,Delivery,2809,Completed
3254,236,9,2026-07-20,13:00:00,Dine-In,1493,Completed
3255,53,3,2026-04-11,13:00:00,Dine-In,1735,Completed
3256,32,21,2026-02-02,13:00:00,Takeaway,2426,Completed
3257,308,27,2026-01-23,13:00:00,Delivery,1070,Completed
3258,309,13,2026-04-23,13:00:00,Dine-In,1644,Completed
3259,126,15,2026-03-29,13:00:00,Dine-In,1037,Completed
3260,7,4,2026-06-19,13:00:00,Delivery,1922,Completed
3261,356,9,2026-05-18,13:00:00,Takeaway,1623,Completed
3262,200,16,2026-04-30,13:00:00,Delivery,1504,Completed
3263,498,19,2026-02-28,13:00:00,Takeaway,1590,Completed
3264,481,10,2026-06-12,13:00:00,Takeaway,1217,Completed
3265,349,25,2026-06-10,13:00:00,Dine-In,1083,Completed
3266,202,16,2026-07-26,13:00:00,Takeaway,2180,Completed
3267,192,20,2026-05-16,13:00:00,Dine-In,2013,Completed
3268,96,29,2026-04-06,13:00:00,Delivery,1373,Completed
3269,23,24,2026-05-21,13:00:00,Dine-In,1551,Completed
3270,218,7,2026-03-13,13:00:00,Dine-In,974,Completed
3271,192,15,2026-04-07,13:00:00,Delivery,1708,Completed
3272,224,23,2026-01-08,13:00:00,Takeaway,1548,Completed
3273,52,30,2026-04-02,13:00:00,Delivery,1487,Completed
3274,168,17,2026-04-30,13:00:00,Takeaway,2670,Completed
3275,95,23,2026-05-18,13:00:00,Delivery,1171,Completed
3276,84,14,2026-06-12,13:00:00,Takeaway,1549,Completed
3277,198,24,2026-04-17,13:00:00,Dine-In,1018,Completed
3278,468,23,2026-05-18,13:00:00,Takeaway,1188,Completed
3279,237,15,2026-07-01,13:00:00,Dine-In,2150,Completed
3280,210,5,2026-02-12,13:00:00,Delivery,745,Completed
3281,354,3,2026-02-18,13:00:00,Dine-In,2357,Completed
3282,206,16,2026-02-20,13:00:00,Dine-In,631,Completed
3283,119,11,2026-02-23,13:00:00,Dine-In,1988,Completed
3284,173,25,2026-04-23,13:00:00,Takeaway,1085,Completed
3285,224,9,2026-04-07,13:00:00,Takeaway,2115,Completed
3286,319,22,2026-06-06,13:00:00,Takeaway,2354,Completed
3287,180,23,2026-07-03,13:00:00,Dine-In,2437,Completed
3288,227,11,2026-05-06,13:00:00,Dine-In,2104,Completed
3289,170,3,2026-06-26,13:00:00,Takeaway,2649,Completed
3290,82,29,2026-02-21,13:00:00,Delivery,901,Completed
3291,353,30,2026-01-11,13:00:00,Takeaway,957,Completed
3292,293,1,2026-03-25,13:00:00,Delivery,1545,Completed
3293,233,30,2026-03-13,13:00:00,Takeaway,2206,Completed
3294,201,23,2026-06-19,13:00:00,Takeaway,1957,Completed
3295,415,26,2026-01-03,13:00:00,Dine-In,3094,Completed
3296,102,3,2026-07-07,13:00:00,Dine-In,911,Completed
3297,493,14,2026-01-11,13:00:00,Dine-In,1557,Completed
3298,481,21,2026-02-24,13:00:00,Delivery,642,Completed
3299,423,24,2026-05-12,13:00:00,Takeaway,1650,Completed
3300,54,28,2026-07-29,13:00:00,Delivery,2568,Completed
3301,32,12,2026-02-04,13:00:00,Dine-In,1930,Completed
3302,152,29,2026-06-19,13:00:00,Dine-In,1759,Completed
3303,490,28,2026-03-17,13:00:00,Delivery,2405,Completed
3304,417,6,2026-07-17,13:00:00,Delivery,1479,Completed
3305,105,21,2026-04-25,13:00:00,Takeaway,1429,Completed
3306,15,5,2026-01-06,13:00:00,Takeaway,1380,Completed
3307,441,12,2026-03-11,13:00:00,Dine-In,1413,Completed
3308,32,5,2026-04-01,13:00:00,Delivery,1176,Completed
3309,115,17,2026-01-12,13:00:00,Dine-In,1671,Completed
3310,441,25,2026-05-28,13:00:00,Dine-In,2014,Completed
3311,282,17,2026-05-21,13:00:00,Takeaway,666,Completed
3312,135,6,2026-04-25,13:00:00,Takeaway,681,Completed
3313,305,22,2026-03-09,13:00:00,Takeaway,3364,Completed
3314,394,27,2026-02-03,13:00:00,Takeaway,1524,Completed
3315,302,17,2026-02-08,13:00:00,Delivery,1045,Completed
3316,457,29,2026-06-12,13:00:00,Delivery,2603,Completed
3317,330,10,2026-03-23,13:00:00,Dine-In,619,Completed
3318,491,12,2026-07-04,13:00:00,Delivery,1016,Completed
3319,117,26,2026-04-28,13:00:00,Delivery,1150,Completed
3320,244,4,2026-01-08,13:00:00,Delivery,1832,Completed
3321,383,4,2026-02-14,13:00:00,Dine-In,2703,Completed
3322,83,2,2026-06-21,13:00:00,Dine-In,1856,Completed
3323,268,3,2026-07-15,13:00:00,Dine-In,1168,Completed
3324,15,20,2026-05-28,13:00:00,Dine-In,1198,Completed
3325,148,18,2026-03-23,13:00:00,Dine-In,1621,Completed
3326,346,9,2026-01-14,13:00:00,Dine-In,360,Completed
3327,353,12,2026-05-07,13:00:00,Delivery,873,Completed
3328,303,29,2026-07-25,13:00:00,Dine-In,1023,Completed
3329,175,27,2026-01-06,13:00:00,Delivery,2357,Completed
3330,8,21,2026-03-24,13:00:00,Dine-In,980,Completed
3331,341,20,2026-02-19,13:00:00,Takeaway,521,Completed
3332,201,23,2026-05-19,13:00:00,Takeaway,3604,Completed
3333,34,2,2026-03-11,13:00:00,Takeaway,499,Completed
3334,473,24,2026-01-24,13:00:00,Dine-In,1393,Completed
3335,251,20,2026-06-04,13:00:00,Takeaway,888,Completed
3336,105,29,2026-01-12,13:00:00,Dine-In,1168,Completed
3337,257,4,2026-02-25,13:00:00,Delivery,1178,Completed
3338,75,18,2026-05-12,13:00:00,Dine-In,833,Completed
3339,361,29,2026-07-26,13:00:00,Takeaway,2769,Completed
3340,246,14,2026-01-29,13:00:00,Takeaway,2705,Completed
3341,135,21,2026-01-02,13:00:00,Takeaway,2395,Completed
3342,413,28,2026-05-15,13:00:00,Takeaway,685,Completed
3343,1,2,2026-05-15,13:00:00,Dine-In,2187,Completed
3344,37,20,2026-05-23,13:00:00,Dine-In,673,Completed
3345,107,29,2026-01-28,13:00:00,Takeaway,1686,Completed
3346,181,18,2026-06-19,13:00:00,Delivery,2324,Completed
3347,270,11,2026-01-19,13:00:00,Delivery,1490,Completed
3348,188,21,2026-07-09,13:00:00,Dine-In,1647,Completed
3349,118,16,2026-04-17,13:00:00,Delivery,1561,Completed
3350,79,2,2026-03-05,13:00:00,Delivery,1558,Completed
3351,356,17,2026-03-14,13:00:00,Dine-In,1695,Completed
3352,118,9,2026-04-26,13:00:00,Takeaway,2022,Completed
3353,50,14,2026-03-17,13:00:00,Takeaway,1397,Completed
3354,253,8,2026-06-09,13:00:00,Takeaway,1353,Completed
3355,449,12,2026-02-26,13:00:00,Dine-In,1572,Completed
3356,328,28,2026-01-04,13:00:00,Takeaway,1193,Completed
3357,81,8,2026-02-18,13:00:00,Takeaway,1973,Completed
3358,407,22,2026-03-31,13:00:00,Dine-In,1216,Completed
3359,385,15,2026-04-19,13:00:00,Takeaway,1464,Completed
3360,348,7,2026-01-24,13:00:00,Takeaway,2057,Completed
3361,417,18,2026-06-21,13:00:00,Dine-In,2011,Completed
3362,262,21,2026-07-26,13:00:00,Delivery,958,Completed
3363,7,11,2026-07-25,13:00:00,Delivery,800,Completed
3364,351,25,2026-03-10,13:00:00,Takeaway,1366,Completed
3365,418,23,2026-04-15,13:00:00,Delivery,973,Completed
3366,418,24,2026-07-27,13:00:00,Delivery,2603,Completed
3367,180,2,2026-04-07,13:00:00,Takeaway,656,Completed
3368,132,29,2026-01-31,13:00:00,Takeaway,869,Completed
3369,411,28,2026-04-06,13:00:00,Dine-In,1063,Completed
3370,52,10,2026-04-09,13:00:00,Delivery,2661,Completed
3371,145,2,2026-01-24,13:00:00,Delivery,2571,Completed
3372,231,6,2026-03-17,13:00:00,Dine-In,1676,Completed
3373,286,25,2026-03-17,13:00:00,Takeaway,1011,Completed
3374,232,17,2026-07-10,13:00:00,Takeaway,394,Completed
3375,99,1,2026-01-11,13:00:00,Takeaway,520,Completed
3376,466,22,2026-04-19,13:00:00,Delivery,2298,Completed
3377,117,2,2026-02-11,13:00:00,Delivery,1702,Completed
3378,98,5,2026-04-18,13:00:00,Dine-In,556,Completed
3379,26,1,2026-04-07,13:00:00,Takeaway,1476,Completed
3380,200,28,2026-07-16,13:00:00,Delivery,593,Completed
3381,464,13,2026-07-29,13:00:00,Delivery,930,Completed
3382,153,22,2026-03-18,13:00:00,Delivery,1175,Completed
3383,297,13,2026-05-18,13:00:00,Delivery,2014,Completed
3384,426,14,2026-06-20,13:00:00,Dine-In,1219,Completed
3385,432,11,2026-02-19,13:00:00,Takeaway,1564,Completed
3386,96,28,2026-06-10,13:00:00,Delivery,3213,Completed
3387,26,23,2026-04-14,13:00:00,Delivery,1928,Completed
3388,264,12,2026-02-12,13:00:00,Dine-In,2765,Completed
3389,409,19,2026-07-19,13:00:00,Delivery,1316,Completed
3390,341,11,2026-02-23,13:00:00,Delivery,1490,Completed
3391,494,8,2026-03-18,13:00:00,Delivery,840,Completed
3392,387,24,2026-03-19,13:00:00,Delivery,1335,Completed
3393,417,6,2026-07-25,13:00:00,Delivery,913,Completed
3394,24,10,2026-06-19,13:00:00,Dine-In,1820,Completed
3395,184,27,2026-01-28,13:00:00,Dine-In,1637,Completed
3396,291,18,2026-05-06,13:00:00,Dine-In,2202,Completed
3397,40,28,2026-02-16,13:00:00,Dine-In,2037,Completed
3398,411,19,2026-01-01,13:00:00,Delivery,1209,Completed
3399,139,14,2026-03-15,13:00:00,Takeaway,1061,Completed
3400,417,23,2026-03-24,13:00:00,Takeaway,1947,Completed
3401,58,10,2026-04-19,13:00:00,Takeaway,1098,Completed
3402,134,7,2026-06-28,13:00:00,Takeaway,1313,Completed
3403,158,17,2026-03-04,13:00:00,Dine-In,2520,Completed
3404,449,8,2026-01-27,13:00:00,Takeaway,1525,Completed
3405,324,22,2026-07-22,13:00:00,Delivery,2051,Completed
3406,369,3,2026-06-25,13:00:00,Delivery,1201,Completed
3407,311,14,2026-01-23,13:00:00,Takeaway,1395,Completed
3408,393,16,2026-02-07,13:00:00,Dine-In,1139,Completed
3409,332,13,2026-02-15,13:00:00,Dine-In,1411,Completed
3410,208,24,2026-05-27,13:00:00,Takeaway,1850,Completed
3411,78,4,2026-03-02,13:00:00,Delivery,1462,Completed
3412,431,8,2026-03-07,13:00:00,Takeaway,2200,Completed
3413,234,8,2026-06-06,13:00:00,Dine-In,1038,Completed
3414,382,9,2026-05-22,13:00:00,Dine-In,1613,Completed
3415,470,26,2026-04-27,13:00:00,Delivery,1700,Completed
3416,454,19,2026-04-12,13:00:00,Delivery,623,Completed
3417,20,20,2026-04-05,13:00:00,Takeaway,2050,Completed
3418,428,15,2026-06-23,13:00:00,Takeaway,2235,Completed
3419,298,19,2026-01-27,13:00:00,Dine-In,655,Completed
3420,330,30,2026-06-05,13:00:00,Delivery,3462,Completed
3421,88,9,2026-06-29,13:00:00,Dine-In,1333,Completed
3422,165,16,2026-01-27,13:00:00,Delivery,513,Completed
3423,371,1,2026-07-09,13:00:00,Delivery,3188,Completed
3424,322,21,2026-07-05,13:00:00,Delivery,2173,Completed
3425,417,10,2026-02-08,13:00:00,Dine-In,964,Completed
3426,37,28,2026-01-20,13:00:00,Dine-In,2178,Completed
3427,366,14,2026-04-15,13:00:00,Dine-In,2065,Completed
3428,121,11,2026-07-30,13:00:00,Dine-In,1683,Completed
3429,436,2,2026-03-11,13:00:00,Delivery,970,Completed
3430,202,18,2026-06-02,13:00:00,Delivery,1482,Completed
3431,378,13,2026-01-31,13:00:00,Takeaway,1463,Completed
3432,440,10,2026-01-04,13:00:00,Takeaway,1825,Completed
3433,199,12,2026-03-09,13:00:00,Dine-In,860,Completed
3434,39,7,2026-04-14,13:00:00,Dine-In,1760,Completed
3435,436,1,2026-01-23,13:00:00,Delivery,1059,Completed
3436,34,6,2026-05-01,13:00:00,Takeaway,908,Completed
3437,418,30,2026-01-30,13:00:00,Takeaway,2580,Completed
3438,418,20,2026-06-09,13:00:00,Takeaway,3105,Completed
3439,419,1,2026-01-12,13:00:00,Dine-In,1149,Completed
3440,359,21,2026-03-31,13:00:00,Dine-In,1584,Completed
3441,381,5,2026-04-09,13:00:00,Delivery,714,Completed
3442,348,16,2026-06-30,13:00:00,Dine-In,1204,Completed
3443,428,10,2026-02-19,13:00:00,Dine-In,1461,Completed
3444,152,29,2026-05-09,13:00:00,Dine-In,2552,Completed
3445,270,30,2026-02-12,13:00:00,Takeaway,1646,Completed
3446,335,23,2026-07-04,13:00:00,Takeaway,1740,Completed
3447,255,14,2026-02-06,13:00:00,Dine-In,2706,Completed
3448,382,30,2026-06-16,13:00:00,Dine-In,813,Completed
3449,19,24,2026-05-09,13:00:00,Takeaway,994,Completed
3450,310,24,2026-03-09,13:00:00,Dine-In,1611,Completed
3451,141,25,2026-06-17,13:00:00,Dine-In,2193,Completed
3452,191,30,2026-02-17,13:00:00,Takeaway,2736,Completed
3453,433,13,2026-01-11,13:00:00,Takeaway,846,Completed
3454,82,13,2026-07-29,13:00:00,Takeaway,1793,Completed
3455,434,26,2026-06-01,13:00:00,Takeaway,1342,Completed
3456,458,25,2026-03-31,13:00:00,Takeaway,2547,Completed
3457,14,18,2026-07-10,13:00:00,Dine-In,677,Completed
3458,366,24,2026-07-04,13:00:00,Dine-In,1180,Completed
3459,169,2,2026-06-10,13:00:00,Takeaway,1314,Completed
3460,81,11,2026-05-06,13:00:00,Takeaway,2433,Completed
3461,320,18,2026-02-03,13:00:00,Delivery,1138,Completed
3462,123,30,2026-04-17,13:00:00,Dine-In,1554,Completed
3463,324,9,2026-06-09,13:00:00,Takeaway,1120,Completed
3464,459,10,2026-05-20,13:00:00,Delivery,1114,Completed
3465,484,4,2026-02-28,13:00:00,Dine-In,1441,Completed
3466,157,30,2026-05-29,13:00:00,Delivery,786,Completed
3467,391,14,2026-07-23,13:00:00,Delivery,2201,Completed
3468,45,14,2026-05-30,13:00:00,Takeaway,2022,Completed
3469,145,3,2026-04-21,13:00:00,Dine-In,1536,Completed
3470,190,9,2026-04-24,13:00:00,Delivery,1821,Completed
3471,222,28,2026-07-03,13:00:00,Dine-In,1013,Completed
3472,253,13,2026-03-16,13:00:00,Takeaway,1468,Completed
3473,242,24,2026-05-29,13:00:00,Takeaway,1612,Completed
3474,476,9,2026-01-22,13:00:00,Takeaway,856,Completed
3475,410,26,2026-05-02,13:00:00,Takeaway,994,Completed
3476,155,26,2026-05-04,13:00:00,Dine-In,1236,Completed
3477,301,25,2026-04-09,13:00:00,Delivery,950,Completed
3478,437,24,2026-04-05,13:00:00,Dine-In,931,Completed
3479,54,29,2026-06-06,13:00:00,Delivery,751,Completed
3480,229,22,2026-03-04,13:00:00,Dine-In,2501,Completed
3481,343,20,2026-05-24,13:00:00,Delivery,1051,Completed
3482,116,12,2026-03-30,13:00:00,Takeaway,1701,Completed
3483,120,18,2026-03-07,13:00:00,Dine-In,2564,Completed
3484,55,27,2026-02-27,13:00:00,Delivery,1241,Completed
3485,188,15,2026-06-20,13:00:00,Dine-In,638,Completed
3486,477,24,2026-02-16,13:00:00,Takeaway,1818,Completed
3487,297,10,2026-04-16,13:00:00,Delivery,1242,Completed
3488,73,8,2026-01-12,13:00:00,Dine-In,2550,Completed
3489,121,22,2026-03-21,13:00:00,Delivery,1157,Completed
3490,95,3,2026-02-21,13:00:00,Delivery,2008,Completed
3491,376,13,2026-04-26,13:00:00,Delivery,1271,Completed
3492,465,12,2026-02-28,13:00:00,Takeaway,1543,Completed
3493,69,10,2026-07-12,13:00:00,Dine-In,1977,Completed
3494,51,22,2026-04-17,13:00:00,Dine-In,2370,Completed
3495,335,11,2026-07-30,13:00:00,Dine-In,1763,Completed
3496,272,13,2026-01-04,13:00:00,Takeaway,3086,Completed
3497,147,30,2026-07-06,13:00:00,Dine-In,1152,Completed
3498,55,29,2026-07-26,13:00:00,Dine-In,1375,Completed
3499,472,30,2026-05-04,13:00:00,Delivery,2085,Completed
3500,415,23,2026-04-11,13:00:00,Delivery,559,Completed
3501,421,7,2026-04-01,13:00:00,Dine-In,1080,Completed
3502,145,17,2026-04-26,13:00:00,Takeaway,2526,Completed
3503,186,7,2026-03-13,13:00:00,Takeaway,1053,Completed
3504,3,11,2026-01-14,13:00:00,Delivery,1081,Completed
3505,397,24,2026-02-19,13:00:00,Delivery,2404,Completed
3506,266,5,2026-04-23,13:00:00,Dine-In,2787,Completed
3507,233,28,2026-04-17,13:00:00,Takeaway,2156,Completed
3508,227,1,2026-06-25,13:00:00,Takeaway,790,Completed
3509,268,29,2026-04-09,13:00:00,Delivery,1503,Completed
3510,90,5,2026-05-11,13:00:00,Takeaway,2352,Completed
3511,43,30,2026-03-23,13:00:00,Dine-In,574,Completed
3512,282,19,2026-04-27,13:00:00,Delivery,530,Completed
3513,329,18,2026-02-11,13:00:00,Dine-In,2211,Completed
3514,34,13,2026-02-01,13:00:00,Delivery,635,Completed
3515,222,30,2026-04-30,13:00:00,Dine-In,1419,Completed
3516,337,13,2026-01-08,13:00:00,Dine-In,2156,Completed
3517,366,3,2026-04-22,13:00:00,Delivery,1811,Completed
3518,148,30,2026-06-14,13:00:00,Delivery,1534,Completed
3519,67,20,2026-06-11,13:00:00,Delivery,1614,Completed
3520,337,27,2026-02-08,13:00:00,Dine-In,613,Completed
3521,350,26,2026-02-09,13:00:00,Dine-In,2810,Completed
3522,379,9,2026-01-09,13:00:00,Dine-In,1276,Completed
3523,293,9,2026-06-20,13:00:00,Takeaway,1034,Completed
3524,178,30,2026-01-24,13:00:00,Delivery,1342,Completed
3525,17,27,2026-07-09,13:00:00,Dine-In,775,Completed
3526,78,4,2026-01-23,13:00:00,Dine-In,1640,Completed
3527,479,19,2026-02-17,13:00:00,Delivery,1358,Completed
3528,281,10,2026-02-14,13:00:00,Dine-In,1413,Completed
3529,274,14,2026-07-28,13:00:00,Delivery,1031,Completed
3530,454,2,2026-06-27,13:00:00,Takeaway,1339,Completed
3531,408,12,2026-01-14,13:00:00,Dine-In,1170,Completed
3532,439,17,2026-05-19,13:00:00,Dine-In,3121,Completed
3533,495,13,2026-07-06,13:00:00,Delivery,1673,Completed
3534,17,17,2026-02-15,13:00:00,Takeaway,2643,Completed
3535,48,28,2026-05-06,13:00:00,Delivery,1300,Completed
3536,155,6,2026-04-24,13:00:00,Delivery,2039,Completed
3537,422,7,2026-01-27,13:00:00,Takeaway,377,Completed
3538,293,12,2026-07-21,13:00:00,Takeaway,465,Completed
3539,40,4,2026-01-05,13:00:00,Takeaway,1617,Completed
3540,120,18,2026-05-07,13:00:00,Delivery,1037,Completed
3541,335,26,2026-03-01,13:00:00,Takeaway,855,Completed
3542,84,23,2026-04-02,13:00:00,Takeaway,704,Completed
3543,376,4,2026-03-06,13:00:00,Delivery,624,Completed
3544,90,26,2026-06-14,13:00:00,Delivery,813,Completed
3545,463,12,2026-05-01,13:00:00,Delivery,3305,Completed
3546,237,17,2026-07-18,13:00:00,Delivery,2097,Completed
3547,107,5,2026-06-10,13:00:00,Takeaway,1566,Completed
3548,200,9,2026-02-13,13:00:00,Takeaway,840,Completed
3549,202,28,2026-04-12,13:00:00,Takeaway,875,Completed
3550,345,10,2026-04-22,13:00:00,Delivery,1086,Completed
3551,100,5,2026-04-23,13:00:00,Delivery,1025,Completed
3552,223,26,2026-07-28,13:00:00,Delivery,2516,Completed
3553,59,27,2026-03-09,13:00:00,Takeaway,1123,Completed
3554,28,12,2026-05-24,13:00:00,Dine-In,1774,Completed
3555,26,4,2026-02-19,13:00:00,Delivery,616,Completed
3556,234,18,2026-06-25,13:00:00,Delivery,1949,Completed
3557,200,28,2026-06-30,13:00:00,Dine-In,1130,Completed
3558,204,21,2026-04-23,13:00:00,Dine-In,735,Completed
3559,491,15,2026-07-15,13:00:00,Delivery,2186,Completed
3560,108,6,2026-06-11,13:00:00,Delivery,2973,Completed
3561,331,22,2026-07-30,13:00:00,Takeaway,1686,Completed
3562,172,8,2026-03-18,13:00:00,Delivery,2631,Completed
3563,75,14,2026-04-17,13:00:00,Takeaway,2207,Completed
3564,197,8,2026-01-05,13:00:00,Dine-In,2775,Completed
3565,122,27,2026-05-15,13:00:00,Dine-In,1114,Completed
3566,267,1,2026-01-09,13:00:00,Dine-In,1523,Completed
3567,200,19,2026-05-29,13:00:00,Delivery,1006,Completed
3568,55,20,2026-04-01,13:00:00,Takeaway,1197,Completed
3569,123,2,2026-07-29,13:00:00,Delivery,1370,Completed
3570,209,2,2026-02-06,13:00:00,Takeaway,1227,Completed
3571,262,13,2026-07-07,13:00:00,Dine-In,1137,Completed
3572,81,11,2026-02-03,13:00:00,Delivery,1998,Completed
3573,451,8,2026-07-15,13:00:00,Dine-In,3032,Completed
3574,375,15,2026-06-19,13:00:00,Dine-In,1614,Completed
3575,454,26,2026-05-28,13:00:00,Takeaway,2708,Completed
3576,135,20,2026-02-01,13:00:00,Dine-In,1730,Completed
3577,492,1,2026-02-14,13:00:00,Takeaway,960,Completed
3578,260,29,2026-06-17,13:00:00,Takeaway,1791,Completed
3579,277,4,2026-06-08,13:00:00,Takeaway,1430,Completed
3580,406,11,2026-01-06,13:00:00,Dine-In,2108,Completed
3581,166,5,2026-06-20,13:00:00,Dine-In,1372,Completed
3582,397,10,2026-01-04,13:00:00,Delivery,1188,Completed
3583,208,28,2026-02-14,13:00:00,Takeaway,1473,Completed
3584,87,24,2026-07-07,13:00:00,Takeaway,1457,Completed
3585,474,19,2026-05-11,13:00:00,Dine-In,2244,Completed
3586,173,18,2026-01-19,13:00:00,Takeaway,1990,Completed
3587,197,7,2026-02-06,13:00:00,Takeaway,1204,Completed
3588,82,21,2026-06-20,13:00:00,Delivery,1483,Completed
3589,42,18,2026-01-29,13:00:00,Dine-In,2114,Completed
3590,200,2,2026-04-07,13:00:00,Dine-In,2060,Completed
3591,377,30,2026-07-24,13:00:00,Takeaway,631,Completed
3592,339,4,2026-04-21,13:00:00,Takeaway,1484,Completed
3593,52,8,2026-05-09,13:00:00,Delivery,2497,Completed
3594,6,8,2026-03-26,13:00:00,Dine-In,978,Completed
3595,370,28,2026-04-02,13:00:00,Dine-In,578,Completed
3596,69,8,2026-06-23,13:00:00,Delivery,2191,Completed
3597,180,30,2026-04-22,13:00:00,Takeaway,1419,Completed
3598,417,24,2026-06-21,13:00:00,Dine-In,1094,Completed
3599,457,21,2026-03-31,13:00:00,Dine-In,1126,Completed
3600,494,22,2026-06-09,13:00:00,Delivery,1920,Completed
3601,400,22,2026-03-14,13:00:00,Dine-In,888,Completed
3602,287,7,2026-06-24,13:00:00,Takeaway,709,Completed
3603,300,22,2026-06-12,13:00:00,Delivery,1679,Completed
3604,188,10,2026-03-27,13:00:00,Dine-In,1960,Completed
3605,451,4,2026-01-24,13:00:00,Takeaway,2612,Completed
3606,225,21,2026-02-08,13:00:00,Dine-In,1967,Completed
3607,493,17,2026-03-22,13:00:00,Takeaway,1001,Completed
3608,335,21,2026-01-06,13:00:00,Takeaway,1389,Completed
3609,79,21,2026-05-20,13:00:00,Dine-In,1354,Completed
3610,336,3,2026-07-12,13:00:00,Delivery,1725,Completed
3611,265,18,2026-05-13,13:00:00,Delivery,599,Completed
3612,353,16,2026-03-24,13:00:00,Dine-In,1361,Completed
3613,431,2,2026-03-29,13:00:00,Dine-In,2465,Completed
3614,320,8,2026-05-02,13:00:00,Dine-In,2902,Completed
3615,180,29,2026-02-22,13:00:00,Dine-In,1180,Completed
3616,351,6,2026-07-06,13:00:00,Dine-In,1632,Completed
3617,94,21,2026-03-11,13:00:00,Takeaway,1794,Completed
3618,393,8,2026-07-07,13:00:00,Takeaway,1722,Completed
3619,93,30,2026-04-19,13:00:00,Delivery,2885,Completed
3620,108,27,2026-01-16,13:00:00,Takeaway,932,Completed
3621,6,17,2026-05-13,13:00:00,Takeaway,1547,Completed
3622,262,7,2026-01-09,13:00:00,Delivery,1483,Completed
3623,216,10,2026-06-02,13:00:00,Takeaway,1350,Completed
3624,91,19,2026-07-15,13:00:00,Dine-In,1260,Completed
3625,95,15,2026-05-13,13:00:00,Delivery,2421,Completed
3626,70,18,2026-07-04,13:00:00,Dine-In,1543,Completed
3627,225,6,2026-07-02,13:00:00,Delivery,2158,Completed
3628,28,13,2026-01-07,13:00:00,Delivery,2075,Completed
3629,353,7,2026-02-26,13:00:00,Dine-In,2451,Completed
3630,303,16,2026-04-26,13:00:00,Dine-In,1590,Completed
3631,273,17,2026-02-03,13:00:00,Takeaway,2101,Completed
3632,137,7,2026-02-21,13:00:00,Delivery,3009,Completed
3633,155,9,2026-02-18,13:00:00,Dine-In,2067,Completed
3634,227,3,2026-04-09,13:00:00,Dine-In,1860,Completed
3635,130,9,2026-04-29,13:00:00,Takeaway,922,Completed
3636,404,3,2026-01-08,13:00:00,Takeaway,851,Completed
3637,443,26,2026-05-13,13:00:00,Takeaway,1154,Completed
3638,483,15,2026-02-03,13:00:00,Takeaway,1604,Completed
3639,412,27,2026-07-09,13:00:00,Dine-In,2502,Completed
3640,161,28,2026-01-28,13:00:00,Dine-In,1585,Completed
3641,136,22,2026-03-20,13:00:00,Delivery,3238,Completed
3642,402,24,2026-04-26,13:00:00,Delivery,2166,Completed
3643,345,18,2026-03-07,13:00:00,Takeaway,895,Completed
3644,204,29,2026-01-16,13:00:00,Delivery,1231,Completed
3645,350,6,2026-04-14,13:00:00,Dine-In,1375,Completed
3646,97,2,2026-05-21,13:00:00,Delivery,1094,Completed
3647,427,25,2026-07-27,13:00:00,Delivery,2264,Completed
3648,64,8,2026-01-28,13:00:00,Takeaway,2154,Completed
3649,137,27,2026-05-17,13:00:00,Takeaway,2982,Completed
3650,265,22,2026-05-18,13:00:00,Dine-In,1470,Completed
3651,88,8,2026-04-22,13:00:00,Delivery,2319,Completed
3652,223,4,2026-02-15,13:00:00,Takeaway,1219,Completed
3653,88,24,2026-02-06,13:00:00,Takeaway,1495,Completed
3654,215,12,2026-04-29,13:00:00,Takeaway,2690,Completed
3655,426,30,2026-02-04,13:00:00,Dine-In,440,Completed
3656,158,21,2026-03-20,13:00:00,Takeaway,1389,Completed
3657,361,1,2026-01-03,13:00:00,Takeaway,1466,Completed
3658,61,9,2026-01-22,13:00:00,Takeaway,2393,Completed
3659,298,24,2026-01-03,13:00:00,Delivery,1453,Completed
3660,429,23,2026-04-28,13:00:00,Delivery,1149,Completed
3661,157,14,2026-04-11,13:00:00,Delivery,1068,Completed
3662,63,3,2026-06-26,13:00:00,Dine-In,1526,Completed
3663,48,27,2026-07-22,13:00:00,Delivery,1981,Completed
3664,192,17,2026-06-24,13:00:00,Delivery,691,Completed
3665,459,26,2026-05-24,13:00:00,Dine-In,2475,Completed
3666,222,30,2026-02-27,13:00:00,Delivery,1872,Completed
3667,236,10,2026-02-27,13:00:00,Takeaway,1165,Completed
3668,400,23,2026-05-14,13:00:00,Takeaway,1242,Completed
3669,61,20,2026-04-02,13:00:00,Delivery,897,Completed
3670,386,5,2026-01-29,13:00:00,Takeaway,1460,Completed
3671,204,4,2026-05-07,13:00:00,Dine-In,1644,Completed
3672,43,30,2026-05-14,13:00:00,Delivery,536,Completed
3673,73,24,2026-02-12,13:00:00,Delivery,916,Completed
3674,171,6,2026-01-12,13:00:00,Dine-In,2340,Completed
3675,209,29,2026-07-01,13:00:00,Delivery,705,Completed
3676,406,10,2026-07-15,13:00:00,Delivery,793,Completed
3677,161,11,2026-06-27,13:00:00,Delivery,1847,Completed
3678,246,14,2026-03-10,13:00:00,Delivery,1244,Completed
3679,491,30,2026-07-23,13:00:00,Delivery,1084,Completed
3680,84,29,2026-01-09,13:00:00,Dine-In,647,Completed
3681,213,12,2026-02-08,13:00:00,Takeaway,1648,Completed
3682,189,29,2026-01-19,13:00:00,Takeaway,2181,Completed
3683,211,25,2026-04-18,13:00:00,Dine-In,1044,Completed
3684,430,21,2026-07-27,13:00:00,Delivery,402,Completed
3685,426,24,2026-03-15,13:00:00,Takeaway,2197,Completed
3686,19,16,2026-05-14,13:00:00,Delivery,1674,Completed
3687,162,27,2026-04-05,13:00:00,Takeaway,3555,Completed
3688,366,2,2026-06-28,13:00:00,Dine-In,1494,Completed
3689,254,28,2026-07-03,13:00:00,Takeaway,2334,Completed
3690,8,30,2026-07-08,13:00:00,Delivery,1573,Completed
3691,305,16,2026-04-30,13:00:00,Takeaway,1563,Completed
3692,308,11,2026-02-02,13:00:00,Dine-In,1019,Completed
3693,89,8,2026-05-12,13:00:00,Dine-In,1763,Completed
3694,26,8,2026-05-24,13:00:00,Takeaway,2863,Completed
3695,425,19,2026-04-05,13:00:00,Dine-In,2229,Completed
3696,254,15,2026-05-23,13:00:00,Dine-In,2268,Completed
3697,145,18,2026-03-27,13:00:00,Dine-In,2525,Completed
3698,438,25,2026-01-01,13:00:00,Dine-In,1428,Completed
3699,301,25,2026-06-20,13:00:00,Delivery,2178,Completed
3700,412,12,2026-07-08,13:00:00,Delivery,2633,Completed
3701,238,9,2026-07-26,13:00:00,Delivery,1484,Completed
3702,360,23,2026-05-29,13:00:00,Dine-In,721,Completed
3703,237,19,2026-04-06,13:00:00,Takeaway,916,Completed
3704,297,5,2026-06-26,13:00:00,Dine-In,1148,Completed
3705,166,26,2026-03-27,13:00:00,Dine-In,1500,Completed
3706,297,22,2026-06-07,13:00:00,Takeaway,1776,Completed
3707,307,7,2026-02-11,13:00:00,Dine-In,1904,Completed
3708,274,24,2026-04-24,13:00:00,Takeaway,1508,Completed
3709,492,10,2026-02-28,13:00:00,Dine-In,2037,Completed
3710,122,12,2026-01-24,13:00:00,Delivery,1647,Completed
3711,21,19,2026-07-18,13:00:00,Delivery,1324,Completed
3712,424,2,2026-04-04,13:00:00,Delivery,786,Completed
3713,249,21,2026-03-08,13:00:00,Takeaway,1291,Completed
3714,312,1,2026-05-27,13:00:00,Delivery,1898,Completed
3715,173,4,2026-07-25,13:00:00,Delivery,1367,Completed
3716,279,13,2026-05-15,13:00:00,Takeaway,1442,Completed
3717,358,6,2026-07-19,13:00:00,Dine-In,1790,Completed
3718,392,24,2026-02-05,13:00:00,Dine-In,1967,Completed
3719,37,23,2026-07-04,13:00:00,Dine-In,1764,Completed
3720,259,23,2026-02-04,13:00:00,Takeaway,1126,Completed
3721,215,25,2026-06-28,13:00:00,Delivery,888,Completed
3722,233,6,2026-05-01,13:00:00,Delivery,1639,Completed
3723,451,2,2026-07-02,13:00:00,Takeaway,1064,Completed
3724,204,9,2026-04-19,13:00:00,Dine-In,1561,Completed
3725,296,24,2026-05-13,13:00:00,Takeaway,2319,Completed
3726,200,20,2026-03-05,13:00:00,Dine-In,2642,Completed
3727,41,20,2026-05-09,13:00:00,Delivery,666,Completed
3728,140,24,2026-02-22,13:00:00,Delivery,585,Completed
3729,385,6,2026-06-02,13:00:00,Dine-In,700,Completed
3730,378,15,2026-01-12,13:00:00,Takeaway,1163,Completed
3731,320,28,2026-01-22,13:00:00,Dine-In,909,Completed
3732,208,26,2026-06-06,13:00:00,Delivery,2224,Completed
3733,22,11,2026-05-02,13:00:00,Takeaway,2234,Completed
3734,57,6,2026-02-16,13:00:00,Takeaway,1023,Completed
3735,229,13,2026-01-13,13:00:00,Takeaway,461,Completed
3736,189,17,2026-02-13,13:00:00,Dine-In,2367,Completed
3737,10,28,2026-06-02,13:00:00,Takeaway,3037,Completed
3738,162,14,2026-05-22,13:00:00,Takeaway,602,Completed
3739,52,23,2026-04-18,13:00:00,Dine-In,2402,Completed
3740,204,28,2026-01-24,13:00:00,Dine-In,2174,Completed
3741,269,3,2026-06-04,13:00:00,Dine-In,675,Completed
3742,246,5,2026-02-27,13:00:00,Delivery,1056,Completed
3743,456,22,2026-05-09,13:00:00,Takeaway,819,Completed
3744,434,9,2026-02-13,13:00:00,Dine-In,1197,Completed
3745,375,10,2026-01-26,13:00:00,Dine-In,985,Completed
3746,274,29,2026-05-17,13:00:00,Delivery,792,Completed
3747,225,29,2026-04-14,13:00:00,Dine-In,958,Completed
3748,12,15,2026-01-16,13:00:00,Delivery,770,Completed
3749,5,5,2026-02-16,13:00:00,Takeaway,756,Completed
3750,341,6,2026-01-28,13:00:00,Delivery,1187,Completed
3751,220,26,2026-02-28,13:00:00,Delivery,746,Completed
3752,331,7,2026-03-23,13:00:00,Dine-In,1616,Completed
3753,185,21,2026-02-18,13:00:00,Takeaway,1133,Completed
3754,34,6,2026-04-23,13:00:00,Delivery,1562,Completed
3755,354,5,2026-01-16,13:00:00,Takeaway,520,Completed
3756,450,26,2026-07-13,13:00:00,Delivery,1136,Completed
3757,271,23,2026-02-06,13:00:00,Delivery,974,Completed
3758,363,24,2026-03-11,13:00:00,Delivery,1107,Completed
3759,77,16,2026-02-26,13:00:00,Delivery,2399,Completed
3760,374,27,2026-07-11,13:00:00,Takeaway,2037,Completed
3761,472,21,2026-02-09,13:00:00,Takeaway,1098,Completed
3762,262,8,2026-05-10,13:00:00,Delivery,2970,Completed
3763,50,21,2026-06-21,13:00:00,Takeaway,1376,Completed
3764,253,11,2026-01-02,13:00:00,Takeaway,1490,Completed
3765,260,29,2026-05-04,13:00:00,Delivery,1344,Completed
3766,148,18,2026-07-05,13:00:00,Takeaway,1252,Completed
3767,99,18,2026-03-19,13:00:00,Delivery,1704,Completed
3768,50,26,2026-01-02,13:00:00,Dine-In,1760,Completed
3769,208,2,2026-07-27,13:00:00,Dine-In,827,Completed
3770,93,7,2026-07-20,13:00:00,Takeaway,2785,Completed
3771,471,24,2026-05-26,13:00:00,Dine-In,1797,Completed
3772,35,8,2026-01-01,13:00:00,Dine-In,1131,Completed
3773,267,13,2026-03-26,13:00:00,Takeaway,1923,Completed
3774,435,8,2026-02-09,13:00:00,Dine-In,1214,Completed
3775,418,21,2026-03-24,13:00:00,Dine-In,2371,Completed
3776,433,30,2026-02-03,13:00:00,Delivery,2119,Completed
3777,132,19,2026-02-24,13:00:00,Takeaway,2073,Completed
3778,53,28,2026-03-01,13:00:00,Delivery,2228,Completed
3779,365,27,2026-01-06,13:00:00,Delivery,1529,Completed
3780,160,9,2026-03-21,13:00:00,Dine-In,2393,Completed
3781,145,26,2026-07-15,13:00:00,Takeaway,962,Completed
3782,303,22,2026-07-12,13:00:00,Dine-In,1089,Completed
3783,371,20,2026-03-04,13:00:00,Delivery,1629,Completed
3784,290,15,2026-06-22,13:00:00,Dine-In,1551,Completed
3785,439,7,2026-07-06,13:00:00,Dine-In,1347,Completed
3786,111,15,2026-07-22,13:00:00,Delivery,1403,Completed
3787,378,8,2026-04-14,13:00:00,Delivery,1089,Completed
3788,388,25,2026-04-11,13:00:00,Dine-In,1312,Completed
3789,116,18,2026-06-20,13:00:00,Takeaway,1741,Completed
3790,162,30,2026-02-22,13:00:00,Takeaway,1460,Completed
3791,50,29,2026-05-31,13:00:00,Delivery,1506,Completed
3792,323,28,2026-04-16,13:00:00,Takeaway,1636,Completed
3793,232,11,2026-01-11,13:00:00,Delivery,1748,Completed
3794,101,6,2026-07-06,13:00:00,Delivery,956,Completed
3795,268,6,2026-07-16,13:00:00,Delivery,2511,Completed
3796,19,12,2026-07-02,13:00:00,Dine-In,2717,Completed
3797,368,18,2026-02-10,13:00:00,Takeaway,1293,Completed
3798,243,23,2026-04-25,13:00:00,Takeaway,2720,Completed
3799,321,21,2026-04-10,13:00:00,Dine-In,2699,Completed
3800,321,17,2026-07-26,13:00:00,Takeaway,2356,Completed
3801,130,23,2026-03-08,13:00:00,Takeaway,2380,Completed
3802,101,19,2026-06-19,13:00:00,Delivery,1325,Completed
3803,398,11,2026-01-31,13:00:00,Dine-In,532,Completed
3804,133,4,2026-03-26,13:00:00,Takeaway,1170,Completed
3805,491,6,2026-05-25,13:00:00,Delivery,575,Completed
3806,182,20,2026-06-18,13:00:00,Takeaway,2949,Completed
3807,171,27,2026-06-13,13:00:00,Takeaway,2073,Completed
3808,450,2,2026-01-02,13:00:00,Dine-In,1652,Completed
3809,433,14,2026-02-16,13:00:00,Delivery,1078,Completed
3810,62,5,2026-07-10,13:00:00,Takeaway,1562,Completed
3811,335,17,2026-07-27,13:00:00,Delivery,2109,Completed
3812,333,7,2026-03-23,13:00:00,Delivery,910,Completed
3813,256,30,2026-07-10,13:00:00,Delivery,1644,Completed
3814,288,10,2026-01-02,13:00:00,Takeaway,647,Completed
3815,14,8,2026-05-28,13:00:00,Takeaway,970,Completed
3816,491,6,2026-02-17,13:00:00,Dine-In,1725,Completed
3817,432,17,2026-03-12,13:00:00,Delivery,2160,Completed
3818,181,9,2026-01-04,13:00:00,Delivery,758,Completed
3819,139,17,2026-07-04,13:00:00,Takeaway,1214,Completed
3820,411,16,2026-01-24,13:00:00,Takeaway,2004,Completed
3821,213,16,2026-03-02,13:00:00,Dine-In,1681,Completed
3822,46,28,2026-03-21,13:00:00,Dine-In,2301,Completed
3823,215,16,2026-02-20,13:00:00,Delivery,558,Completed
3824,339,8,2026-01-06,13:00:00,Takeaway,568,Completed
3825,254,29,2026-06-11,13:00:00,Takeaway,2330,Completed
3826,261,16,2026-04-15,13:00:00,Delivery,1400,Completed
3827,98,24,2026-07-20,13:00:00,Delivery,960,Completed
3828,292,17,2026-06-20,13:00:00,Takeaway,1988,Completed
3829,400,20,2026-04-15,13:00:00,Delivery,1169,Completed
3830,262,22,2026-01-05,13:00:00,Delivery,1186,Completed
3831,52,28,2026-01-25,13:00:00,Dine-In,1234,Completed
3832,497,5,2026-03-27,13:00:00,Delivery,2621,Completed
3833,114,9,2026-01-21,13:00:00,Takeaway,1105,Completed
3834,302,8,2026-02-23,13:00:00,Delivery,1068,Completed
3835,53,16,2026-07-06,13:00:00,Delivery,1255,Completed
3836,201,10,2026-04-25,13:00:00,Dine-In,573,Completed
3837,413,20,2026-06-20,13:00:00,Takeaway,1462,Completed
3838,453,14,2026-03-24,13:00:00,Dine-In,1456,Completed
3839,121,19,2026-03-05,13:00:00,Takeaway,623,Completed
3840,335,25,2026-06-17,13:00:00,Dine-In,1321,Completed
3841,212,8,2026-02-08,13:00:00,Takeaway,1004,Completed
3842,192,2,2026-01-08,13:00:00,Dine-In,754,Completed
3843,386,19,2026-07-10,13:00:00,Dine-In,465,Completed
3844,214,17,2026-04-27,13:00:00,Delivery,2420,Completed
3845,122,21,2026-04-16,13:00:00,Dine-In,2001,Completed
3846,266,28,2026-01-24,13:00:00,Dine-In,990,Completed
3847,451,5,2026-06-05,13:00:00,Delivery,3049,Completed
3848,349,8,2026-03-19,13:00:00,Dine-In,1109,Completed
3849,260,18,2026-01-17,13:00:00,Delivery,1316,Completed
3850,198,9,2026-04-01,13:00:00,Delivery,903,Completed
3851,318,25,2026-02-01,13:00:00,Delivery,2365,Completed
3852,266,15,2026-05-02,13:00:00,Takeaway,3206,Completed
3853,389,15,2026-02-21,13:00:00,Dine-In,2161,Completed
3854,123,15,2026-05-10,13:00:00,Takeaway,1818,Completed
3855,244,9,2026-07-23,13:00:00,Takeaway,1890,Completed
3856,112,8,2026-05-31,13:00:00,Takeaway,2346,Completed
3857,141,2,2026-01-03,13:00:00,Dine-In,412,Completed
3858,492,15,2026-05-21,13:00:00,Delivery,1690,Completed
3859,458,3,2026-06-25,13:00:00,Takeaway,795,Completed
3860,190,12,2026-06-17,13:00:00,Takeaway,599,Completed
3861,312,20,2026-04-21,13:00:00,Delivery,1484,Completed
3862,344,10,2026-05-04,13:00:00,Delivery,1300,Completed
3863,67,6,2026-04-27,13:00:00,Dine-In,2922,Completed
3864,200,27,2026-05-29,13:00:00,Delivery,1709,Completed
3865,158,20,2026-01-09,13:00:00,Delivery,2981,Completed
3866,47,24,2026-06-27,13:00:00,Delivery,1543,Completed
3867,104,11,2026-07-23,13:00:00,Dine-In,910,Completed
3868,224,21,2026-02-04,13:00:00,Dine-In,2137,Completed
3869,199,16,2026-05-04,13:00:00,Dine-In,2317,Completed
3870,345,28,2026-04-23,13:00:00,Takeaway,973,Completed
3871,340,15,2026-03-07,13:00:00,Takeaway,1232,Completed
3872,442,19,2026-06-04,13:00:00,Dine-In,1968,Completed
3873,443,18,2026-01-16,13:00:00,Dine-In,2507,Completed
3874,127,10,2026-03-24,13:00:00,Dine-In,1390,Completed
3875,199,6,2026-04-16,13:00:00,Dine-In,1259,Completed
3876,28,12,2026-04-10,13:00:00,Delivery,1916,Completed
3877,410,11,2026-03-23,13:00:00,Delivery,1626,Completed
3878,72,1,2026-01-16,13:00:00,Dine-In,1236,Completed
3879,107,10,2026-04-14,13:00:00,Dine-In,1170,Completed
3880,300,13,2026-06-28,13:00:00,Takeaway,2237,Completed
3881,483,15,2026-05-11,13:00:00,Dine-In,2639,Completed
3882,335,26,2026-07-18,13:00:00,Dine-In,2615,Completed
3883,191,5,2026-05-29,13:00:00,Dine-In,2194,Completed
3884,499,7,2026-01-27,13:00:00,Takeaway,1720,Completed
3885,381,5,2026-05-16,13:00:00,Dine-In,1646,Completed
3886,410,15,2026-03-27,13:00:00,Delivery,2446,Completed
3887,87,28,2026-02-06,13:00:00,Delivery,1147,Completed
3888,365,19,2026-04-08,13:00:00,Delivery,1498,Completed
3889,233,21,2026-06-09,13:00:00,Dine-In,1939,Completed
3890,185,20,2026-01-11,13:00:00,Dine-In,1377,Completed
3891,406,8,2026-02-17,13:00:00,Takeaway,741,Completed
3892,138,30,2026-07-07,13:00:00,Dine-In,1072,Completed
3893,254,5,2026-07-18,13:00:00,Dine-In,522,Completed
3894,57,8,2026-07-29,13:00:00,Dine-In,1287,Completed
3895,30,6,2026-02-07,13:00:00,Delivery,955,Completed
3896,464,7,2026-07-06,13:00:00,Takeaway,1308,Completed
3897,115,6,2026-03-07,13:00:00,Delivery,1093,Completed
3898,459,7,2026-01-13,13:00:00,Dine-In,2985,Completed
3899,42,2,2026-03-31,13:00:00,Dine-In,977,Completed
3900,236,20,2026-07-29,13:00:00,Delivery,2591,Completed
3901,16,20,2026-03-19,13:00:00,Takeaway,1429,Completed
3902,450,26,2026-07-24,13:00:00,Delivery,1583,Completed
3903,304,10,2026-06-22,13:00:00,Dine-In,2316,Completed
3904,85,22,2026-05-30,13:00:00,Takeaway,1843,Completed
3905,342,24,2026-04-11,13:00:00,Delivery,2158,Completed
3906,162,9,2026-04-10,13:00:00,Delivery,1353,Completed
3907,122,19,2026-01-31,13:00:00,Delivery,842,Completed
3908,494,29,2026-07-17,13:00:00,Delivery,1443,Completed
3909,120,5,2026-07-03,13:00:00,Delivery,657,Completed
3910,136,21,2026-03-17,13:00:00,Takeaway,746,Completed
3911,257,20,2026-06-22,13:00:00,Dine-In,1814,Completed
3912,17,20,2026-05-18,13:00:00,Dine-In,943,Completed
3913,25,13,2026-05-28,13:00:00,Delivery,1119,Completed
3914,327,13,2026-04-15,13:00:00,Delivery,2613,Completed
3915,453,12,2026-07-22,13:00:00,Takeaway,2037,Completed
3916,101,1,2026-02-27,13:00:00,Takeaway,1607,Completed
3917,206,26,2026-06-09,13:00:00,Delivery,2173,Completed
3918,440,11,2026-06-19,13:00:00,Takeaway,1687,Completed
3919,244,15,2026-06-13,13:00:00,Delivery,1725,Completed
3920,460,15,2026-03-12,13:00:00,Delivery,1473,Completed
3921,100,19,2026-02-04,13:00:00,Dine-In,1747,Completed
3922,453,11,2026-06-04,13:00:00,Delivery,1161,Completed
3923,65,19,2026-02-23,13:00:00,Delivery,2372,Completed
3924,210,14,2026-05-25,13:00:00,Takeaway,1465,Completed
3925,72,3,2026-06-30,13:00:00,Delivery,1575,Completed
3926,25,15,2026-03-06,13:00:00,Dine-In,1825,Completed
3927,500,8,2026-07-01,13:00:00,Takeaway,1266,Completed
3928,180,15,2026-03-24,13:00:00,Takeaway,832,Completed
3929,227,29,2026-03-11,13:00:00,Dine-In,2018,Completed
3930,395,7,2026-01-29,13:00:00,Takeaway,1939,Completed
3931,235,28,2026-07-30,13:00:00,Delivery,2570,Completed
3932,406,30,2026-06-17,13:00:00,Takeaway,1033,Completed
3933,198,20,2026-01-07,13:00:00,Delivery,832,Completed
3934,131,29,2026-06-04,13:00:00,Dine-In,1115,Completed
3935,39,6,2026-04-29,13:00:00,Takeaway,1484,Completed
3936,374,4,2026-01-19,13:00:00,Takeaway,4209,Completed
3937,313,14,2026-07-18,13:00:00,Delivery,1350,Completed
3938,369,7,2026-04-01,13:00:00,Dine-In,1294,Completed
3939,226,25,2026-04-07,13:00:00,Delivery,493,Completed
3940,313,18,2026-07-21,13:00:00,Takeaway,624,Completed
3941,459,30,2026-06-16,13:00:00,Delivery,718,Completed
3942,177,7,2026-05-23,13:00:00,Dine-In,759,Completed
3943,86,14,2026-05-04,13:00:00,Dine-In,1560,Completed
3944,38,24,2026-03-26,13:00:00,Delivery,2102,Completed
3945,163,1,2026-01-13,13:00:00,Takeaway,1482,Completed
3946,279,14,2026-03-25,13:00:00,Takeaway,1300,Completed
3947,236,1,2026-02-10,13:00:00,Dine-In,1258,Completed
3948,196,10,2026-05-07,13:00:00,Dine-In,1440,Completed
3949,252,25,2026-06-28,13:00:00,Takeaway,1050,Completed
3950,120,9,2026-03-13,13:00:00,Delivery,1175,Completed
3951,435,27,2026-02-09,13:00:00,Delivery,1962,Completed
3952,137,19,2026-07-23,13:00:00,Dine-In,1105,Completed
3953,192,3,2026-06-17,13:00:00,Delivery,1491,Completed
3954,45,16,2026-02-04,13:00:00,Dine-In,657,Completed
3955,277,9,2026-06-18,13:00:00,Delivery,948,Completed
3956,379,3,2026-01-19,13:00:00,Delivery,1468,Completed
3957,436,13,2026-04-28,13:00:00,Dine-In,2477,Completed
3958,70,28,2026-03-05,13:00:00,Dine-In,660,Completed
3959,410,30,2026-02-21,13:00:00,Dine-In,2388,Completed
3960,381,22,2026-01-01,13:00:00,Takeaway,980,Completed
3961,303,8,2026-05-05,13:00:00,Delivery,1091,Completed
3962,330,19,2026-03-17,13:00:00,Dine-In,1626,Completed
3963,7,8,2026-07-16,13:00:00,Takeaway,1326,Completed
3964,421,11,2026-03-11,13:00:00,Dine-In,2067,Completed
3965,369,3,2026-02-26,13:00:00,Dine-In,1404,Completed
3966,1,13,2026-02-07,13:00:00,Takeaway,1216,Completed
3967,322,2,2026-02-12,13:00:00,Takeaway,1493,Completed
3968,404,4,2026-05-15,13:00:00,Takeaway,607,Completed
3969,394,14,2026-02-07,13:00:00,Takeaway,1830,Completed
3970,155,18,2026-05-15,13:00:00,Takeaway,1453,Completed
3971,165,19,2026-06-16,13:00:00,Takeaway,2879,Completed
3972,85,20,2026-07-28,13:00:00,Dine-In,1160,Completed
3973,308,6,2026-05-02,13:00:00,Dine-In,898,Completed
3974,195,13,2026-04-23,13:00:00,Takeaway,1693,Completed
3975,316,9,2026-03-30,13:00:00,Takeaway,1409,Completed
3976,179,22,2026-07-09,13:00:00,Dine-In,1569,Completed
3977,295,26,2026-01-12,13:00:00,Dine-In,2610,Completed
3978,148,12,2026-05-24,13:00:00,Takeaway,965,Completed
3979,351,25,2026-01-14,13:00:00,Dine-In,1404,Completed
3980,437,15,2026-03-06,13:00:00,Delivery,2909,Completed
3981,319,18,2026-02-16,13:00:00,Takeaway,2504,Completed
3982,6,15,2026-01-10,13:00:00,Delivery,1620,Completed
3983,18,20,2026-07-06,13:00:00,Delivery,785,Completed
3984,182,20,2026-05-11,13:00:00,Dine-In,1817,Completed
3985,205,13,2026-06-28,13:00:00,Delivery,407,Completed
3986,307,2,2026-05-02,13:00:00,Dine-In,1236,Completed
3987,360,27,2026-02-10,13:00:00,Dine-In,1371,Completed
3988,81,12,2026-03-17,13:00:00,Delivery,955,Completed
3989,353,5,2026-02-04,13:00:00,Takeaway,1877,Completed
3990,420,11,2026-01-24,13:00:00,Takeaway,2427,Completed
3991,414,6,2026-04-16,13:00:00,Dine-In,1085,Completed
3992,488,30,2026-02-09,13:00:00,Dine-In,1637,Completed
3993,385,14,2026-05-10,13:00:00,Delivery,1811,Completed
3994,477,29,2026-03-23,13:00:00,Dine-In,829,Completed
3995,307,3,2026-01-13,13:00:00,Dine-In,3164,Completed
3996,395,10,2026-07-09,13:00:00,Delivery,686,Completed
3997,242,8,2026-01-04,13:00:00,Delivery,648,Completed
3998,337,7,2026-07-28,13:00:00,Takeaway,1893,Completed
3999,351,26,2026-05-24,13:00:00,Delivery,2293,Completed
4000,269,1,2026-02-07,13:00:00,Takeaway,1075,Completed
