payment_id,order_id,payment_mode,amount,payment_status,payment_date
1,1,Card,567,Paid,2026-06-30
2,2,Card,3537,Paid,2026-03-10
3,3,Cash,1930,Paid,2026-04-13
4,4,Cash,1681,Paid,2026-03-03
5,5,Card,1221,Paid,2026-01-23
6,6,Card,3122,Paid,2026-06-25
7,7,Card,1185,Paid,2026-06-01
8,8,UPI,2975,Paid,2026-07-02
9,9,Wallet,1859,Paid,2026-06-06
10,10,UPI,648,Paid,2026-05-27
11,11,Card,1922,Paid,2026-07-28
12,12,Card,1382,Paid,2026-04-08
13,13,Cash,1934,Paid,2026-04-02
14,14,Wallet,1667,Paid,2026-04-26
15,15,Card,1734,Paid,2026-05-14
16,16,Wallet,1211,Paid,2026-01-15
17,17,Card,1466,Paid,2026-01-24
18,18,Card,727,Paid,2026-01-12
19,19,Card,3692,Paid,2026-04-01
20,20,Cash,2040,Paid,2026-01-19
21,21,Wallet,1879,Paid,2026-06-01
22,22,Cash,565,Paid,2026-05-06
23,23,Cash,1298,Paid,2026-06-24
24,24,Wallet,403,Paid,2026-05-27
25,25,Wallet,467,Paid,2026-01-15
26,26,UPI,1674,Paid,2026-05-30
27,27,Wallet,2101,Paid,2026-05-13
28,28,Card,2147,Paid,2026-05-11
29,29,Wallet,1329,Paid,2026-03-20
30,30,Cash,1674,Paid,2026-07-01
31,31,UPI,2060,Paid,2026-07-06
32,32,UPI,2800,Paid,2026-07-01
33,33,Wallet,581,Paid,2026-04-22
34,34,Card,2214,Paid,2026-02-16
35,35,Wallet,1752,Paid,2026-07-25
36,36,Wallet,1272,Paid,2026-01-25
37,37,Wallet,597,Paid,2026-06-25
38,38,UPI,2153,Paid,2026-03-17
39,39,Cash,1805,Paid,2026-02-08
40,40,UPI,2813,Paid,2026-02-20
41,41,Wallet,2424,Paid,2026-06-17
42,42,Card,1750,Paid,2026-03-13
43,43,Card,852,Paid,2026-01-09
44,44,Cash,1944,Paid,2026-01-13
45,45,Cash,1157,Paid,2026-07-21
46,46,Wallet,1331,Paid,2026-07-21
47,47,UPI,2283,Paid,2026-06-15
48,48,Card,1067,Paid,2026-04-03
49,49,Card,206,Paid,2026-02-08
50,50,Card,1356,Paid,2026-05-18
51,51,UPI,1833,Paid,2026-04-04
52,52,UPI,1623,Paid,2026-01-25
53,53,Cash,888,Paid,2026-01-23
54,54,UPI,1105,Paid,2026-03-16
55,55,UPI,1752,Paid,2026-06-02
56,56,UPI,813,Paid,2026-06-08
57,57,UPI,890,Paid,2026-01-03
58,58,Card,420,Paid,2026-02-08
59,59,Card,1038,Paid,2026-07-01
60,60,Card,2142,Paid,2026-01-18
61,61,Cash,1871,Paid,2026-05-30
62,62,Cash,1803,Paid,2026-07-10
63,63,UPI,1102,Paid,2026-01-18
64,64,Card,2862,Paid,2026-05-07
65,65,Wallet,1172,Paid,2026-04-08
66,66,Wallet,1786,Paid,2026-07-22
67,67,Wallet,1319,Paid,2026-06-04
68,68,UPI,1338,Paid,2026-04-30
69,69,UPI,1319,Paid,2026-01-31
70,70,UPI,2288,Paid,2026-02-27
71,71,Card,555,Paid,2026-04-11
72,72,Wallet,1356,Paid,2026-07-08
73,73,Card,2058,Paid,2026-02-04
74,74,Wallet,2034,Paid,2026-03-17
75,75,Wallet,918,Paid,2026-04-04
76,76,Card,1593,Paid,2026-03-21
77,77,UPI,1438,Paid,2026-05-04
78,78,Wallet,1519,Paid,2026-07-11
79,79,UPI,2119,Paid,2026-06-16
80,80,Cash,842,Paid,2026-05-28
81,81,UPI,2309,Paid,2026-02-11
82,82,Card,2470,Paid,2026-03-11
83,83,Wallet,1479,Paid,2026-04-03
84,84,Wallet,1570,Paid,2026-06-13
85,85,Cash,1415,Paid,2026-07-12
86,86,Card,978,Paid,2026-03-08
87,87,Wallet,956,Paid,2026-04-01
88,88,Cash,2583,Paid,2026-07-26
89,89,UPI,2164,Paid,2026-07-18
90,90,Wallet,1455,Paid,2026-05-17
91,91,UPI,2572,Paid,2026-01-18
92,92,Wallet,974,Paid,2026-02-08
93,93,Card,2057,Paid,2026-03-15
94,94,Cash,596,Paid,2026-06-05
95,95,Wallet,1963,Paid,2026-04-03
96,96,Cash,1477,Paid,2026-03-12
97,97,Card,2270,Paid,2026-05-04
98,98,Cash,1487,Paid,2026-07-27
99,99,Wallet,1185,Paid,2026-06-11
100,100,Card,1058,Paid,2026-02-27
101,101,Card,2142,Paid,2026-01-19
102,102,Cash,1960,Paid,2026-06-07
103,103,Cash,2549,Paid,2026-04-23
104,104,Card,1672,Paid,2026-07-09
105,105,Cash,965,Paid,2026-05-23
106,106,Cash,1909,Paid,2026-01-12
107,107,UPI,1158,Paid,2026-02-09
108,108,UPI,1749,Paid,2026-01-28
109,109,Cash,1860,Paid,2026-07-01
110,110,Cash,1809,Paid,2026-02-24
111,111,Card,2349,Paid,2026-03-24
112,112,Wallet,1089,Paid,2026-04-08
113,113,UPI,1981,Paid,2026-07-14
114,114,UPI,1114,Paid,2026-07-03
115,115,Cash,1203,Paid,2026-07-24
116,116,Wallet,908,Paid,2026-03-04
117,117,Wallet,1248,Paid,2026-03-03
118,118,UPI,1492,Paid,2026-03-09
119,119,Wallet,1695,Paid,2026-02-06
120,120,Cash,727,Paid,2026-01-01
121,121,Cash,2226,Paid,2026-06-30
122,122,Wallet,1194,Paid,2026-02-17
123,123,Card,1550,Paid,2026-01-29
124,124,Cash,1664,Paid,2026-03-12
125,125,UPI,2478,Paid,2026-01-20
126,126,Cash,392,Paid,2026-07-14
127,127,UPI,1809,Paid,2026-06-21
128,128,Wallet,1149,Paid,2026-03-06
129,129,UPI,1318,Paid,2026-07-15
130,130,UPI,1062,Paid,2026-05-20
131,131,Wallet,2815,Paid,2026-01-27
132,132,Cash,933,Paid,2026-02-11
133,133,UPI,1006,Paid,2026-06-15
134,134,Cash,2478,Paid,2026-06-06
135,135,UPI,1171,Paid,2026-01-24
136,136,Cash,919,Paid,2026-06-17
137,137,Card,1128,Paid,2026-05-18
138,138,UPI,886,Paid,2026-07-16
139,139,Cash,938,Paid,2026-04-24
140,140,Card,836,Paid,2026-04-10
141,141,Card,1167,Paid,2026-03-13
142,142,Card,696,Paid,2026-06-19
143,143,Card,2091,Paid,2026-06-16
144,144,UPI,1263,Paid,2026-05-19
145,145,UPI,909,Paid,2026-05-14
146,146,Wallet,1158,Paid,2026-06-16
147,147,Card,708,Paid,2026-03-09
148,148,Wallet,1278,Paid,2026-01-08
149,149,Cash,915,Paid,2026-01-31
150,150,UPI,1760,Paid,2026-02-18
151,151,UPI,1627,Paid,2026-05-04
152,152,Wallet,412,Paid,2026-05-11
153,153,UPI,886,Paid,2026-07-20
154,154,Cash,1078,Paid,2026-03-13
155,155,UPI,2807,Paid,2026-06-10
156,156,UPI,1494,Paid,2026-07-17
157,157,UPI,2437,Paid,2026-06-29
158,158,UPI,2052,Paid,2026-03-19
159,159,Wallet,3145,Paid,2026-01-17
160,160,Card,1072,Paid,2026-02-21
161,161,Cash,614,Paid,2026-04-16
162,162,UPI,1876,Paid,2026-02-09
163,163,UPI,690,Paid,2026-03-08
164,164,Wallet,669,Paid,2026-05-29
165,165,Cash,1631,Paid,2026-07-22
166,166,UPI,1308,Paid,2026-04-22
167,167,Cash,1351,Paid,2026-04-18
168,168,Cash,2906,Paid,2026-04-25
169,169,Card,2250,Paid,2026-06-01
170,170,Wallet,1988,Paid,2026-06-23
171,171,Wallet,1271,Paid,2026-05-02
172,172,UPI,2311,Paid,2026-04-13
173,173,Wallet,878,Paid,2026-02-26
174,174,UPI,2567,Paid,2026-06-15
175,175,Card,1357,Paid,2026-07-27
176,176,UPI,1254,Paid,2026-01-30
177,177,Cash,999,Paid,2026-04-05
178,178,Cash,1897,Paid,2026-02-20
179,179,Cash,768,Paid,2026-06-28
180,180,Card,837,Paid,2026-01-07
181,181,Cash,972,Paid,2026-03-23
182,182,UPI,1905,Paid,2026-01-17
183,183,Wallet,841,Paid,2026-06-04
184,184,Cash,943,Paid,2026-03-17
185,185,Wallet,1602,Paid,2026-05-31
186,186,Wallet,1506,Paid,2026-02-05
187,187,Wallet,1611,Paid,2026-05-14
188,188,UPI,1192,Paid,2026-06-07
189,189,Card,1797,Paid,2026-01-16
190,190,Cash,1045,Paid,2026-05-14
191,191,Cash,1073,Paid,2026-03-25
192,192,Cash,3033,Paid,2026-02-20
193,193,Card,1584,Paid,2026-01-28
194,194,Cash,2541,Paid,2026-05-03
195,195,UPI,710,Paid,2026-01-27
196,196,Cash,2424,Paid,2026-01-17
197,197,UPI,843,Paid,2026-02-07
198,198,Wallet,1057,Paid,2026-05-16
199,199,Wallet,995,Paid,2026-02-13
200,200,Card,1721,Paid,2026-05-22
201,201,Card,2156,Paid,2026-07-14
202,202,Card,1841,Paid,2026-07-25
203,203,Card,1148,Paid,2026-02-14
204,204,Card,903,Paid,2026-01-03
205,205,UPI,2197,Paid,2026-04-04
206,206,Card,1142,Paid,2026-07-29
207,207,Cash,1254,Paid,2026-05-10
208,208,Cash,366,Paid,2026-03-30
209,209,Card,1981,Paid,2026-07-23
210,210,UPI,640,Paid,2026-04-03
211,211,Wallet,1227,Paid,2026-04-05
212,212,Card,2403,Paid,2026-03-21
213,213,Wallet,2125,Paid,2026-07-09
214,214,Cash,536,Paid,2026-01-04
215,215,UPI,1324,Paid,2026-06-17
216,216,Cash,2135,Paid,2026-04-20
217,217,Card,1299,Paid,2026-02-26
218,218,Wallet,2949,Paid,2026-03-19
219,219,Cash,798,Paid,2026-05-24
220,220,UPI,1707,Paid,2026-05-26
221,221,Wallet,479,Paid,2026-05-11
222,222,UPI,1209,Paid,2026-07-25
223,223,UPI,1903,Paid,2026-04-18
224,224,Cash,2074,Paid,2026-05-18
225,225,Wallet,1721,Paid,2026-07-11
226,226,Card,1870,Paid,2026-01-23
227,227,Wallet,923,Paid,2026-04-15
228,228,Card,1856,Paid,2026-03-19
229,229,UPI,2178,Paid,2026-02-17
230,230,Wallet,453,Paid,2026-05-01
231,231,UPI,1826,Paid,2026-01-18
232,232,Wallet,1687,Paid,2026-04-30
233,233,Cash,1665,Paid,2026-04-21
234,234,UPI,2061,Paid,2026-06-25
235,235,Card,1300,Paid,2026-03-29
236,236,Card,1193,Paid,2026-07-26
237,237,Card,1453,Paid,2026-06-13
238,238,Card,1410,Paid,2026-01-05
239,239,UPI,812,Paid,2026-03-15
240,240,Wallet,861,Paid,2026-01-16
241,241,UPI,1574,Paid,2026-03-09
242,242,UPI,2356,Paid,2026-01-11
243,243,UPI,570,Paid,2026-03-19
244,244,UPI,799,Paid,2026-01-29
245,245,Cash,1464,Paid,2026-04-03
246,246,Cash,684,Paid,2026-06-22
247,247,Cash,2215,Paid,2026-04-25
248,248,UPI,1572,Paid,2026-06-03
249,249,UPI,1258,Paid,2026-06-26
250,250,UPI,1726,Paid,2026-05-26
251,251,Card,2371,Paid,2026-03-10
252,252,Wallet,1957,Paid,2026-07-25
253,253,Wallet,1328,Paid,2026-07-13
254,254,Cash,783,Paid,2026-06-30
255,255,Card,1504,Paid,2026-06-05
256,256,Wallet,2265,Paid,2026-01-25
257,257,Wallet,3217,Paid,2026-07-16
258,258,UPI,676,Paid,2026-01-31
259,259,Cash,1426,Paid,2026-04-01
260,260,Cash,732,Paid,2026-01-23
261,261,Card,1492,Paid,2026-07-06
262,262,UPI,696,Paid,2026-02-12
263,263,UPI,1585,Paid,2026-02-11
264,264,Wallet,1471,Paid,2026-01-26
265,265,Cash,1061,Paid,2026-05-04
266,266,Wallet,696,Paid,2026-05-22
267,267,UPI,1284,Paid,2026-03-10
268,268,Wallet,1115,Paid,2026-03-29
269,269,Wallet,808,Paid,2026-05-28
270,270,UPI,3048,Paid,2026-06-11
271,271,Cash,970,Paid,2026-04-03
272,272,Cash,1513,Paid,2026-04-18
273,273,Cash,1653,Paid,2026-06-25
274,274,Cash,1688,Paid,2026-03-10
275,275,Cash,2734,Paid,2026-05-12
276,276,Cash,1965,Paid,2026-02-23
277,277,Card,2167,Paid,2026-01-18
278,278,UPI,1830,Paid,2026-06-19
279,279,UPI,1784,Paid,2026-04-06
280,280,Cash,1088,Paid,2026-02-08
281,281,UPI,1211,Paid,2026-05-24
282,282,Card,1478,Paid,2026-07-13
283,283,Cash,1146,Paid,2026-05-02
284,284,Card,1332,Paid,2026-06-04
285,285,UPI,2456,Paid,2026-06-16
286,286,Cash,955,Paid,2026-03-20
287,287,Card,2827,Paid,2026-05-08
288,288,Wallet,3346,Paid,2026-01-13
289,289,Wallet,1560,Paid,2026-03-08
290,290,UPI,1445,Paid,2026-01-26
291,291,UPI,1630,Paid,2026-03-10
292,292,Card,1916,Paid,2026-01-22
293,293,UPI,1076,Paid,2026-02-19
294,294,Cash,1932,Paid,2026-02-06
295,295,Card,516,Paid,2026-07-22
296,296,UPI,1390,Paid,2026-03-31
297,297,Cash,1654,Paid,2026-01-01
298,298,Card,514,Paid,2026-01-30
299,299,UPI,3186,Paid,2026-01-22
300,300,UPI,1989,Paid,2026-03-21
301,301,Card,2401,Paid,2026-06-08
302,302,Wallet,1898,Paid,2026-03-12
303,303,UPI,1688,Paid,2026-05-20
304,304,UPI,1412,Paid,2026-07-06
305,305,Cash,2517,Paid,2026-03-01
306,306,UPI,1737,Paid,2026-03-29
307,307,Cash,1192,Paid,2026-03-29
308,308,Card,1437,Paid,2026-04-05
309,309,Card,386,Paid,2026-04-18
310,310,Wallet,677,Paid,2026-01-16
311,311,Card,1675,Paid,2026-04-19
312,312,Card,863,Paid,2026-01-06
313,313,UPI,1003,Paid,2026-03-27
314,314,Cash,2014,Paid,2026-03-17
315,315,Card,1667,Paid,2026-05-27
316,316,UPI,409,Paid,2026-04-17
317,317,Cash,1806,Paid,2026-06-17
318,318,Cash,1503,Paid,2026-05-14
319,319,Wallet,1344,Paid,2026-06-19
320,320,Cash,1915,Paid,2026-02-10
321,321,Wallet,1214,Paid,2026-01-18
322,322,Wallet,636,Paid,2026-03-16
323,323,Card,1717,Paid,2026-01-30
324,324,UPI,1489,Paid,2026-03-14
325,325,UPI,652,Paid,2026-03-26
326,326,Wallet,1974,Paid,2026-04-13
327,327,Wallet,1163,Paid,2026-02-12
328,328,Card,2547,Paid,2026-06-22
329,329,Card,1459,Paid,2026-07-27
330,330,UPI,1101,Paid,2026-03-16
331,331,Card,3184,Paid,2026-03-12
332,332,Cash,995,Paid,2026-05-26
333,333,Card,1605,Paid,2026-01-21
334,334,UPI,1041,Paid,2026-07-26
335,335,Cash,2793,Paid,2026-04-23
336,336,Cash,1003,Paid,2026-02-03
337,337,Wallet,1888,Paid,2026-01-13
338,338,Wallet,1330,Paid,2026-06-04
339,339,Wallet,1059,Paid,2026-06-06
340,340,Card,1604,Paid,2026-02-20
341,341,Card,894,Paid,2026-04-12
342,342,Wallet,2055,Paid,2026-05-09
343,343,UPI,1438,Paid,2026-07-07
344,344,Cash,1457,Paid,2026-07-21
345,345,UPI,1580,Paid,2026-05-04
346,346,Wallet,1700,Paid,2026-05-22
347,347,Card,1917,Paid,2026-07-28
348,348,UPI,1651,Paid,2026-02-26
349,349,Cash,1972,Paid,2026-02-11
350,350,UPI,928,Paid,2026-07-16
351,351,Card,648,Paid,2026-05-27
352,352,Cash,1462,Paid,2026-02-09
353,353,Card,988,Paid,2026-03-07
354,354,Cash,751,Paid,2026-04-29
355,355,UPI,1328,Paid,2026-01-30
356,356,Wallet,1181,Paid,2026-03-31
357,357,UPI,2817,Paid,2026-01-19
358,358,UPI,2290,Paid,2026-04-15
359,359,Cash,1372,Paid,2026-05-23
360,360,UPI,1765,Paid,2026-03-08
361,361,UPI,2081,Paid,2026-02-06
362,362,Card,610,Paid,2026-03-28
363,363,Card,867,Paid,2026-07-23
364,364,Wallet,1814,Paid,2026-01-07
365,365,Wallet,2116,Paid,2026-02-01
366,366,Cash,1591,Paid,2026-02-21
367,367,Card,1097,Paid,2026-06-16
368,368,Cash,569,Paid,2026-02-09
369,369,Cash,3425,Paid,2026-04-17
370,370,UPI,1107,Paid,2026-07-24
371,371,Cash,395,Paid,2026-07-24
372,372,Wallet,1080,Paid,2026-07-28
373,373,Wallet,733,Paid,2026-04-23
374,374,UPI,1356,Paid,2026-03-20
375,375,Card,1739,Paid,2026-05-31
376,376,Wallet,1492,Paid,2026-04-27
377,377,Card,1464,Paid,2026-03-29
378,378,UPI,1975,Paid,2026-04-06
379,379,UPI,2259,Paid,2026-05-21
380,380,Wallet,2353,Paid,2026-04-13
381,381,Card,1786,Paid,2026-01-12
382,382,Wallet,1939,Paid,2026-04-14
383,383,UPI,2295,Paid,2026-01-10
384,384,UPI,2273,Paid,2026-04-03
385,385,UPI,1400,Paid,2026-05-20
386,386,UPI,1284,Paid,2026-05-03
387,387,UPI,785,Paid,2026-07-27
388,388,Card,921,Paid,2026-04-08
389,389,Cash,2157,Paid,2026-03-03
390,390,Cash,649,Paid,2026-03-05
391,391,Wallet,3054,Paid,2026-06-10
392,392,Card,2136,Paid,2026-02-11
393,393,Card,1507,Paid,2026-01-13
394,394,Card,2081,Paid,2026-06-19
395,395,UPI,935,Paid,2026-01-29
396,396,Cash,1578,Paid,2026-02-23
397,397,Cash,1002,Paid,2026-06-11
398,398,Wallet,1472,Paid,2026-01-05
399,399,Wallet,2562,Paid,2026-03-02
400,400,Wallet,444,Paid,2026-02-21
401,401,Wallet,1036,Paid,2026-06-28
402,402,Cash,2069,Paid,2026-06-10
403,403,Wallet,1353,Paid,2026-05-08
404,404,Wallet,1546,Paid,2026-06-20
405,405,Cash,1778,Paid,2026-01-27
406,406,Cash,2048,Paid,2026-04-21
407,407,UPI,1170,Paid,2026-06-30
408,408,UPI,1676,Paid,2026-01-08
409,409,Wallet,2582,Paid,2026-07-10
410,410,Card,1805,Paid,2026-03-30
411,411,Cash,883,Paid,2026-07-23
412,412,Cash,519,Paid,2026-03-25
413,413,UPI,835,Paid,2026-05-29
414,414,UPI,1430,Paid,2026-01-01
415,415,UPI,2349,Paid,2026-02-17
416,416,Cash,1475,Paid,2026-02-04
417,417,Wallet,1000,Paid,2026-02-21
418,418,UPI,865,Paid,2026-07-26
419,419,UPI,1117,Paid,2026-02-11
420,420,UPI,1102,Paid,2026-04-27
421,421,Card,1511,Paid,2026-05-31
422,422,Card,2284,Paid,2026-04-18
423,423,Wallet,1508,Paid,2026-04-08
424,424,Wallet,1638,Paid,2026-03-07
425,425,Cash,1649,Paid,2026-02-18
426,426,Card,2090,Paid,2026-04-11
427,427,Cash,1859,Paid,2026-07-18
428,428,UPI,1309,Paid,2026-04-16
429,429,Cash,2571,Paid,2026-04-20
430,430,Wallet,2104,Paid,2026-01-23
431,431,Wallet,1095,Paid,2026-06-12
432,432,Wallet,2975,Paid,2026-07-14
433,433,UPI,2008,Paid,2026-03-26
434,434,UPI,663,Paid,2026-06-19
435,435,Cash,1629,Paid,2026-05-08
436,436,UPI,2591,Paid,2026-02-14
437,437,Wallet,1151,Paid,2026-05-22
438,438,Wallet,824,Paid,2026-06-10
439,439,Cash,867,Paid,2026-07-03
440,440,UPI,2340,Paid,2026-02-18
441,441,Card,1364,Paid,2026-06-08
442,442,Card,2042,Paid,2026-03-19
443,443,Wallet,1566,Paid,2026-07-28
444,444,Wallet,1580,Paid,2026-06-11
445,445,Card,1099,Paid,2026-01-10
446,446,UPI,1406,Paid,2026-03-16
447,447,Card,2095,Paid,2026-03-14
448,448,Card,1005,Paid,2026-03-31
449,449,Wallet,2199,Paid,2026-01-30
450,450,UPI,3049,Paid,2026-03-14
451,451,Card,1729,Paid,2026-03-24
452,452,Cash,793,Paid,2026-01-04
453,453,Cash,1488,Paid,2026-05-11
454,454,Card,1416,Paid,2026-03-29
455,455,UPI,417,Paid,2026-06-05
456,456,Wallet,1205,Paid,2026-06-29
457,457,Wallet,1236,Paid,2026-04-06
458,458,UPI,1007,Paid,2026-02-18
459,459,Wallet,2112,Paid,2026-07-23
460,460,UPI,1528,Paid,2026-01-21
461,461,Cash,1343,Paid,2026-02-20
462,462,Card,1737,Paid,2026-03-28
463,463,Wallet,698,Paid,2026-06-25
464,464,Wallet,1803,Paid,2026-07-26
465,465,Cash,1728,Paid,2026-02-15
466,466,Card,2890,Paid,2026-05-16
467,467,Wallet,1259,Paid,2026-03-12
468,468,Card,893,Paid,2026-02-23
469,469,Cash,1159,Paid,2026-02-03
470,470,UPI,2705,Paid,2026-05-08
471,471,UPI,878,Paid,2026-07-19
472,472,UPI,2229,Paid,2026-01-30
473,473,UPI,410,Paid,2026-01-05
474,474,UPI,2110,Paid,2026-01-09
475,475,Cash,1731,Paid,2026-02-06
476,476,UPI,1740,Paid,2026-07-07
477,477,Card,2255,Paid,2026-06-25
478,478,Wallet,732,Paid,2026-04-20
479,479,Cash,2167,Paid,2026-02-07
480,480,Cash,386,Paid,2026-04-12
481,481,UPI,1790,Paid,2026-02-08
482,482,Card,2310,Paid,2026-04-25
483,483,Wallet,1117,Paid,2026-06-01
484,484,Cash,2561,Paid,2026-06-20
485,485,UPI,1923,Paid,2026-05-31
486,486,Wallet,1787,Paid,2026-07-06
487,487,UPI,2096,Paid,2026-06-09
488,488,UPI,2567,Paid,2026-05-12
489,489,Card,557,Paid,2026-06-05
490,490,Wallet,1674,Paid,2026-02-14
491,491,Wallet,2614,Paid,2026-06-15
492,492,Card,658,Paid,2026-05-12
493,493,Wallet,1652,Paid,2026-01-01
494,494,Cash,1838,Paid,2026-03-25
495,495,Wallet,952,Paid,2026-05-27
496,496,Card,1043,Paid,2026-02-19
497,497,Card,1005,Paid,2026-07-20
498,498,UPI,1737,Paid,2026-03-14
499,499,Card,2595,Paid,2026-06-17
500,500,Wallet,455,Paid,2026-02-15
501,501,Cash,1802,Paid,2026-02-04
502,502,Card,764,Paid,2026-06-16
503,503,Card,1775,Paid,2026-03-17
504,504,UPI,1807,Paid,2026-03-23
505,505,Card,1224,Paid,2026-05-22
506,506,Card,2095,Paid,2026-06-05
507,507,Wallet,1776,Paid,2026-06-06
508,508,Cash,1651,Paid,2026-07-23
509,509,Cash,1919,Paid,2026-04-06
510,510,Card,1494,Paid,2026-07-10
511,511,Cash,1299,Paid,2026-07-14
512,512,UPI,1684,Paid,2026-06-27
513,513,Cash,1722,Paid,2026-04-16
514,514,UPI,423,Paid,2026-03-02
515,515,Wallet,2126,Paid,2026-02-10
516,516,Card,1611,Paid,2026-07-24
517,517,Wallet,1832,Paid,2026-06-16
518,518,Card,1350,Paid,2026-04-06
519,519,Card,2222,Paid,2026-03-01
520,520,Card,2458,Paid,2026-05-16
521,521,UPI,1186,Paid,2026-07-02
522,522,Wallet,2405,Paid,2026-03-29
523,523,Wallet,3215,Paid,2026-06-02
524,524,UPI,2255,Paid,2026-01-11
525,525,Cash,2743,Paid,2026-03-01
526,526,Card,1538,Paid,2026-03-28
527,527,Card,1026,Paid,2026-02-26
528,528,Card,1617,Paid,2026-03-26
529,529,Cash,1658,Paid,2026-01-19
530,530,Wallet,1656,Paid,2026-04-05
531,531,Cash,2102,Paid,2026-01-25
532,532,Card,1711,Paid,2026-07-09
533,533,Cash,1705,Paid,2026-07-29
534,534,Card,1328,Paid,2026-05-19
535,535,UPI,2933,Paid,2026-04-20
536,536,Wallet,498,Paid,2026-07-02
537,537,UPI,1802,Paid,2026-03-09
538,538,Wallet,1292,Paid,2026-01-26
539,539,Cash,1689,Paid,2026-05-01
540,540,Cash,1110,Paid,2026-04-26
541,541,Wallet,1641,Paid,2026-06-06
542,542,Card,2610,Paid,2026-02-17
543,543,Wallet,2647,Paid,2026-04-06
544,544,Cash,687,Paid,2026-04-22
545,545,Cash,1722,Paid,2026-03-20
546,546,UPI,466,Paid,2026-04-14
547,547,Card,1608,Paid,2026-02-21
548,548,Cash,1738,Paid,2026-02-21
549,549,Cash,2200,Paid,2026-06-20
550,550,Card,1870,Paid,2026-06-12
551,551,Wallet,2152,Paid,2026-05-27
552,552,Cash,1343,Paid,2026-07-28
553,553,Cash,1595,Paid,2026-04-10
554,554,Cash,2677,Paid,2026-06-26
555,555,Card,1156,Paid,2026-02-15
556,556,Wallet,2988,Paid,2026-04-22
557,557,UPI,1406,Paid,2026-02-22
558,558,Wallet,1515,Paid,2026-04-15
559,559,Cash,1216,Paid,2026-01-13
560,560,UPI,2602,Paid,2026-07-04
561,561,UPI,1642,Paid,2026-06-14
562,562,UPI,2370,Paid,2026-05-04
563,563,Card,2104,Paid,2026-01-19
564,564,UPI,705,Paid,2026-04-04
565,565,Wallet,1426,Paid,2026-03-25
566,566,Wallet,1452,Paid,2026-06-19
567,567,UPI,1723,Paid,2026-02-04
568,568,Cash,1881,Paid,2026-06-10
569,569,UPI,1791,Paid,2026-07-16
570,570,Wallet,1258,Paid,2026-03-08
571,571,UPI,2202,Paid,2026-01-26
572,572,Wallet,954,Paid,2026-05-07
573,573,Cash,2072,Paid,2026-03-31
574,574,Card,2197,Paid,2026-01-07
575,575,Cash,1585,Paid,2026-04-06
576,576,Wallet,1282,Paid,2026-03-18
577,577,Wallet,2092,Paid,2026-07-20
578,578,Wallet,2168,Paid,2026-07-24
579,579,Wallet,1593,Paid,2026-02-11
580,580,Wallet,1887,Paid,2026-04-24
581,581,Card,534,Paid,2026-01-05
582,582,Wallet,1320,Paid,2026-07-10
583,583,UPI,1554,Paid,2026-02-03
584,584,Wallet,3514,Paid,2026-03-27
585,585,UPI,1764,Paid,2026-03-14
586,586,Card,788,Paid,2026-05-05
587,587,Cash,741,Paid,2026-07-23
588,588,UPI,696,Paid,2026-05-03
589,589,UPI,1304,Paid,2026-05-27
590,590,UPI,1316,Paid,2026-05-11
591,591,Card,1511,Paid,2026-03-03
592,592,Wallet,596,Paid,2026-03-21
593,593,UPI,1371,Paid,2026-03-07
594,594,UPI,961,Paid,2026-04-26
595,595,Cash,995,Paid,2026-03-13
596,596,Card,598,Paid,2026-04-19
597,597,UPI,873,Paid,2026-01-23
598,598,Cash,1821,Paid,2026-05-19
599,599,Card,1644,Paid,2026-01-31
600,600,UPI,1447,Paid,2026-04-01
601,601,UPI,2130,Paid,2026-01-02
602,602,UPI,1196,Paid,2026-01-29
603,603,Cash,573,Paid,2026-06-07
604,604,Cash,1837,Paid,2026-03-15
605,605,Wallet,1161,Paid,2026-05-25
606,606,Wallet,1595,Paid,2026-06-04
607,607,Wallet,1414,Paid,2026-01-04
608,608,Wallet,2365,Paid,2026-07-30
609,609,Card,703,Paid,2026-07-15
610,610,Wallet,2850,Paid,2026-03-05
611,611,Wallet,669,Paid,2026-03-09
612,612,Wallet,936,Paid,2026-05-30
613,613,Cash,772,Paid,2026-05-05
614,614,Wallet,1733,Paid,2026-05-05
615,615,Wallet,854,Paid,2026-04-02
616,616,UPI,1964,Paid,2026-06-02
617,617,Card,2062,Paid,2026-01-12
618,618,Card,1704,Paid,2026-04-29
619,619,UPI,1908,Paid,2026-01-02
620,620,Wallet,1986,Paid,2026-04-29
621,621,Card,1040,Paid,2026-04-03
622,622,UPI,2103,Paid,2026-03-07
623,623,Cash,978,Paid,2026-02-11
624,624,Wallet,1765,Paid,2026-03-10
625,625,Wallet,588,Paid,2026-05-04
626,626,Wallet,1584,Paid,2026-02-02
627,627,Card,1768,Paid,2026-02-02
628,628,UPI,889,Paid,2026-02-10
629,629,Card,1288,Paid,2026-06-04
630,630,Cash,2558,Paid,2026-04-03
631,631,UPI,1083,Paid,2026-04-02
632,632,UPI,2131,Paid,2026-07-25
633,633,Card,1632,Paid,2026-01-27
634,634,Card,2728,Paid,2026-01-14
635,635,Cash,2847,Paid,2026-06-05
636,636,Card,1603,Paid,2026-05-07
637,637,Wallet,1673,Paid,2026-05-24
638,638,Card,2135,Paid,2026-07-26
639,639,UPI,1516,Paid,2026-05-04
640,640,Wallet,843,Paid,2026-04-02
641,641,Cash,1529,Paid,2026-07-29
642,642,Cash,433,Paid,2026-07-24
643,643,Card,1410,Paid,2026-06-16
644,644,UPI,2433,Paid,2026-04-14
645,645,Card,1758,Paid,2026-07-04
646,646,Card,2782,Paid,2026-05-18
647,647,Wallet,3302,Paid,2026-02-27
648,648,Wallet,1818,Paid,2026-02-07
649,649,Wallet,2661,Paid,2026-02-06
650,650,Cash,1050,Paid,2026-07-09
651,651,Card,2528,Paid,2026-04-06
652,652,Card,1513,Paid,2026-04-27
653,653,Wallet,2028,Paid,2026-06-08
654,654,Card,2101,Paid,2026-03-12
655,655,Cash,1320,Paid,2026-01-11
656,656,UPI,2694,Paid,2026-01-21
657,657,Card,808,Paid,2026-02-25
658,658,Cash,1967,Paid,2026-01-29
659,659,Cash,1997,Paid,2026-04-09
660,660,UPI,1701,Paid,2026-05-22
661,661,Cash,1104,Paid,2026-02-26
662,662,Wallet,1108,Paid,2026-04-15
663,663,Cash,1790,Paid,2026-07-23
664,664,UPI,2069,Paid,2026-07-02
665,665,Wallet,967,Paid,2026-03-08
666,666,UPI,1550,Paid,2026-06-09
667,667,UPI,847,Paid,2026-01-09
668,668,Cash,1784,Paid,2026-01-24
669,669,Wallet,961,Paid,2026-05-19
670,670,UPI,2179,Paid,2026-06-10
671,671,UPI,785,Paid,2026-04-03
672,672,Wallet,2216,Paid,2026-03-27
673,673,UPI,1437,Paid,2026-02-27
674,674,UPI,1114,Paid,2026-03-31
675,675,Cash,1648,Paid,2026-01-11
676,676,Card,1344,Paid,2026-01-29
677,677,UPI,2386,Paid,2026-05-21
678,678,Cash,1544,Paid,2026-01-17
679,679,UPI,808,Paid,2026-07-15
680,680,Card,1623,Paid,2026-02-13
681,681,UPI,1308,Paid,2026-05-24
682,682,Cash,859,Paid,2026-02-19
683,683,UPI,2256,Paid,2026-05-10
684,684,UPI,894,Paid,2026-05-07
685,685,Card,2187,Paid,2026-03-24
686,686,Card,1077,Paid,2026-01-23
687,687,Cash,1377,Paid,2026-02-05
688,688,Card,1600,Paid,2026-03-26
689,689,Card,1239,Paid,2026-05-05
690,690,Wallet,783,Paid,2026-03-10
691,691,UPI,1542,Paid,2026-05-01
692,692,Card,540,Paid,2026-03-19
693,693,Wallet,1934,Paid,2026-03-05
694,694,Card,922,Paid,2026-06-08
695,695,Card,2167,Paid,2026-06-26
696,696,Wallet,1265,Paid,2026-04-30
697,697,Cash,2157,Paid,2026-02-02
698,698,UPI,1301,Paid,2026-01-29
699,699,UPI,1308,Paid,2026-07-12
700,700,UPI,1175,Paid,2026-06-26
701,701,UPI,620,Paid,2026-02-04
702,702,Cash,1262,Paid,2026-03-10
703,703,Cash,2250,Paid,2026-06-07
704,704,Cash,2945,Paid,2026-02-16
705,705,Wallet,1833,Paid,2026-01-28
706,706,UPI,484,Paid,2026-03-14
707,707,Card,2325,Paid,2026-06-30
708,708,UPI,645,Paid,2026-05-02
709,709,Cash,1968,Paid,2026-02-01
710,710,Cash,1374,Paid,2026-07-29
711,711,UPI,1203,Paid,2026-04-19
712,712,Cash,2607,Paid,2026-04-13
713,713,UPI,2795,Paid,2026-03-28
714,714,UPI,1901,Paid,2026-05-13
715,715,Cash,2139,Paid,2026-05-16
716,716,UPI,1332,Paid,2026-07-20
717,717,Card,2185,Paid,2026-05-06
718,718,UPI,1195,Paid,2026-02-10
719,719,Wallet,1816,Paid,2026-05-02
720,720,UPI,704,Paid,2026-05-09
721,721,Wallet,752,Paid,2026-03-23
722,722,Card,1477,Paid,2026-02-27
723,723,Cash,1686,Paid,2026-03-05
724,724,UPI,2568,Paid,2026-01-21
725,725,Cash,1260,Paid,2026-07-11
726,726,UPI,681,Paid,2026-02-24
727,727,Cash,1032,Paid,2026-06-20
728,728,Cash,2144,Paid,2026-01-10
729,729,Cash,1132,Paid,2026-02-09
730,730,Card,1459,Paid,2026-02-20
731,731,UPI,2197,Paid,2026-05-13
732,732,UPI,933,Paid,2026-05-21
733,733,UPI,1413,Paid,2026-06-23
734,734,UPI,1836,Paid,2026-06-30
735,735,Cash,1516,Paid,2026-07-13
736,736,Wallet,1984,Paid,2026-03-09
737,737,Card,1947,Paid,2026-01-23
738,738,Cash,1542,Paid,2026-04-18
739,739,Card,2111,Paid,2026-06-12
740,740,Cash,1752,Paid,2026-05-23
741,741,UPI,1281,Paid,2026-01-30
742,742,Wallet,825,Paid,2026-01-08
743,743,Cash,518,Paid,2026-07-02
744,744,Cash,1150,Paid,2026-07-19
745,745,Wallet,2086,Paid,2026-06-04
746,746,UPI,1556,Paid,2026-02-03
747,747,Cash,797,Paid,2026-03-04
748,748,Wallet,631,Paid,2026-01-06
749,749,Wallet,1468,Paid,2026-01-08
750,750,Wallet,1382,Paid,2026-06-05
751,751,Wallet,1813,Paid,2026-04-18
752,752,Cash,2324,Paid,2026-05-25
753,753,Wallet,2475,Paid,2026-04-13
754,754,Card,2090,Paid,2026-05-16
755,755,Cash,2034,Paid,2026-06-27
756,756,Card,869,Paid,2026-02-16
757,757,Cash,645,Paid,2026-02-28
758,758,UPI,1891,Paid,2026-05-05
759,759,Card,565,Paid,2026-03-29
760,760,Wallet,570,Paid,2026-05-08
761,761,UPI,2870,Paid,2026-01-30
762,762,UPI,566,Paid,2026-06-07
763,763,Card,1337,Paid,2026-02-05
764,764,Wallet,1554,Paid,2026-06-23
765,765,UPI,1596,Paid,2026-04-18
766,766,UPI,783,Paid,2026-01-25
767,767,Cash,1130,Paid,2026-06-28
768,768,UPI,990,Paid,2026-03-22
769,769,Wallet,1344,Paid,2026-04-21
770,770,Cash,2012,Paid,2026-07-25
771,771,Card,1908,Paid,2026-06-19
772,772,Card,516,Paid,2026-04-26
773,773,Card,1878,Paid,2026-04-02
774,774,Card,1794,Paid,2026-07-19
775,775,Wallet,2238,Paid,2026-07-18
776,776,Cash,2440,Paid,2026-02-03
777,777,UPI,1462,Paid,2026-04-12
778,778,Card,1406,Paid,2026-02-28
779,779,Card,1240,Paid,2026-05-18
780,780,Cash,1458,Paid,2026-04-17
781,781,Card,2951,Paid,2026-07-03
782,782,Wallet,1086,Paid,2026-02-11
783,783,Cash,1821,Paid,2026-02-09
784,784,UPI,1146,Paid,2026-03-16
785,785,UPI,1812,Paid,2026-02-14
786,786,Card,2484,Paid,2026-07-12
787,787,UPI,1675,Paid,2026-06-14
788,788,Cash,2335,Paid,2026-04-25
789,789,Wallet,2181,Paid,2026-03-17
790,790,Cash,2505,Paid,2026-02-03
791,791,Wallet,527,Paid,2026-06-23
792,792,UPI,2658,Paid,2026-03-01
793,793,Cash,742,Paid,2026-01-06
794,794,Cash,1498,Paid,2026-07-09
795,795,UPI,1359,Paid,2026-03-16
796,796,Card,2441,Paid,2026-02-20
797,797,Wallet,1034,Paid,2026-04-19
798,798,Cash,1843,Paid,2026-02-16
799,799,UPI,1612,Paid,2026-06-30
800,800,Wallet,1506,Paid,2026-05-26
801,801,Cash,1896,Paid,2026-06-23
802,802,Cash,1965,Paid,2026-04-08
803,803,Cash,1133,Paid,2026-07-23
804,804,Card,759,Paid,2026-02-19
805,805,Cash,1351,Paid,2026-07-21
806,806,Cash,2513,Paid,2026-04-08
807,807,Wallet,1017,Paid,2026-03-13
808,808,UPI,1181,Paid,2026-05-05
809,809,Wallet,2043,Paid,2026-04-16
810,810,UPI,2136,Paid,2026-05-08
811,811,Card,2547,Paid,2026-01-01
812,812,Wallet,2089,Paid,2026-07-10
813,813,UPI,3482,Paid,2026-06-25
814,814,UPI,1073,Paid,2026-04-15
815,815,Card,1038,Paid,2026-05-03
816,816,UPI,1781,Paid,2026-03-23
817,817,Cash,1907,Paid,2026-03-16
818,818,Cash,1343,Paid,2026-03-12
819,819,Card,1682,Paid,2026-07-12
820,820,Card,1899,Paid,2026-04-14
821,821,Wallet,1588,Paid,2026-07-22
822,822,Card,1522,Paid,2026-06-14
823,823,UPI,3025,Paid,2026-04-11
824,824,Wallet,1921,Paid,2026-07-15
825,825,UPI,2815,Paid,2026-07-25
826,826,Wallet,780,Paid,2026-05-07
827,827,Wallet,1827,Paid,2026-07-12
828,828,Cash,1299,Paid,2026-07-29
829,829,Cash,571,Paid,2026-05-20
830,830,Cash,1042,Paid,2026-05-23
831,831,Cash,1380,Paid,2026-01-20
832,832,Card,1794,Paid,2026-02-04
833,833,Cash,948,Paid,2026-01-24
834,834,Wallet,964,Paid,2026-07-08
835,835,UPI,2098,Paid,2026-02-07
836,836,UPI,1471,Paid,2026-04-08
837,837,Card,2256,Paid,2026-03-21
838,838,Cash,2265,Paid,2026-07-14
839,839,Wallet,1636,Paid,2026-06-25
840,840,Cash,1632,Paid,2026-05-23
841,841,Cash,1928,Paid,2026-04-12
842,842,Cash,2806,Paid,2026-02-16
843,843,Cash,1758,Paid,2026-06-15
844,844,Wallet,2949,Paid,2026-03-22
845,845,Cash,2269,Paid,2026-01-14
846,846,Wallet,1068,Paid,2026-02-26
847,847,Cash,1861,Paid,2026-07-11
848,848,UPI,665,Paid,2026-07-03
849,849,Cash,2346,Paid,2026-06-20
850,850,Cash,2645,Paid,2026-05-10
851,851,UPI,798,Paid,2026-03-27
852,852,UPI,2011,Paid,2026-02-20
853,853,Cash,1785,Paid,2026-07-27
854,854,Cash,1522,Paid,2026-01-28
855,855,Card,725,Paid,2026-04-12
856,856,UPI,1499,Paid,2026-03-30
857,857,Wallet,633,Paid,2026-06-29
858,858,Card,3134,Paid,2026-02-17
859,859,Cash,1343,Paid,2026-06-27
860,860,Card,1804,Paid,2026-04-05
861,861,Cash,2837,Paid,2026-04-18
862,862,Cash,936,Paid,2026-03-04
863,863,UPI,1998,Paid,2026-07-08
864,864,Wallet,555,Paid,2026-02-25
865,865,Card,1803,Paid,2026-04-12
866,866,UPI,1126,Paid,2026-02-04
867,867,Card,1923,Paid,2026-04-13
868,868,Cash,2724,Paid,2026-06-02
869,869,Cash,1311,Paid,2026-07-02
870,870,Cash,512,Paid,2026-02-27
871,871,Card,2199,Paid,2026-05-28
872,872,Cash,1761,Paid,2026-06-16
873,873,UPI,1889,Paid,2026-02-15
874,874,UPI,496,Paid,2026-06-30
875,875,UPI,1084,Paid,2026-04-15
876,876,UPI,2795,Paid,2026-01-19
877,877,Cash,2481,Paid,2026-03-19
878,878,Wallet,1697,Paid,2026-06-13
879,879,Wallet,1403,Paid,2026-07-02
880,880,Card,1071,Paid,2026-05-06
881,881,UPI,1806,Paid,2026-07-26
882,882,UPI,1216,Paid,2026-02-08
883,883,Card,2172,Paid,2026-04-23
884,884,Card,951,Paid,2026-07-10
885,885,Wallet,1198,Paid,2026-01-18
886,886,Wallet,2085,Paid,2026-07-12
887,887,Wallet,1921,Paid,2026-06-21
888,888,Card,2131,Paid,2026-04-05
889,889,UPI,1745,Paid,2026-06-22
890,890,UPI,723,Paid,2026-05-26
891,891,Cash,966,Paid,2026-05-26
892,892,Cash,2007,Paid,2026-03-19
893,893,Card,1570,Paid,2026-07-18
894,894,Wallet,911,Paid,2026-01-12
895,895,Wallet,1958,Paid,2026-07-25
896,896,Wallet,1346,Paid,2026-04-16
897,897,Card,311,Paid,2026-03-16
898,898,Card,3180,Paid,2026-06-29
899,899,Wallet,1247,Paid,2026-07-10
900,900,Wallet,1452,Paid,2026-07-28
901,901,Cash,2265,Paid,2026-01-28
902,902,Wallet,962,Paid,2026-04-30
903,903,Cash,1535,Paid,2026-06-24
904,904,Wallet,2129,Paid,2026-05-15
905,905,Card,1772,Paid,2026-02-12
906,906,UPI,1128,Paid,2026-03-27
907,907,Cash,1974,Paid,2026-02-18
908,908,Card,1059,Paid,2026-02-04
909,909,Card,1252,Paid,2026-05-21
910,910,Wallet,2151,Paid,2026-05-25
911,911,Wallet,1791,Paid,2026-01-12
912,912,UPI,1442,Paid,2026-07-23
913,913,Card,1462,Paid,2026-03-20
914,914,UPI,1647,Paid,2026-03-17
915,915,Wallet,1795,Paid,2026-06-24
916,916,UPI,1909,Paid,2026-06-15
917,917,Card,1269,Paid,2026-03-18
918,918,Wallet,2239,Paid,2026-02-04
919,919,Wallet,1392,Paid,2026-02-19
920,920,Cash,747,Paid,2026-02-20
921,921,Card,2194,Paid,2026-07-07
922,922,Wallet,2436,Paid,2026-07-16
923,923,UPI,1491,Paid,2026-05-29
924,924,Cash,2406,Paid,2026-07-15
925,925,UPI,2351,Paid,2026-01-06
926,926,Card,1105,Paid,2026-04-16
927,927,UPI,1593,Paid,2026-07-06
928,928,Wallet,1759,Paid,2026-02-05
929,929,Card,2454,Paid,2026-01-27
930,930,UPI,1083,Paid,2026-05-06
931,931,Wallet,1024,Paid,2026-01-08
932,932,Card,927,Paid,2026-03-08
933,933,UPI,2174,Paid,2026-04-20
934,934,Card,2595,Paid,2026-02-19
935,935,UPI,1301,Paid,2026-02-28
936,936,Wallet,1101,Paid,2026-06-13
937,937,Cash,1288,Paid,2026-01-15
938,938,Cash,1351,Paid,2026-04-05
939,939,UPI,1125,Paid,2026-02-09
940,940,UPI,1641,Paid,2026-07-03
941,941,Wallet,1338,Paid,2026-03-14
942,942,Cash,1072,Paid,2026-02-15
943,943,Card,1620,Paid,2026-02-24
944,944,Cash,2134,Paid,2026-06-27
945,945,Cash,1884,Paid,2026-04-01
946,946,Card,1320,Paid,2026-01-31
947,947,Wallet,1635,Paid,2026-03-24
948,948,Card,977,Paid,2026-03-09
949,949,UPI,2059,Paid,2026-04-06
950,950,Wallet,1906,Paid,2026-06-24
951,951,Wallet,1674,Paid,2026-02-08
952,952,Wallet,2257,Paid,2026-06-01
953,953,Card,1763,Paid,2026-03-07
954,954,Cash,3031,Paid,2026-06-13
955,955,Wallet,2190,Paid,2026-03-28
956,956,Card,1135,Paid,2026-01-24
957,957,Wallet,1093,Paid,2026-03-31
958,958,Card,1768,Paid,2026-04-28
959,959,Cash,1112,Paid,2026-03-08
960,960,Card,1256,Paid,2026-06-03
961,961,UPI,1935,Paid,2026-07-29
962,962,Cash,542,Paid,2026-05-27
963,963,Wallet,1826,Paid,2026-02-16
964,964,UPI,846,Paid,2026-02-25
965,965,UPI,1218,Paid,2026-04-16
966,966,Card,1647,Paid,2026-03-27
967,967,Card,1123,Paid,2026-05-17
968,968,Card,555,Paid,2026-06-24
969,969,Card,826,Paid,2026-03-01
970,970,Card,3542,Paid,2026-03-18
971,971,Cash,1150,Paid,2026-01-25
972,972,Card,2058,Paid,2026-05-20
973,973,Cash,1875,Paid,2026-06-23
974,974,UPI,1996,Paid,2026-06-20
975,975,Card,588,Paid,2026-05-04
976,976,Wallet,482,Paid,2026-06-09
977,977,Cash,1110,Paid,2026-04-13
978,978,Wallet,2288,Paid,2026-07-26
979,979,Cash,1500,Paid,2026-04-22
980,980,Card,1897,Paid,2026-05-30
981,981,Wallet,757,Paid,2026-04-02
982,982,Cash,1020,Paid,2026-04-20
983,983,Wallet,401,Paid,2026-06-18
984,984,Card,2107,Paid,2026-01-10
985,985,Card,2962,Paid,2026-06-30
986,986,UPI,664,Paid,2026-01-22
987,987,UPI,1011,Paid,2026-03-09
988,988,Wallet,1196,Paid,2026-01-23
989,989,Cash,1602,Paid,2026-03-09
990,990,Card,1384,Paid,2026-02-15
991,991,Cash,1429,Paid,2026-03-06
992,992,Wallet,2301,Paid,2026-03-21
993,993,UPI,1231,Paid,2026-02-01
994,994,Wallet,1856,Paid,2026-01-18
995,995,Card,283,Paid,2026-05-07
996,996,UPI,1434,Paid,2026-03-03
997,997,Cash,671,Paid,2026-02-25
998,998,UPI,3114,Paid,2026-05-11
999,999,Card,1398,Paid,2026-01-22
1000,1000,Cash,1263,Paid,2026-07-26
1001,1001,Card,1761,Paid,2026-05-31
1002,1002,Card,878,Paid,2026-03-18
1003,1003,Cash,2017,Paid,2026-04-27
1004,1004,Card,2591,Paid,2026-03-15
1005,1005,UPI,759,Paid,2026-04-09
1006,1006,Wallet,1057,Paid,2026-01-14
1007,1007,Card,1770,Paid,2026-06-02
1008,1008,UPI,1599,Paid,2026-02-23
1009,1009,Wallet,794,Paid,2026-06-12
1010,1010,Cash,1758,Paid,2026-05-30
1011,1011,Card,2592,Paid,2026-06-05
1012,1012,UPI,890,Paid,2026-04-28
1013,1013,Cash,1188,Paid,2026-06-13
1014,1014,UPI,1866,Paid,2026-07-20
1015,1015,Card,1936,Paid,2026-06-01
1016,1016,UPI,1228,Paid,2026-07-04
1017,1017,Cash,2355,Paid,2026-01-21
1018,1018,Cash,1857,Paid,2026-07-04
1019,1019,Card,2231,Paid,2026-03-13
1020,1020,UPI,1334,Paid,2026-03-24
1021,1021,UPI,390,Paid,2026-04-11
1022,1022,UPI,1599,Paid,2026-04-26
1023,1023,Cash,1540,Paid,2026-04-05
1024,1024,Cash,2828,Paid,2026-07-27
1025,1025,Cash,1888,Paid,2026-01-02
1026,1026,Wallet,877,Paid,2026-07-24
1027,1027,Cash,1638,Paid,2026-07-21
1028,1028,Wallet,1634,Paid,2026-07-04
1029,1029,Wallet,939,Paid,2026-03-19
1030,1030,Card,1637,Paid,2026-02-05
1031,1031,UPI,2827,Paid,2026-06-18
1032,1032,UPI,734,Paid,2026-04-09
1033,1033,Wallet,1735,Paid,2026-07-19
1034,1034,Cash,1181,Paid,2026-01-15
1035,1035,Wallet,767,Paid,2026-05-08
1036,1036,UPI,2033,Paid,2026-06-21
1037,1037,UPI,3250,Paid,2026-01-23
1038,1038,Card,1000,Paid,2026-05-11
1039,1039,Card,1890,Paid,2026-03-31
1040,1040,UPI,747,Paid,2026-04-30
1041,1041,UPI,2258,Paid,2026-06-19
1042,1042,UPI,974,Paid,2026-02-28
1043,1043,UPI,1670,Paid,2026-02-10
1044,1044,UPI,951,Paid,2026-06-26
1045,1045,Card,2434,Paid,2026-02-25
1046,1046,UPI,1319,Paid,2026-03-17
1047,1047,Cash,1623,Paid,2026-05-28
1048,1048,Card,1554,Paid,2026-01-21
1049,1049,Wallet,1672,Paid,2026-05-06
1050,1050,Card,1449,Paid,2026-06-03
1051,1051,Wallet,2134,Paid,2026-04-06
1052,1052,Wallet,958,Paid,2026-02-26
1053,1053,Wallet,1178,Paid,2026-03-06
1054,1054,UPI,1317,Paid,2026-01-18
1055,1055,Cash,1365,Paid,2026-03-31
1056,1056,Cash,2667,Paid,2026-05-09
1057,1057,UPI,2175,Paid,2026-02-06
1058,1058,Card,1072,Paid,2026-02-07
1059,1059,UPI,1933,Paid,2026-01-28
1060,1060,Wallet,1456,Paid,2026-07-11
1061,1061,UPI,1086,Paid,2026-07-16
1062,1062,Wallet,2153,Paid,2026-03-09
1063,1063,Cash,1333,Paid,2026-05-10
1064,1064,Cash,2771,Paid,2026-06-30
1065,1065,UPI,1282,Paid,2026-01-07
1066,1066,Wallet,1895,Paid,2026-01-22
1067,1067,Cash,1530,Paid,2026-04-02
1068,1068,Cash,1755,Paid,2026-04-07
1069,1069,UPI,2735,Paid,2026-07-26
1070,1070,UPI,1452,Paid,2026-07-05
1071,1071,Cash,2112,Paid,2026-02-11
1072,1072,Cash,1516,Paid,2026-06-12
1073,1073,Card,466,Paid,2026-04-04
1074,1074,Wallet,1774,Paid,2026-07-15
1075,1075,Card,1336,Paid,2026-01-18
1076,1076,Card,2652,Paid,2026-07-10
1077,1077,Card,1286,Paid,2026-02-17
1078,1078,Card,1685,Paid,2026-02-11
1079,1079,Cash,2450,Paid,2026-02-05
1080,1080,Wallet,2793,Paid,2026-03-23
1081,1081,UPI,1008,Paid,2026-04-11
1082,1082,Cash,1050,Paid,2026-03-27
1083,1083,UPI,867,Paid,2026-02-03
1084,1084,UPI,1151,Paid,2026-04-04
1085,1085,UPI,1460,Paid,2026-03-07
1086,1086,Cash,2211,Paid,2026-06-30
1087,1087,Wallet,2529,Paid,2026-03-01
1088,1088,Cash,1449,Paid,2026-04-24
1089,1089,UPI,1744,Paid,2026-07-20
1090,1090,Card,546,Paid,2026-03-25
1091,1091,UPI,1958,Paid,2026-05-25
1092,1092,Cash,509,Paid,2026-04-30
1093,1093,UPI,1422,Paid,2026-05-29
1094,1094,Cash,602,Paid,2026-05-16
1095,1095,Cash,3324,Paid,2026-02-15
1096,1096,Card,1431,Paid,2026-06-27
1097,1097,UPI,2230,Paid,2026-01-12
1098,1098,Wallet,1227,Paid,2026-05-09
1099,1099,Wallet,1437,Paid,2026-05-23
1100,1100,UPI,1435,Paid,2026-02-07
1101,1101,Card,1697,Paid,2026-03-19
1102,1102,UPI,463,Paid,2026-02-01
1103,1103,UPI,1741,Paid,2026-03-04
1104,1104,UPI,2178,Paid,2026-01-05
1105,1105,Cash,1163,Paid,2026-01-06
1106,1106,Card,1155,Paid,2026-01-04
1107,1107,UPI,1889,Paid,2026-03-11
1108,1108,Cash,930,Paid,2026-02-16
1109,1109,Wallet,2022,Paid,2026-07-06
1110,1110,Cash,1891,Paid,2026-03-08
1111,1111,UPI,1104,Paid,2026-03-01
1112,1112,Cash,1614,Paid,2026-01-01
1113,1113,UPI,1409,Paid,2026-07-01
1114,1114,Card,563,Paid,2026-04-16
1115,1115,Cash,1856,Paid,2026-04-16
1116,1116,Card,1602,Paid,2026-04-24
1117,1117,UPI,1374,Paid,2026-07-21
1118,1118,Card,2369,Paid,2026-06-05
1119,1119,Cash,1259,Paid,2026-07-26
1120,1120,Cash,786,Paid,2026-05-25
1121,1121,Card,1474,Paid,2026-03-29
1122,1122,UPI,2095,Paid,2026-02-22
1123,1123,UPI,2227,Paid,2026-03-02
1124,1124,Cash,847,Paid,2026-05-03
1125,1125,Card,1873,Paid,2026-02-24
1126,1126,UPI,1199,Paid,2026-07-24
1127,1127,Wallet,1063,Paid,2026-05-14
1128,1128,UPI,2609,Paid,2026-06-27
1129,1129,UPI,2581,Paid,2026-06-27
1130,1130,Wallet,605,Paid,2026-01-11
1131,1131,Wallet,1524,Paid,2026-03-11
1132,1132,UPI,1906,Paid,2026-01-06
1133,1133,UPI,2673,Paid,2026-06-03
1134,1134,UPI,1934,Paid,2026-07-10
1135,1135,Wallet,2091,Paid,2026-02-27
1136,1136,UPI,1717,Paid,2026-04-23
1137,1137,UPI,1710,Paid,2026-04-10
1138,1138,Wallet,2166,Paid,2026-07-29
1139,1139,UPI,1580,Paid,2026-04-24
1140,1140,Card,982,Paid,2026-03-17
1141,1141,UPI,1146,Paid,2026-03-16
1142,1142,Wallet,2445,Paid,2026-04-07
1143,1143,Card,1362,Paid,2026-03-24
1144,1144,Card,2673,Paid,2026-06-12
1145,1145,UPI,2079,Paid,2026-03-15
1146,1146,UPI,1510,Paid,2026-07-20
1147,1147,Cash,941,Paid,2026-03-20
1148,1148,Card,2075,Paid,2026-03-20
1149,1149,Cash,1063,Paid,2026-02-12
1150,1150,UPI,590,Paid,2026-04-24
1151,1151,UPI,1381,Paid,2026-07-02
1152,1152,Wallet,2751,Paid,2026-01-21
1153,1153,Cash,1183,Paid,2026-05-12
1154,1154,Card,1270,Paid,2026-03-18
1155,1155,Cash,1980,Paid,2026-04-25
1156,1156,UPI,1707,Paid,2026-07-08
1157,1157,Wallet,1947,Paid,2026-01-28
1158,1158,UPI,856,Paid,2026-02-21
1159,1159,Cash,1113,Paid,2026-06-29
1160,1160,Wallet,344,Paid,2026-01-31
1161,1161,UPI,1995,Paid,2026-06-18
1162,1162,UPI,2290,Paid,2026-01-02
1163,1163,Cash,2313,Paid,2026-07-01
1164,1164,Wallet,1251,Paid,2026-04-21
1165,1165,Wallet,1060,Paid,2026-05-25
1166,1166,UPI,943,Paid,2026-07-13
1167,1167,Wallet,654,Paid,2026-06-03
1168,1168,Wallet,1048,Paid,2026-04-05
1169,1169,UPI,836,Paid,2026-07-27
1170,1170,Card,1305,Paid,2026-05-07
1171,1171,Card,1374,Paid,2026-03-11
1172,1172,Cash,1126,Paid,2026-05-13
1173,1173,Wallet,1941,Paid,2026-03-05
1174,1174,Card,2045,Paid,2026-03-22
1175,1175,Card,2197,Paid,2026-07-24
1176,1176,Card,2283,Paid,2026-01-30
1177,1177,Card,869,Paid,2026-05-27
1178,1178,Cash,1338,Paid,2026-01-09
1179,1179,Wallet,2109,Paid,2026-02-22
1180,1180,Card,1300,Paid,2026-07-24
1181,1181,UPI,2615,Paid,2026-03-14
1182,1182,Card,1514,Paid,2026-02-17
1183,1183,UPI,1909,Paid,2026-07-17
1184,1184,UPI,1805,Paid,2026-05-12
1185,1185,Card,1784,Paid,2026-01-04
1186,1186,Cash,1652,Paid,2026-01-09
1187,1187,Wallet,3163,Paid,2026-06-16
1188,1188,Cash,829,Paid,2026-04-13
1189,1189,Cash,2827,Paid,2026-07-13
1190,1190,UPI,854,Paid,2026-04-18
1191,1191,Wallet,1233,Paid,2026-01-31
1192,1192,UPI,838,Paid,2026-07-16
1193,1193,Wallet,1149,Paid,2026-06-04
1194,1194,Cash,2079,Paid,2026-03-27
1195,1195,Wallet,1018,Paid,2026-01-29
1196,1196,Cash,1205,Paid,2026-01-18
1197,1197,Wallet,2467,Paid,2026-05-18
1198,1198,UPI,1092,Paid,2026-07-21
1199,1199,UPI,1260,Paid,2026-02-18
1200,1200,Card,515,Paid,2026-06-11
1201,1201,Wallet,1686,Paid,2026-06-24
1202,1202,Wallet,1388,Paid,2026-07-21
1203,1203,UPI,2557,Paid,2026-05-13
1204,1204,Cash,3304,Paid,2026-05-24
1205,1205,UPI,1161,Paid,2026-07-02
1206,1206,Wallet,1880,Paid,2026-07-02
1207,1207,Cash,1137,Paid,2026-06-17
1208,1208,Cash,1116,Paid,2026-05-03
1209,1209,Cash,1044,Paid,2026-06-18
1210,1210,Wallet,1463,Paid,2026-02-26
1211,1211,Wallet,2579,Paid,2026-05-26
1212,1212,Wallet,839,Paid,2026-07-11
1213,1213,Card,1770,Paid,2026-03-31
1214,1214,Wallet,1323,Paid,2026-06-10
1215,1215,Card,2331,Paid,2026-06-24
1216,1216,Wallet,788,Paid,2026-01-10
1217,1217,UPI,1054,Paid,2026-06-27
1218,1218,UPI,1117,Paid,2026-05-05
1219,1219,Card,1721,Paid,2026-04-22
1220,1220,UPI,2001,Paid,2026-07-02
1221,1221,UPI,1314,Paid,2026-05-19
1222,1222,UPI,2405,Paid,2026-04-03
1223,1223,Cash,1476,Paid,2026-05-09
1224,1224,UPI,1143,Paid,2026-02-13
1225,1225,Wallet,1269,Paid,2026-05-25
1226,1226,Wallet,3666,Paid,2026-01-23
1227,1227,UPI,2213,Paid,2026-07-02
1228,1228,UPI,2196,Paid,2026-04-09
1229,1229,Cash,561,Paid,2026-02-22
1230,1230,UPI,1318,Paid,2026-02-06
1231,1231,Cash,1873,Paid,2026-03-26
1232,1232,Card,1916,Paid,2026-03-01
1233,1233,UPI,2540,Paid,2026-05-17
1234,1234,Cash,1169,Paid,2026-07-16
1235,1235,Card,1865,Paid,2026-05-07
1236,1236,UPI,1362,Paid,2026-04-24
1237,1237,Cash,1368,Paid,2026-01-01
1238,1238,Wallet,1410,Paid,2026-03-27
1239,1239,UPI,1281,Paid,2026-05-29
1240,1240,UPI,617,Paid,2026-06-27
1241,1241,Wallet,1202,Paid,2026-05-28
1242,1242,Cash,2748,Paid,2026-05-12
1243,1243,Wallet,1304,Paid,2026-03-21
1244,1244,Cash,1112,Paid,2026-02-08
1245,1245,Card,1881,Paid,2026-02-15
1246,1246,Cash,1140,Paid,2026-02-08
1247,1247,Wallet,2419,Paid,2026-05-07
1248,1248,UPI,1572,Paid,2026-03-06
1249,1249,Cash,396,Paid,2026-07-11
1250,1250,Wallet,1349,Paid,2026-01-23
1251,1251,UPI,785,Paid,2026-04-05
1252,1252,UPI,2101,Paid,2026-05-12
1253,1253,Cash,1398,Paid,2026-02-09
1254,1254,UPI,1201,Paid,2026-04-20
1255,1255,Cash,2010,Paid,2026-07-02
1256,1256,Cash,2876,Paid,2026-01-10
1257,1257,Cash,1487,Paid,2026-06-07
1258,1258,Card,1952,Paid,2026-03-29
1259,1259,UPI,1554,Paid,2026-05-01
1260,1260,Card,1246,Paid,2026-01-13
1261,1261,Wallet,1337,Paid,2026-07-29
1262,1262,UPI,2434,Paid,2026-03-10
1263,1263,Wallet,2082,Paid,2026-01-10
1264,1264,UPI,1381,Paid,2026-07-10
1265,1265,Cash,787,Paid,2026-05-04
1266,1266,Cash,1972,Paid,2026-03-17
1267,1267,Wallet,1855,Paid,2026-01-20
1268,1268,Card,969,Paid,2026-01-22
1269,1269,Cash,915,Paid,2026-04-29
1270,1270,Card,872,Paid,2026-07-18
1271,1271,UPI,582,Paid,2026-02-11
1272,1272,Cash,684,Paid,2026-03-05
1273,1273,Cash,536,Paid,2026-07-06
1274,1274,Wallet,1018,Paid,2026-05-30
1275,1275,Card,1065,Paid,2026-01-14
1276,1276,Wallet,850,Paid,2026-02-06
1277,1277,Wallet,2529,Paid,2026-02-06
1278,1278,Cash,2583,Paid,2026-07-29
1279,1279,UPI,1945,Paid,2026-04-09
1280,1280,Card,1650,Paid,2026-02-09
1281,1281,UPI,886,Paid,2026-01-28
1282,1282,Cash,1090,Paid,2026-05-27
1283,1283,Wallet,1779,Paid,2026-01-27
1284,1284,UPI,1661,Paid,2026-05-08
1285,1285,Cash,1729,Paid,2026-05-08
1286,1286,Wallet,1253,Paid,2026-04-05
1287,1287,Card,1735,Paid,2026-07-18
1288,1288,Cash,2718,Paid,2026-02-16
1289,1289,Wallet,1513,Paid,2026-07-07
1290,1290,Card,1221,Paid,2026-04-17
1291,1291,Cash,2336,Paid,2026-07-25
1292,1292,Card,2202,Paid,2026-04-30
1293,1293,Cash,1901,Paid,2026-01-18
1294,1294,UPI,1202,Paid,2026-04-20
1295,1295,UPI,2309,Paid,2026-06-02
1296,1296,Wallet,1775,Paid,2026-05-06
1297,1297,UPI,2029,Paid,2026-02-18
1298,1298,Cash,1797,Paid,2026-06-20
1299,1299,Cash,808,Paid,2026-06-06
1300,1300,Card,1563,Paid,2026-04-27
1301,1301,UPI,679,Paid,2026-01-14
1302,1302,Cash,1220,Paid,2026-02-20
1303,1303,UPI,388,Paid,2026-03-11
1304,1304,UPI,623,Paid,2026-01-25
1305,1305,Card,857,Paid,2026-06-03
1306,1306,Wallet,1705,Paid,2026-06-29
1307,1307,Wallet,966,Paid,2026-07-04
1308,1308,Wallet,1302,Paid,2026-07-13
1309,1309,UPI,1090,Paid,2026-06-10
1310,1310,Wallet,2312,Paid,2026-07-13
1311,1311,Card,2124,Paid,2026-04-16
1312,1312,Wallet,3263,Paid,2026-01-15
1313,1313,Cash,1721,Paid,2026-03-26
1314,1314,UPI,919,Paid,2026-05-15
1315,1315,UPI,746,Paid,2026-07-29
1316,1316,Card,1634,Paid,2026-03-01
1317,1317,UPI,2278,Paid,2026-06-13
1318,1318,UPI,397,Paid,2026-04-19
1319,1319,UPI,990,Paid,2026-02-05
1320,1320,Cash,2914,Paid,2026-06-11
1321,1321,UPI,2311,Paid,2026-01-26
1322,1322,Cash,1621,Paid,2026-07-24
1323,1323,Cash,1925,Paid,2026-02-12
1324,1324,Wallet,914,Paid,2026-06-26
1325,1325,Card,1362,Paid,2026-06-29
1326,1326,Wallet,574,Paid,2026-05-21
1327,1327,Card,2121,Paid,2026-05-01
1328,1328,Wallet,2319,Paid,2026-07-14
1329,1329,UPI,822,Paid,2026-06-23
1330,1330,Card,2201,Paid,2026-07-01
1331,1331,UPI,363,Paid,2026-04-01
1332,1332,Cash,1150,Paid,2026-02-16
1333,1333,UPI,1456,Paid,2026-06-15
1334,1334,UPI,738,Paid,2026-06-03
1335,1335,UPI,1800,Paid,2026-05-16
1336,1336,UPI,941,Paid,2026-04-16
1337,1337,Card,1117,Paid,2026-03-08
1338,1338,Cash,2212,Paid,2026-07-21
1339,1339,UPI,2569,Paid,2026-03-04
1340,1340,UPI,2202,Paid,2026-04-26
1341,1341,Cash,979,Paid,2026-05-28
1342,1342,UPI,1979,Paid,2026-06-25
1343,1343,Wallet,2935,Paid,2026-04-06
1344,1344,Card,1196,Paid,2026-07-14
1345,1345,UPI,2126,Paid,2026-01-31
1346,1346,Card,1879,Paid,2026-06-01
1347,1347,Cash,2120,Paid,2026-02-07
1348,1348,UPI,1334,Paid,2026-07-08
1349,1349,Card,2926,Paid,2026-04-30
1350,1350,Wallet,2024,Paid,2026-03-08
1351,1351,UPI,1042,Paid,2026-01-07
1352,1352,Card,700,Paid,2026-01-09
1353,1353,Card,1996,Paid,2026-03-13
1354,1354,Wallet,993,Paid,2026-07-18
1355,1355,Card,1134,Paid,2026-02-14
1356,1356,Card,984,Paid,2026-01-08
1357,1357,Card,2158,Paid,2026-03-20
1358,1358,Cash,1471,Paid,2026-04-17
1359,1359,UPI,867,Paid,2026-01-16
1360,1360,UPI,739,Paid,2026-06-21
1361,1361,Wallet,890,Paid,2026-02-15
1362,1362,Card,2658,Paid,2026-01-13
1363,1363,Card,1783,Paid,2026-02-06
1364,1364,Card,1890,Paid,2026-05-07
1365,1365,Cash,937,Paid,2026-04-11
1366,1366,Wallet,1833,Paid,2026-06-29
1367,1367,Wallet,2412,Paid,2026-04-03
1368,1368,Cash,3098,Paid,2026-04-21
1369,1369,Wallet,1113,Paid,2026-06-20
1370,1370,Cash,2153,Paid,2026-05-23
1371,1371,Card,412,Paid,2026-05-31
1372,1372,Cash,1024,Paid,2026-07-11
1373,1373,Card,1419,Paid,2026-03-25
1374,1374,Cash,2410,Paid,2026-03-01
1375,1375,Wallet,2756,Paid,2026-05-17
1376,1376,Wallet,2195,Paid,2026-01-16
1377,1377,Cash,1755,Paid,2026-03-26
1378,1378,Wallet,1187,Paid,2026-06-09
1379,1379,Wallet,1913,Paid,2026-01-07
1380,1380,Wallet,682,Paid,2026-05-29
1381,1381,Card,1288,Paid,2026-07-12
1382,1382,Card,1447,Paid,2026-05-28
1383,1383,Card,2504,Paid,2026-03-19
1384,1384,Wallet,1202,Paid,2026-01-13
1385,1385,Wallet,1714,Paid,2026-02-11
1386,1386,Card,1360,Paid,2026-04-22
1387,1387,Card,1115,Paid,2026-06-28
1388,1388,Cash,1521,Paid,2026-03-27
1389,1389,Card,1499,Paid,2026-01-06
1390,1390,UPI,2397,Paid,2026-01-03
1391,1391,UPI,2073,Paid,2026-04-27
1392,1392,Cash,2028,Paid,2026-01-30
1393,1393,Wallet,1673,Paid,2026-05-27
1394,1394,Cash,1212,Paid,2026-07-02
1395,1395,Card,2319,Paid,2026-06-20
1396,1396,Wallet,1464,Paid,2026-01-24
1397,1397,Wallet,1870,Paid,2026-04-12
1398,1398,UPI,873,Paid,2026-02-22
1399,1399,Cash,1220,Paid,2026-06-25
1400,1400,Cash,2179,Paid,2026-02-21
1401,1401,Wallet,928,Paid,2026-01-16
1402,1402,Card,1607,Paid,2026-04-07
1403,1403,Wallet,2149,Paid,2026-01-01
1404,1404,UPI,1290,Paid,2026-01-10
1405,1405,UPI,1536,Paid,2026-03-22
1406,1406,UPI,978,Paid,2026-06-25
1407,1407,UPI,1037,Paid,2026-03-30
1408,1408,Cash,2403,Paid,2026-04-08
1409,1409,Cash,3024,Paid,2026-07-18
1410,1410,UPI,896,Paid,2026-05-25
1411,1411,Card,1104,Paid,2026-06-01
1412,1412,Card,1848,Paid,2026-06-27
1413,1413,Cash,2209,Paid,2026-07-27
1414,1414,Wallet,1314,Paid,2026-03-21
1415,1415,UPI,2174,Paid,2026-02-09
1416,1416,Wallet,1698,Paid,2026-06-28
1417,1417,Cash,2097,Paid,2026-01-03
1418,1418,UPI,2330,Paid,2026-07-07
1419,1419,Card,2043,Paid,2026-05-26
1420,1420,Card,789,Paid,2026-01-26
1421,1421,UPI,1464,Paid,2026-04-29
1422,1422,Cash,2696,Paid,2026-04-26
1423,1423,UPI,1486,Paid,2026-01-22
1424,1424,Cash,1605,Paid,2026-03-24
1425,1425,Card,1444,Paid,2026-01-30
1426,1426,UPI,1540,Paid,2026-07-11
1427,1427,Cash,2497,Paid,2026-01-07
1428,1428,Wallet,2040,Paid,2026-01-25
1429,1429,UPI,1941,Paid,2026-06-13
1430,1430,UPI,1711,Paid,2026-06-18
1431,1431,Card,1651,Paid,2026-05-12
1432,1432,Card,1456,Paid,2026-02-23
1433,1433,UPI,941,Paid,2026-01-24
1434,1434,Wallet,1824,Paid,2026-05-05
1435,1435,Wallet,1420,Paid,2026-03-06
1436,1436,UPI,1806,Paid,2026-04-13
1437,1437,Cash,1111,Paid,2026-03-06
1438,1438,Card,1828,Paid,2026-02-07
1439,1439,Wallet,2906,Paid,2026-03-23
1440,1440,Wallet,2236,Paid,2026-04-10
1441,1441,Card,384,Paid,2026-03-01
1442,1442,Card,1690,Paid,2026-01-25
1443,1443,Card,1804,Paid,2026-06-21
1444,1444,Wallet,847,Paid,2026-01-22
1445,1445,Card,2535,Paid,2026-05-20
1446,1446,UPI,1058,Paid,2026-01-04
1447,1447,Cash,1528,Paid,2026-06-11
1448,1448,Card,2777,Paid,2026-03-08
1449,1449,Card,2473,Paid,2026-07-06
1450,1450,Cash,882,Paid,2026-04-04
1451,1451,Cash,1954,Paid,2026-07-23
1452,1452,Wallet,1062,Paid,2026-07-03
1453,1453,Card,1226,Paid,2026-07-15
1454,1454,Cash,2039,Paid,2026-01-05
1455,1455,Cash,1052,Paid,2026-06-08
1456,1456,Card,2842,Paid,2026-06-28
1457,1457,UPI,2338,Paid,2026-01-11
1458,1458,Wallet,2736,Paid,2026-07-04
1459,1459,Cash,2445,Paid,2026-02-14
1460,1460,Wallet,1861,Paid,2026-01-08
1461,1461,Wallet,963,Paid,2026-05-22
1462,1462,Wallet,3273,Paid,2026-04-14
1463,1463,Wallet,1692,Paid,2026-05-27
1464,1464,UPI,708,Paid,2026-01-10
1465,1465,Cash,1281,Paid,2026-07-21
1466,1466,UPI,1618,Paid,2026-07-17
1467,1467,Card,878,Paid,2026-02-12
1468,1468,UPI,1440,Paid,2026-04-09
1469,1469,Wallet,724,Paid,2026-02-24
1470,1470,UPI,1467,Paid,2026-01-02
1471,1471,Cash,1019,Paid,2026-03-16
1472,1472,Card,1070,Paid,2026-02-23
1473,1473,Card,2995,Paid,2026-03-03
1474,1474,Cash,1240,Paid,2026-04-13
1475,1475,Wallet,1068,Paid,2026-05-31
1476,1476,UPI,2715,Paid,2026-01-16
1477,1477,Card,817,Paid,2026-06-27
1478,1478,Wallet,1330,Paid,2026-07-13
1479,1479,Cash,1949,Paid,2026-07-25
1480,1480,Cash,2950,Paid,2026-03-08
1481,1481,UPI,1669,Paid,2026-06-06
1482,1482,Cash,1626,Paid,2026-01-03
1483,1483,UPI,1675,Paid,2026-02-07
1484,1484,Card,1847,Paid,2026-07-27
1485,1485,Cash,2240,Paid,2026-03-13
1486,1486,Cash,2886,Paid,2026-05-12
1487,1487,Wallet,1579,Paid,2026-05-01
1488,1488,UPI,811,Paid,2026-02-10
1489,1489,UPI,1578,Paid,2026-06-02
1490,1490,Wallet,898,Paid,2026-07-14
1491,1491,Card,1632,Paid,2026-01-27
1492,1492,UPI,1575,Paid,2026-05-28
1493,1493,Wallet,1918,Paid,2026-05-11
1494,1494,UPI,692,Paid,2026-07-05
1495,1495,Wallet,704,Paid,2026-07-18
1496,1496,Card,1547,Paid,2026-05-30
1497,1497,Card,2122,Paid,2026-04-17
1498,1498,Cash,1355,Paid,2026-03-12
1499,1499,Wallet,762,Paid,2026-06-04
1500,1500,Wallet,1518,Paid,2026-03-25
1501,1501,Card,1134,Paid,2026-02-25
1502,1502,Wallet,1410,Paid,2026-03-26
1503,1503,Wallet,1112,Paid,2026-06-15
1504,1504,UPI,1602,Paid,2026-06-23
1505,1505,Wallet,1196,Paid,2026-01-19
1506,1506,UPI,1572,Paid,2026-07-23
1507,1507,Wallet,1002,Paid,2026-06-03
1508,1508,Card,955,Paid,2026-05-31
1509,1509,Wallet,786,Paid,2026-03-11
1510,1510,Card,2682,Paid,2026-02-14
1511,1511,Wallet,2879,Paid,2026-05-06
1512,1512,Cash,1303,Paid,2026-03-10
1513,1513,Card,1221,Paid,2026-03-23
1514,1514,UPI,2059,Paid,2026-01-20
1515,1515,UPI,1124,Paid,2026-02-07
1516,1516,Wallet,3271,Paid,2026-02-19
1517,1517,Cash,2069,Paid,2026-03-26
1518,1518,Card,611,Paid,2026-07-12
1519,1519,Card,1180,Paid,2026-05-24
1520,1520,UPI,1557,Paid,2026-03-14
1521,1521,Card,1737,Paid,2026-04-10
1522,1522,Wallet,2642,Paid,2026-03-29
1523,1523,UPI,1741,Paid,2026-02-26
1524,1524,UPI,780,Paid,2026-04-10
1525,1525,Cash,1165,Paid,2026-01-08
1526,1526,Wallet,1397,Paid,2026-06-17
1527,1527,Card,1681,Paid,2026-06-12
1528,1528,UPI,2471,Paid,2026-05-30
1529,1529,Cash,1343,Paid,2026-05-09
1530,1530,UPI,468,Paid,2026-02-17
1531,1531,Cash,2985,Paid,2026-04-09
1532,1532,Wallet,2080,Paid,2026-04-02
1533,1533,Cash,2712,Paid,2026-01-23
1534,1534,Wallet,911,Paid,2026-04-27
1535,1535,Cash,2041,Paid,2026-04-07
1536,1536,Card,1203,Paid,2026-04-28
1537,1537,Wallet,568,Paid,2026-02-16
1538,1538,Card,933,Paid,2026-02-05
1539,1539,UPI,2672,Paid,2026-02-12
1540,1540,Cash,1286,Paid,2026-02-19
1541,1541,Wallet,2403,Paid,2026-04-06
1542,1542,Cash,1123,Paid,2026-07-29
1543,1543,Card,2272,Paid,2026-07-06
1544,1544,Wallet,1374,Paid,2026-03-24
1545,1545,Cash,940,Paid,2026-03-26
1546,1546,Wallet,1289,Paid,2026-02-26
1547,1547,Wallet,628,Paid,2026-07-03
1548,1548,UPI,1372,Paid,2026-07-09
1549,1549,Wallet,1634,Paid,2026-06-18
1550,1550,UPI,800,Paid,2026-07-04
1551,1551,Wallet,1064,Paid,2026-05-26
1552,1552,Card,2075,Paid,2026-05-24
1553,1553,Cash,789,Paid,2026-05-11
1554,1554,Wallet,1209,Paid,2026-07-26
1555,1555,Card,1443,Paid,2026-03-24
1556,1556,Card,783,Paid,2026-02-19
1557,1557,Card,2000,Paid,2026-06-30
1558,1558,Cash,554,Paid,2026-02-09
1559,1559,Card,1762,Paid,2026-04-05
1560,1560,Cash,2109,Paid,2026-05-09
1561,1561,Card,1311,Paid,2026-02-14
1562,1562,Wallet,1964,Paid,2026-05-20
1563,1563,Card,1367,Paid,2026-07-15
1564,1564,UPI,2065,Paid,2026-07-04
1565,1565,UPI,2057,Paid,2026-04-27
1566,1566,Card,932,Paid,2026-01-30
1567,1567,Wallet,1320,Paid,2026-02-17
1568,1568,Cash,1241,Paid,2026-06-29
1569,1569,UPI,1523,Paid,2026-06-06
1570,1570,Cash,1236,Paid,2026-01-23
1571,1571,Card,2169,Paid,2026-02-26
1572,1572,Wallet,2053,Paid,2026-04-06
1573,1573,Wallet,1422,Paid,2026-05-04
1574,1574,Cash,1613,Paid,2026-06-03
1575,1575,Cash,1102,Paid,2026-01-31
1576,1576,Cash,1499,Paid,2026-05-08
1577,1577,Card,1396,Paid,2026-07-15
1578,1578,Card,1479,Paid,2026-01-12
1579,1579,Cash,1370,Paid,2026-01-04
1580,1580,Cash,1704,Paid,2026-03-03
1581,1581,Wallet,1455,Paid,2026-06-26
1582,1582,Wallet,1564,Paid,2026-02-13
1583,1583,Card,852,Paid,2026-06-16
1584,1584,Card,2218,Paid,2026-04-21
1585,1585,Card,1899,Paid,2026-05-31
1586,1586,Cash,1554,Paid,2026-02-03
1587,1587,UPI,1260,Paid,2026-01-24
1588,1588,Card,2500,Paid,2026-05-05
1589,1589,UPI,968,Paid,2026-06-17
1590,1590,UPI,1648,Paid,2026-03-07
1591,1591,Wallet,718,Paid,2026-02-01
1592,1592,UPI,2287,Paid,2026-07-26
1593,1593,Card,2111,Paid,2026-03-08
1594,1594,UPI,623,Paid,2026-04-15
1595,1595,Wallet,1714,Paid,2026-03-27
1596,1596,Card,1474,Paid,2026-03-23
1597,1597,UPI,1284,Paid,2026-02-24
1598,1598,Cash,631,Paid,2026-02-20
1599,1599,UPI,2583,Paid,2026-05-09
1600,1600,Card,658,Paid,2026-04-21
1601,1601,Card,2030,Paid,2026-02-28
1602,1602,Wallet,1548,Paid,2026-03-29
1603,1603,UPI,1457,Paid,2026-04-10
1604,1604,UPI,1045,Paid,2026-03-14
1605,1605,Wallet,1413,Paid,2026-06-23
1606,1606,UPI,930,Paid,2026-01-10
1607,1607,UPI,1668,Paid,2026-05-15
1608,1608,Card,489,Paid,2026-01-11
1609,1609,Wallet,2715,Paid,2026-07-11
1610,1610,Card,334,Paid,2026-05-13
1611,1611,UPI,1798,Paid,2026-02-22
1612,1612,Cash,840,Paid,2026-07-08
1613,1613,Cash,967,Paid,2026-04-14
1614,1614,Wallet,1845,Paid,2026-06-10
1615,1615,UPI,976,Paid,2026-04-21
1616,1616,Wallet,1977,Paid,2026-04-21
1617,1617,Card,2009,Paid,2026-04-15
1618,1618,UPI,1281,Paid,2026-06-13
1619,1619,UPI,1189,Paid,2026-07-01
1620,1620,Cash,2809,Paid,2026-05-13
1621,1621,UPI,1895,Paid,2026-06-25
1622,1622,Wallet,1619,Paid,2026-01-07
1623,1623,Wallet,616,Paid,2026-07-27
1624,1624,Cash,1341,Paid,2026-01-07
1625,1625,Wallet,1432,Paid,2026-03-02
1626,1626,Wallet,2164,Paid,2026-07-10
1627,1627,Cash,1547,Paid,2026-02-03
1628,1628,UPI,876,Paid,2026-05-21
1629,1629,UPI,1633,Paid,2026-01-06
1630,1630,Wallet,1056,Paid,2026-03-22
1631,1631,Wallet,1320,Paid,2026-03-07
1632,1632,Card,937,Paid,2026-01-30
1633,1633,Wallet,531,Paid,2026-05-09
1634,1634,Wallet,1534,Paid,2026-03-28
1635,1635,UPI,2414,Paid,2026-03-10
1636,1636,Card,1611,Paid,2026-01-15
1637,1637,Cash,2063,Paid,2026-03-02
1638,1638,Wallet,1960,Paid,2026-03-20
1639,1639,Cash,2020,Paid,2026-05-25
1640,1640,Wallet,2261,Paid,2026-04-10
1641,1641,UPI,1185,Paid,2026-06-23
1642,1642,Cash,2299,Paid,2026-07-28
1643,1643,Card,1618,Paid,2026-02-14
1644,1644,Cash,1847,Paid,2026-06-05
1645,1645,Card,628,Paid,2026-03-06
1646,1646,Cash,3678,Paid,2026-06-21
1647,1647,Cash,3031,Paid,2026-03-22
1648,1648,UPI,585,Paid,2026-06-01
1649,1649,Cash,779,Paid,2026-06-17
1650,1650,Cash,1295,Paid,2026-06-22
1651,1651,UPI,1745,Paid,2026-06-07
1652,1652,Card,574,Paid,2026-07-12
1653,1653,UPI,840,Paid,2026-01-05
1654,1654,Cash,1617,Paid,2026-07-07
1655,1655,Wallet,1678,Paid,2026-05-27
1656,1656,Card,3120,Paid,2026-07-10
1657,1657,UPI,1090,Paid,2026-07-28
1658,1658,Cash,1563,Paid,2026-07-22
1659,1659,Wallet,1858,Paid,2026-07-02
1660,1660,UPI,1021,Paid,2026-03-20
1661,1661,UPI,1306,Paid,2026-01-10
1662,1662,UPI,1470,Paid,2026-01-07
1663,1663,Card,506,Paid,2026-03-17
1664,1664,Cash,2031,Paid,2026-02-08
1665,1665,UPI,2130,Paid,2026-04-29
1666,1666,Card,1606,Paid,2026-06-11
1667,1667,Card,1044,Paid,2026-03-30
1668,1668,Cash,939,Paid,2026-07-23
1669,1669,Wallet,1338,Paid,2026-01-15
1670,1670,Wallet,1706,Paid,2026-06-11
1671,1671,Cash,1958,Paid,2026-04-12
1672,1672,Cash,1523,Paid,2026-03-31
1673,1673,UPI,2361,Paid,2026-03-06
1674,1674,Wallet,1736,Paid,2026-02-16
1675,1675,Wallet,633,Paid,2026-06-09
1676,1676,Cash,1265,Paid,2026-04-16
1677,1677,Card,1090,Paid,2026-02-04
1678,1678,Wallet,1393,Paid,2026-05-13
1679,1679,Card,451,Paid,2026-06-15
1680,1680,Wallet,1252,Paid,2026-07-17
1681,1681,Card,787,Paid,2026-05-19
1682,1682,Cash,1904,Paid,2026-01-27
1683,1683,UPI,1131,Paid,2026-03-25
1684,1684,Cash,1764,Paid,2026-04-22
1685,1685,Wallet,2053,Paid,2026-01-04
1686,1686,UPI,419,Paid,2026-01-14
1687,1687,Cash,1227,Paid,2026-04-29
1688,1688,Wallet,900,Paid,2026-05-31
1689,1689,UPI,1418,Paid,2026-06-13
1690,1690,Card,1237,Paid,2026-07-16
1691,1691,Card,1066,Paid,2026-05-20
1692,1692,Wallet,1806,Paid,2026-01-31
1693,1693,Card,1310,Paid,2026-05-09
1694,1694,Cash,1804,Paid,2026-07-17
1695,1695,UPI,586,Paid,2026-05-08
1696,1696,Card,1364,Paid,2026-07-19
1697,1697,UPI,2480,Paid,2026-06-01
1698,1698,Wallet,1244,Paid,2026-06-28
1699,1699,Card,2182,Paid,2026-05-08
1700,1700,Card,2335,Paid,2026-05-22
1701,1701,Cash,1070,Paid,2026-05-01
1702,1702,Card,1032,Paid,2026-07-11
1703,1703,Wallet,1705,Paid,2026-02-15
1704,1704,Card,1052,Paid,2026-01-03
1705,1705,Card,1885,Paid,2026-03-01
1706,1706,Cash,1202,Paid,2026-04-24
1707,1707,Wallet,1085,Paid,2026-06-20
1708,1708,Cash,1032,Paid,2026-02-28
1709,1709,Wallet,2377,Paid,2026-03-16
1710,1710,UPI,1449,Paid,2026-06-26
1711,1711,Cash,1734,Paid,2026-01-27
1712,1712,Wallet,1280,Paid,2026-04-06
1713,1713,Card,1048,Paid,2026-07-16
1714,1714,Card,1761,Paid,2026-01-20
1715,1715,Wallet,1875,Paid,2026-05-17
1716,1716,Wallet,2211,Paid,2026-03-10
1717,1717,Card,2207,Paid,2026-01-17
1718,1718,UPI,1496,Paid,2026-05-17
1719,1719,UPI,2628,Paid,2026-01-04
1720,1720,Card,1777,Paid,2026-03-24
1721,1721,UPI,1009,Paid,2026-03-08
1722,1722,Cash,1846,Paid,2026-06-13
1723,1723,Cash,786,Paid,2026-03-18
1724,1724,Wallet,1005,Paid,2026-05-17
1725,1725,Cash,822,Paid,2026-04-05
1726,1726,Card,2518,Paid,2026-02-28
1727,1727,UPI,2489,Paid,2026-05-21
1728,1728,Card,1422,Paid,2026-03-05
1729,1729,Card,1302,Paid,2026-03-09
1730,1730,UPI,1060,Paid,2026-01-28
1731,1731,Wallet,2353,Paid,2026-05-15
1732,1732,UPI,1021,Paid,2026-02-07
1733,1733,Card,1124,Paid,2026-03-20
1734,1734,Wallet,660,Paid,2026-03-22
1735,1735,Cash,1756,Paid,2026-06-01
1736,1736,Cash,2757,Paid,2026-03-27
1737,1737,UPI,1939,Paid,2026-01-09
1738,1738,Card,2328,Paid,2026-04-30
1739,1739,Cash,2219,Paid,2026-03-27
1740,1740,Wallet,1446,Paid,2026-03-08
1741,1741,UPI,1052,Paid,2026-07-04
1742,1742,Cash,1840,Paid,2026-01-17
1743,1743,Card,2028,Paid,2026-06-24
1744,1744,Wallet,2517,Paid,2026-03-02
1745,1745,Cash,2108,Paid,2026-05-31
1746,1746,Cash,950,Paid,2026-05-01
1747,1747,UPI,1486,Paid,2026-06-14
1748,1748,Wallet,1795,Paid,2026-03-21
1749,1749,UPI,537,Paid,2026-05-21
1750,1750,Cash,2318,Paid,2026-04-10
1751,1751,Card,979,Paid,2026-05-22
1752,1752,Cash,1081,Paid,2026-02-18
1753,1753,Cash,1216,Paid,2026-07-07
1754,1754,Card,1330,Paid,2026-01-25
1755,1755,Cash,1080,Paid,2026-03-08
1756,1756,Wallet,1679,Paid,2026-01-20
1757,1757,Wallet,1194,Paid,2026-04-13
1758,1758,Cash,3542,Paid,2026-07-27
1759,1759,Cash,1479,Paid,2026-06-27
1760,1760,UPI,1781,Paid,2026-02-13
1761,1761,Wallet,849,Paid,2026-06-13
1762,1762,Card,1799,Paid,2026-05-01
1763,1763,Card,1965,Paid,2026-06-08
1764,1764,Wallet,1249,Paid,2026-01-07
1765,1765,Card,2103,Paid,2026-06-25
1766,1766,UPI,689,Paid,2026-05-27
1767,1767,Card,1329,Paid,2026-02-12
1768,1768,Wallet,1660,Paid,2026-01-08
1769,1769,Wallet,1513,Paid,2026-05-13
1770,1770,Cash,1276,Paid,2026-01-07
1771,1771,Cash,1444,Paid,2026-02-09
1772,1772,UPI,1654,Paid,2026-01-19
1773,1773,UPI,1374,Paid,2026-02-19
1774,1774,Wallet,1530,Paid,2026-05-08
1775,1775,Card,1519,Paid,2026-02-13
1776,1776,Card,1129,Paid,2026-06-08
1777,1777,UPI,3478,Paid,2026-02-21
1778,1778,Card,2479,Paid,2026-03-03
1779,1779,Card,1491,Paid,2026-04-14
1780,1780,UPI,433,Paid,2026-04-06
1781,1781,Card,414,Paid,2026-03-30
1782,1782,Cash,2416,Paid,2026-03-03
1783,1783,Card,1261,Paid,2026-01-20
1784,1784,Card,2160,Paid,2026-07-14
1785,1785,Card,1158,Paid,2026-05-14
1786,1786,Cash,1476,Paid,2026-03-13
1787,1787,Wallet,1155,Paid,2026-02-25
1788,1788,Card,1328,Paid,2026-01-05
1789,1789,Wallet,1068,Paid,2026-07-10
1790,1790,Wallet,2637,Paid,2026-02-15
1791,1791,Cash,1473,Paid,2026-04-21
1792,1792,Cash,1882,Paid,2026-04-09
1793,1793,Card,1405,Paid,2026-02-20
1794,1794,Cash,1615,Paid,2026-06-18
1795,1795,Cash,1158,Paid,2026-01-09
1796,1796,Wallet,2509,Paid,2026-07-05
1797,1797,UPI,1480,Paid,2026-06-24
1798,1798,UPI,1890,Paid,2026-02-07
1799,1799,Cash,1318,Paid,2026-03-12
1800,1800,Wallet,1185,Paid,2026-07-05
1801,1801,Wallet,1211,Paid,2026-06-21
1802,1802,Wallet,1794,Paid,2026-01-25
1803,1803,UPI,2160,Paid,2026-04-25
1804,1804,Cash,2226,Paid,2026-05-20
1805,1805,Wallet,2317,Paid,2026-06-23
1806,1806,Cash,2549,Paid,2026-07-11
1807,1807,Card,2000,Paid,2026-04-11
1808,1808,Card,961,Paid,2026-04-13
1809,1809,UPI,1575,Paid,2026-06-02
1810,1810,Wallet,3127,Paid,2026-01-26
1811,1811,Wallet,1457,Paid,2026-01-25
1812,1812,Card,1644,Paid,2026-05-20
1813,1813,Card,1477,Paid,2026-06-25
1814,1814,Cash,1658,Paid,2026-05-09
1815,1815,Card,2556,Paid,2026-01-20
1816,1816,UPI,1592,Paid,2026-05-03
1817,1817,Card,591,Paid,2026-03-30
1818,1818,Wallet,2877,Paid,2026-04-03
1819,1819,Cash,2130,Paid,2026-07-18
1820,1820,Cash,1073,Paid,2026-05-24
1821,1821,UPI,2739,Paid,2026-04-08
1822,1822,Cash,1336,Paid,2026-02-20
1823,1823,UPI,1527,Paid,2026-02-11
1824,1824,Wallet,1630,Paid,2026-03-11
1825,1825,Wallet,1978,Paid,2026-04-11
1826,1826,Wallet,1312,Paid,2026-04-16
1827,1827,UPI,2067,Paid,2026-05-27
1828,1828,UPI,763,Paid,2026-07-26
1829,1829,Wallet,2232,Paid,2026-03-02
1830,1830,Wallet,870,Paid,2026-07-14
1831,1831,Cash,1790,Paid,2026-06-28
1832,1832,Card,1224,Paid,2026-07-08
1833,1833,Card,1906,Paid,2026-06-27
1834,1834,Card,3093,Paid,2026-06-18
1835,1835,Card,716,Paid,2026-04-04
1836,1836,Card,1654,Paid,2026-05-01
1837,1837,Card,693,Paid,2026-06-02
1838,1838,UPI,2622,Paid,2026-07-06
1839,1839,Cash,1018,Paid,2026-07-11
1840,1840,Card,601,Paid,2026-06-28
1841,1841,Card,2583,Paid,2026-06-26
1842,1842,Card,2096,Paid,2026-07-26
1843,1843,Cash,713,Paid,2026-03-03
1844,1844,UPI,1274,Paid,2026-05-22
1845,1845,Wallet,2340,Paid,2026-07-07
1846,1846,UPI,1130,Paid,2026-03-13
1847,1847,Cash,609,Paid,2026-07-23
1848,1848,UPI,972,Paid,2026-02-08
1849,1849,Card,1758,Paid,2026-06-08
1850,1850,Wallet,1918,Paid,2026-03-12
1851,1851,UPI,2241,Paid,2026-04-18
1852,1852,UPI,1203,Paid,2026-06-28
1853,1853,Cash,1049,Paid,2026-06-07
1854,1854,Wallet,2138,Paid,2026-07-21
1855,1855,Card,702,Paid,2026-03-30
1856,1856,Cash,581,Paid,2026-02-19
1857,1857,Card,1684,Paid,2026-01-05
1858,1858,UPI,2185,Paid,2026-06-06
1859,1859,UPI,1596,Paid,2026-06-30
1860,1860,Card,1283,Paid,2026-02-15
1861,1861,Wallet,1806,Paid,2026-07-24
1862,1862,Wallet,1872,Paid,2026-03-17
1863,1863,UPI,1836,Paid,2026-04-24
1864,1864,Card,2067,Paid,2026-04-09
1865,1865,Cash,1280,Paid,2026-06-28
1866,1866,Card,1048,Paid,2026-03-03
1867,1867,Wallet,1404,Paid,2026-06-12
1868,1868,Card,2737,Paid,2026-01-27
1869,1869,UPI,2108,Paid,2026-04-16
1870,1870,Cash,2027,Paid,2026-06-18
1871,1871,Card,2904,Paid,2026-05-12
1872,1872,Cash,826,Paid,2026-06-01
1873,1873,Card,1182,Paid,2026-05-13
1874,1874,Cash,1825,Paid,2026-06-07
1875,1875,Card,1359,Paid,2026-02-20
1876,1876,Card,1196,Paid,2026-07-04
1877,1877,Wallet,798,Paid,2026-02-11
1878,1878,Cash,1566,Paid,2026-04-10
1879,1879,Card,1413,Paid,2026-04-22
1880,1880,UPI,1200,Paid,2026-01-29
1881,1881,Card,1250,Paid,2026-03-06
1882,1882,UPI,1938,Paid,2026-01-12
1883,1883,Cash,1467,Paid,2026-05-01
1884,1884,UPI,1506,Paid,2026-07-16
1885,1885,Card,1048,Paid,2026-04-07
1886,1886,Cash,652,Paid,2026-07-17
1887,1887,Wallet,2569,Paid,2026-04-03
1888,1888,Card,962,Paid,2026-06-07
1889,1889,Wallet,1600,Paid,2026-03-11
1890,1890,UPI,1887,Paid,2026-04-23
1891,1891,Cash,1908,Paid,2026-04-13
1892,1892,Card,915,Paid,2026-05-12
1893,1893,Wallet,2831,Paid,2026-05-11
1894,1894,Wallet,925,Paid,2026-07-24
1895,1895,Card,403,Paid,2026-03-31
1896,1896,Cash,2932,Paid,2026-01-02
1897,1897,Wallet,3696,Paid,2026-05-29
1898,1898,UPI,703,Paid,2026-05-21
1899,1899,UPI,659,Paid,2026-01-15
1900,1900,Cash,1214,Paid,2026-06-24
1901,1901,Wallet,1776,Paid,2026-07-02
1902,1902,Cash,1505,Paid,2026-05-05
1903,1903,Cash,2019,Paid,2026-07-07
1904,1904,Wallet,2385,Paid,2026-07-02
1905,1905,Cash,2536,Paid,2026-06-03
1906,1906,Wallet,3096,Paid,2026-03-08
1907,1907,UPI,1334,Paid,2026-05-12
1908,1908,Card,3703,Paid,2026-04-07
1909,1909,UPI,2197,Paid,2026-01-30
1910,1910,Card,3199,Paid,2026-06-13
1911,1911,Cash,1520,Paid,2026-03-07
1912,1912,Wallet,1158,Paid,2026-05-26
1913,1913,UPI,1306,Paid,2026-05-11
1914,1914,Cash,1875,Paid,2026-03-05
1915,1915,UPI,1132,Paid,2026-05-23
1916,1916,Wallet,2362,Paid,2026-04-13
1917,1917,UPI,499,Paid,2026-06-01
1918,1918,UPI,2938,Paid,2026-02-01
1919,1919,Card,1890,Paid,2026-03-06
1920,1920,Cash,1348,Paid,2026-07-18
1921,1921,UPI,2947,Paid,2026-03-30
1922,1922,UPI,2287,Paid,2026-07-02
1923,1923,Wallet,1292,Paid,2026-04-28
1924,1924,Cash,2142,Paid,2026-07-25
1925,1925,Cash,783,Paid,2026-03-19
1926,1926,UPI,2493,Paid,2026-07-17
1927,1927,UPI,3245,Paid,2026-01-09
1928,1928,UPI,1624,Paid,2026-01-09
1929,1929,Wallet,1196,Paid,2026-02-12
1930,1930,UPI,2180,Paid,2026-02-11
1931,1931,Wallet,654,Paid,2026-02-04
1932,1932,Wallet,1206,Paid,2026-03-08
1933,1933,UPI,602,Paid,2026-03-21
1934,1934,Cash,2248,Paid,2026-07-03
1935,1935,UPI,1016,Paid,2026-02-11
1936,1936,Wallet,2069,Paid,2026-01-04
1937,1937,Wallet,1223,Paid,2026-06-06
1938,1938,Wallet,1701,Paid,2026-01-23
1939,1939,Wallet,1508,Paid,2026-02-23
1940,1940,Wallet,3019,Paid,2026-02-15
1941,1941,Card,2589,Paid,2026-07-11
1942,1942,UPI,254,Paid,2026-02-28
1943,1943,Cash,1457,Paid,2026-02-11
1944,1944,Card,1007,Paid,2026-06-03
1945,1945,Wallet,1005,Paid,2026-03-07
1946,1946,Cash,794,Paid,2026-03-14
1947,1947,Card,2367,Paid,2026-04-28
1948,1948,Cash,969,Paid,2026-02-03
1949,1949,Cash,1130,Paid,2026-03-04
1950,1950,Card,1153,Paid,2026-06-29
1951,1951,Wallet,2039,Paid,2026-05-22
1952,1952,Wallet,948,Paid,2026-07-09
1953,1953,UPI,2259,Paid,2026-02-19
1954,1954,Wallet,1318,Paid,2026-07-18
1955,1955,Card,1531,Paid,2026-03-16
1956,1956,UPI,1383,Paid,2026-05-25
1957,1957,UPI,1717,Paid,2026-02-12
1958,1958,Cash,2294,Paid,2026-02-02
1959,1959,Cash,1148,Paid,2026-04-14
1960,1960,Card,1157,Paid,2026-07-07
1961,1961,UPI,1689,Paid,2026-03-08
1962,1962,Cash,1380,Paid,2026-06-20
1963,1963,UPI,2208,Paid,2026-04-09
1964,1964,Cash,1740,Paid,2026-02-22
1965,1965,Wallet,604,Paid,2026-04-28
1966,1966,UPI,1326,Paid,2026-06-29
1967,1967,Wallet,2811,Paid,2026-04-26
1968,1968,Card,2393,Paid,2026-03-18
1969,1969,Wallet,2004,Paid,2026-03-16
1970,1970,Card,1428,Paid,2026-07-21
1971,1971,UPI,2242,Paid,2026-07-05
1972,1972,UPI,1972,Paid,2026-07-16
1973,1973,Wallet,1741,Paid,2026-03-26
1974,1974,Wallet,952,Paid,2026-02-14
1975,1975,Cash,778,Paid,2026-04-26
1976,1976,Card,3121,Paid,2026-03-28
1977,1977,UPI,1057,Paid,2026-06-29
1978,1978,UPI,1859,Paid,2026-01-10
1979,1979,Cash,2012,Paid,2026-06-04
1980,1980,UPI,632,Paid,2026-05-01
1981,1981,UPI,966,Paid,2026-05-18
1982,1982,UPI,1437,Paid,2026-05-08
1983,1983,Cash,2625,Paid,2026-03-04
1984,1984,Cash,1586,Paid,2026-07-02
1985,1985,UPI,2706,Paid,2026-07-29
1986,1986,Cash,607,Paid,2026-07-26
1987,1987,UPI,818,Paid,2026-04-20
1988,1988,Card,1352,Paid,2026-04-06
1989,1989,Wallet,755,Paid,2026-07-11
1990,1990,Cash,2565,Paid,2026-07-05
1991,1991,Cash,2414,Paid,2026-03-26
1992,1992,UPI,894,Paid,2026-02-28
1993,1993,Cash,1330,Paid,2026-04-08
1994,1994,Wallet,1905,Paid,2026-06-27
1995,1995,Card,2286,Paid,2026-01-29
1996,1996,Card,1711,Paid,2026-03-18
1997,1997,UPI,2644,Paid,2026-05-13
1998,1998,Card,2625,Paid,2026-07-12
1999,1999,Wallet,820,Paid,2026-06-29
2000,2000,UPI,1292,Paid,2026-03-26
2001,2001,UPI,1362,Paid,2026-02-04
2002,2002,Card,1445,Paid,2026-06-06
2003,2003,Wallet,2711,Paid,2026-04-06
2004,2004,Card,1956,Paid,2026-06-25
2005,2005,Cash,1988,Paid,2026-07-21
2006,2006,UPI,1122,Paid,2026-06-04
2007,2007,Wallet,1148,Paid,2026-02-24
2008,2008,Cash,2721,Paid,2026-03-27
2009,2009,Wallet,689,Paid,2026-01-21
2010,2010,UPI,1033,Paid,2026-01-10
2011,2011,Card,1268,Paid,2026-06-05
2012,2012,Cash,1536,Paid,2026-06-08
2013,2013,Card,2298,Paid,2026-06-22
2014,2014,Wallet,1001,Paid,2026-02-18
2015,2015,UPI,670,Paid,2026-07-26
2016,2016,Card,3014,Paid,2026-05-18
2017,2017,Card,1574,Paid,2026-07-26
2018,2018,Card,1806,Paid,2026-03-24
2019,2019,Cash,2710,Paid,2026-06-06
2020,2020,Cash,995,Paid,2026-04-13
2021,2021,UPI,2547,Paid,2026-03-12
2022,2022,Cash,1149,Paid,2026-05-19
2023,2023,Card,1659,Paid,2026-06-05
2024,2024,Wallet,1361,Paid,2026-03-23
2025,2025,Cash,1948,Paid,2026-01-14
2026,2026,Wallet,2348,Paid,2026-04-03
2027,2027,Card,2120,Paid,2026-01-20
2028,2028,Wallet,1890,Paid,2026-06-14
2029,2029,Cash,1704,Paid,2026-07-27
2030,2030,Cash,471,Paid,2026-04-13
2031,2031,Card,1437,Paid,2026-03-12
2032,2032,UPI,1761,Paid,2026-06-20
2033,2033,Wallet,906,Paid,2026-03-15
2034,2034,UPI,2460,Paid,2026-01-02
2035,2035,Wallet,1926,Paid,2026-02-13
2036,2036,Card,1325,Paid,2026-02-10
2037,2037,Cash,1366,Paid,2026-03-29
2038,2038,UPI,984,Paid,2026-06-16
2039,2039,Wallet,738,Paid,2026-04-09
2040,2040,Cash,904,Paid,2026-05-13
2041,2041,UPI,2937,Paid,2026-05-15
2042,2042,Wallet,2189,Paid,2026-06-29
2043,2043,Wallet,2598,Paid,2026-02-14
2044,2044,UPI,700,Paid,2026-05-05
2045,2045,UPI,1723,Paid,2026-04-05
2046,2046,Cash,2706,Paid,2026-05-03
2047,2047,Card,1342,Paid,2026-02-27
2048,2048,UPI,2278,Paid,2026-02-14
2049,2049,Wallet,1832,Paid,2026-01-29
2050,2050,Cash,801,Paid,2026-05-22
2051,2051,Wallet,2689,Paid,2026-07-28
2052,2052,Wallet,1100,Paid,2026-06-22
2053,2053,Cash,1676,Paid,2026-06-24
2054,2054,Card,964,Paid,2026-02-17
2055,2055,Cash,545,Paid,2026-07-03
2056,2056,UPI,1048,Paid,2026-03-29
2057,2057,Card,1068,Paid,2026-02-03
2058,2058,Card,1625,Paid,2026-04-26
2059,2059,Card,1713,Paid,2026-01-22
2060,2060,Card,707,Paid,2026-06-11
2061,2061,Card,2730,Paid,2026-03-31
2062,2062,Card,1326,Paid,2026-03-30
2063,2063,Wallet,2389,Paid,2026-01-30
2064,2064,Card,1468,Paid,2026-03-15
2065,2065,Cash,1155,Paid,2026-03-17
2066,2066,UPI,1654,Paid,2026-07-16
2067,2067,UPI,764,Paid,2026-01-27
2068,2068,UPI,1420,Paid,2026-05-06
2069,2069,Wallet,2094,Paid,2026-06-25
2070,2070,Card,1552,Paid,2026-01-04
2071,2071,Cash,750,Paid,2026-06-07
2072,2072,Card,1401,Paid,2026-05-12
2073,2073,Card,1739,Paid,2026-02-13
2074,2074,UPI,2331,Paid,2026-07-03
2075,2075,Wallet,1191,Paid,2026-01-27
2076,2076,Wallet,2142,Paid,2026-04-11
2077,2077,UPI,2224,Paid,2026-06-13
2078,2078,Cash,2832,Paid,2026-07-23
2079,2079,UPI,1216,Paid,2026-03-01
2080,2080,Wallet,1525,Paid,2026-01-03
2081,2081,UPI,2039,Paid,2026-03-30
2082,2082,Cash,1926,Paid,2026-01-10
2083,2083,Cash,1509,Paid,2026-01-17
2084,2084,UPI,1519,Paid,2026-06-26
2085,2085,Wallet,1029,Paid,2026-05-20
2086,2086,Cash,1684,Paid,2026-06-06
2087,2087,UPI,1014,Paid,2026-03-26
2088,2088,UPI,1665,Paid,2026-05-16
2089,2089,Cash,1545,Paid,2026-05-17
2090,2090,Card,626,Paid,2026-05-08
2091,2091,Card,1090,Paid,2026-03-24
2092,2092,Wallet,1055,Paid,2026-02-10
2093,2093,UPI,2100,Paid,2026-04-21
2094,2094,Cash,1375,Paid,2026-06-30
2095,2095,Cash,1460,Paid,2026-04-17
2096,2096,Cash,850,Paid,2026-05-15
2097,2097,Cash,1345,Paid,2026-02-05
2098,2098,Cash,2679,Paid,2026-01-26
2099,2099,Cash,1962,Paid,2026-01-22
2100,2100,Card,1315,Paid,2026-07-04
2101,2101,UPI,486,Paid,2026-04-21
2102,2102,UPI,2090,Paid,2026-05-05
2103,2103,Cash,2744,Paid,2026-07-11
2104,2104,Cash,1316,Paid,2026-01-01
2105,2105,Card,1159,Paid,2026-07-01
2106,2106,Wallet,841,Paid,2026-03-17
2107,2107,UPI,1166,Paid,2026-07-02
2108,2108,Wallet,754,Paid,2026-01-11
2109,2109,Wallet,2590,Paid,2026-07-01
2110,2110,Wallet,2308,Paid,2026-04-10
2111,2111,UPI,1215,Paid,2026-06-30
2112,2112,Wallet,840,Paid,2026-03-21
2113,2113,Wallet,654,Paid,2026-01-19
2114,2114,Cash,632,Paid,2026-02-11
2115,2115,Card,899,Paid,2026-05-03
2116,2116,Card,969,Paid,2026-05-02
2117,2117,Cash,1429,Paid,2026-01-10
2118,2118,Card,1763,Paid,2026-03-16
2119,2119,Cash,1047,Paid,2026-02-07
2120,2120,UPI,1906,Paid,2026-07-25
2121,2121,Wallet,1962,Paid,2026-03-02
2122,2122,Wallet,1196,Paid,2026-03-01
2123,2123,Card,1160,Paid,2026-02-12
2124,2124,Cash,716,Paid,2026-05-21
2125,2125,UPI,1810,Paid,2026-03-20
2126,2126,UPI,1772,Paid,2026-01-08
2127,2127,UPI,2172,Paid,2026-03-19
2128,2128,Card,1881,Paid,2026-07-23
2129,2129,Wallet,2027,Paid,2026-04-15
2130,2130,Cash,1204,Paid,2026-06-28
2131,2131,UPI,856,Paid,2026-03-03
2132,2132,Card,1926,Paid,2026-06-01
2133,2133,Cash,588,Paid,2026-04-15
2134,2134,Card,2801,Paid,2026-03-13
2135,2135,Wallet,2406,Paid,2026-06-11
2136,2136,UPI,1126,Paid,2026-07-07
2137,2137,UPI,1257,Paid,2026-05-28
2138,2138,Cash,958,Paid,2026-02-24
2139,2139,UPI,738,Paid,2026-01-16
2140,2140,UPI,819,Paid,2026-03-27
2141,2141,Card,1264,Paid,2026-01-08
2142,2142,Card,1548,Paid,2026-07-05
2143,2143,Cash,1469,Paid,2026-05-26
2144,2144,Card,703,Paid,2026-05-06
2145,2145,Cash,755,Paid,2026-07-07
2146,2146,Wallet,534,Paid,2026-01-08
2147,2147,UPI,864,Paid,2026-04-01
2148,2148,Card,861,Paid,2026-07-15
2149,2149,UPI,1618,Paid,2026-05-18
2150,2150,Cash,1000,Paid,2026-07-12
2151,2151,Cash,1326,Paid,2026-06-14
2152,2152,UPI,960,Paid,2026-04-06
2153,2153,Wallet,1208,Paid,2026-05-19
2154,2154,Wallet,1556,Paid,2026-02-05
2155,2155,Cash,1797,Paid,2026-02-07
2156,2156,UPI,2288,Paid,2026-01-21
2157,2157,UPI,526,Paid,2026-06-07
2158,2158,Cash,1564,Paid,2026-07-16
2159,2159,UPI,1561,Paid,2026-01-08
2160,2160,Wallet,2621,Paid,2026-03-17
2161,2161,Wallet,1564,Paid,2026-03-18
2162,2162,UPI,1662,Paid,2026-06-24
2163,2163,Card,1894,Paid,2026-05-27
2164,2164,Wallet,1289,Paid,2026-01-22
2165,2165,Wallet,802,Paid,2026-04-06
2166,2166,UPI,1507,Paid,2026-05-29
2167,2167,Card,695,Paid,2026-01-26
2168,2168,Cash,2592,Paid,2026-03-09
2169,2169,Cash,2250,Paid,2026-05-15
2170,2170,UPI,2655,Paid,2026-07-21
2171,2171,Card,930,Paid,2026-06-25
2172,2172,Wallet,1308,Paid,2026-06-18
2173,2173,Card,739,Paid,2026-03-26
2174,2174,UPI,851,Paid,2026-02-18
2175,2175,Card,1803,Paid,2026-01-05
2176,2176,Card,1954,Paid,2026-03-24
2177,2177,Cash,611,Paid,2026-04-05
2178,2178,Wallet,2503,Paid,2026-06-12
2179,2179,Cash,1898,Paid,2026-04-24
2180,2180,Cash,1339,Paid,2026-05-05
2181,2181,Card,1123,Paid,2026-01-10
2182,2182,Cash,1602,Paid,2026-05-15
2183,2183,UPI,1596,Paid,2026-02-16
2184,2184,Wallet,1676,Paid,2026-02-22
2185,2185,UPI,1023,Paid,2026-07-07
2186,2186,Wallet,1544,Paid,2026-07-14
2187,2187,Cash,400,Paid,2026-01-26
2188,2188,UPI,2037,Paid,2026-06-30
2189,2189,Wallet,1392,Paid,2026-01-15
2190,2190,Cash,1848,Paid,2026-05-09
2191,2191,Wallet,603,Paid,2026-05-18
2192,2192,Card,646,Paid,2026-02-16
2193,2193,Wallet,1428,Paid,2026-01-05
2194,2194,Cash,1966,Paid,2026-02-07
2195,2195,UPI,2197,Paid,2026-05-16
2196,2196,Cash,1542,Paid,2026-01-21
2197,2197,Cash,1612,Paid,2026-01-04
2198,2198,UPI,2110,Paid,2026-03-08
2199,2199,Cash,3644,Paid,2026-06-12
2200,2200,Wallet,732,Paid,2026-06-04
2201,2201,Wallet,1652,Paid,2026-06-13
2202,2202,Cash,673,Paid,2026-01-11
2203,2203,Card,1165,Paid,2026-03-15
2204,2204,Card,1736,Paid,2026-05-26
2205,2205,Cash,1566,Paid,2026-05-09
2206,2206,Cash,1236,Paid,2026-06-03
2207,2207,UPI,1743,Paid,2026-04-06
2208,2208,UPI,397,Paid,2026-05-30
2209,2209,Wallet,1028,Paid,2026-04-30
2210,2210,Wallet,1832,Paid,2026-01-24
2211,2211,Wallet,2031,Paid,2026-07-10
2212,2212,Cash,1056,Paid,2026-02-24
2213,2213,UPI,1563,Paid,2026-02-25
2214,2214,Card,1026,Paid,2026-02-06
2215,2215,Card,1465,Paid,2026-06-22
2216,2216,Card,1507,Paid,2026-04-17
2217,2217,UPI,1571,Paid,2026-05-15
2218,2218,UPI,1946,Paid,2026-03-17
2219,2219,Wallet,2191,Paid,2026-03-14
2220,2220,Wallet,1274,Paid,2026-01-02
2221,2221,UPI,2257,Paid,2026-05-01
2222,2222,Wallet,1642,Paid,2026-07-20
2223,2223,Card,875,Paid,2026-01-15
2224,2224,Cash,1272,Paid,2026-06-09
2225,2225,Cash,3598,Paid,2026-07-04
2226,2226,UPI,2580,Paid,2026-07-21
2227,2227,Wallet,3249,Paid,2026-07-11
2228,2228,Card,945,Paid,2026-07-16
2229,2229,Wallet,807,Paid,2026-02-14
2230,2230,UPI,2067,Paid,2026-07-19
2231,2231,Wallet,1312,Paid,2026-01-05
2232,2232,Cash,1029,Paid,2026-07-10
2233,2233,UPI,1554,Paid,2026-03-29
2234,2234,Wallet,1916,Paid,2026-03-04
2235,2235,Cash,1223,Paid,2026-05-07
2236,2236,Card,2291,Paid,2026-05-01
2237,2237,Cash,2296,Paid,2026-07-28
2238,2238,Cash,1849,Paid,2026-02-15
2239,2239,Card,1377,Paid,2026-05-16
2240,2240,UPI,637,Paid,2026-06-25
2241,2241,Cash,2528,Paid,2026-01-30
2242,2242,Wallet,1100,Paid,2026-06-12
2243,2243,Card,1266,Paid,2026-04-06
2244,2244,UPI,2436,Paid,2026-07-06
2245,2245,Card,2349,Paid,2026-04-18
2246,2246,UPI,977,Paid,2026-03-23
2247,2247,Wallet,1174,Paid,2026-03-18
2248,2248,Cash,2136,Paid,2026-01-03
2249,2249,Card,570,Paid,2026-07-06
2250,2250,UPI,1045,Paid,2026-04-29
2251,2251,Cash,2129,Paid,2026-04-13
2252,2252,Wallet,591,Paid,2026-03-13
2253,2253,Card,2090,Paid,2026-06-17
2254,2254,UPI,859,Paid,2026-01-06
2255,2255,UPI,1493,Paid,2026-04-24
2256,2256,Wallet,1168,Paid,2026-05-10
2257,2257,Wallet,2295,Paid,2026-07-04
2258,2258,UPI,911,Paid,2026-01-25
2259,2259,Card,601,Paid,2026-03-05
2260,2260,Card,1703,Paid,2026-04-14
2261,2261,UPI,1743,Paid,2026-06-20
2262,2262,UPI,1911,Paid,2026-05-04
2263,2263,Cash,1895,Paid,2026-01-24
2264,2264,Card,1311,Paid,2026-04-08
2265,2265,UPI,1866,Paid,2026-01-09
2266,2266,Card,1997,Paid,2026-06-20
2267,2267,Wallet,985,Paid,2026-01-11
2268,2268,UPI,1766,Paid,2026-03-10
2269,2269,Card,690,Paid,2026-04-30
2270,2270,Card,1318,Paid,2026-06-18
2271,2271,Cash,1096,Paid,2026-05-31
2272,2272,Cash,1101,Paid,2026-03-02
2273,2273,Card,2064,Paid,2026-01-25
2274,2274,Cash,1290,Paid,2026-07-07
2275,2275,Card,1608,Paid,2026-07-07
2276,2276,Card,1528,Paid,2026-06-30
2277,2277,Cash,2459,Paid,2026-04-09
2278,2278,UPI,2383,Paid,2026-03-19
2279,2279,UPI,2184,Paid,2026-07-19
2280,2280,Cash,1164,Paid,2026-07-12
2281,2281,Cash,1602,Paid,2026-02-18
2282,2282,Cash,859,Paid,2026-03-08
2283,2283,Card,2379,Paid,2026-06-19
2284,2284,Card,512,Paid,2026-01-30
2285,2285,Cash,2001,Paid,2026-05-11
2286,2286,Cash,2761,Paid,2026-06-23
2287,2287,UPI,1440,Paid,2026-04-14
2288,2288,Cash,1134,Paid,2026-03-23
2289,2289,Wallet,3852,Paid,2026-07-06
2290,2290,Card,1758,Paid,2026-03-30
2291,2291,UPI,770,Paid,2026-01-01
2292,2292,Cash,1225,Paid,2026-01-11
2293,2293,Card,1869,Paid,2026-01-24
2294,2294,Wallet,549,Paid,2026-05-24
2295,2295,Wallet,1605,Paid,2026-03-18
2296,2296,Cash,2494,Paid,2026-01-15
2297,2297,Wallet,1311,Paid,2026-06-23
2298,2298,Wallet,1301,Paid,2026-05-27
2299,2299,Cash,925,Paid,2026-07-16
2300,2300,Cash,2562,Paid,2026-04-02
2301,2301,Wallet,1808,Paid,2026-03-15
2302,2302,Cash,385,Paid,2026-04-13
2303,2303,Wallet,1376,Paid,2026-05-05
2304,2304,Card,2046,Paid,2026-01-25
2305,2305,Card,1526,Paid,2026-06-22
2306,2306,Wallet,1517,Paid,2026-03-05
2307,2307,Wallet,2190,Paid,2026-02-10
2308,2308,Cash,2165,Paid,2026-06-22
2309,2309,UPI,1361,Paid,2026-04-09
2310,2310,Card,1103,Paid,2026-05-13
2311,2311,Card,1665,Paid,2026-07-02
2312,2312,UPI,1221,Paid,2026-06-12
2313,2313,Wallet,938,Paid,2026-01-19
2314,2314,Cash,1677,Paid,2026-04-07
2315,2315,Wallet,2089,Paid,2026-03-10
2316,2316,Wallet,1335,Paid,2026-05-30
2317,2317,Card,1317,Paid,2026-04-28
2318,2318,UPI,1997,Paid,2026-03-08
2319,2319,UPI,834,Paid,2026-01-25
2320,2320,UPI,2132,Paid,2026-05-12
2321,2321,Wallet,684,Paid,2026-03-20
2322,2322,Cash,2381,Paid,2026-04-10
2323,2323,UPI,1325,Paid,2026-07-01
2324,2324,Wallet,1982,Paid,2026-02-02
2325,2325,Card,1032,Paid,2026-06-30
2326,2326,Wallet,1618,Paid,2026-07-19
2327,2327,Card,2308,Paid,2026-06-20
2328,2328,Wallet,2460,Paid,2026-06-23
2329,2329,Wallet,2154,Paid,2026-04-21
2330,2330,Card,927,Paid,2026-07-11
2331,2331,UPI,2840,Paid,2026-06-18
2332,2332,Card,1205,Paid,2026-01-30
2333,2333,Card,1919,Paid,2026-06-03
2334,2334,Cash,2548,Paid,2026-04-19
2335,2335,Wallet,575,Paid,2026-01-12
2336,2336,Card,1231,Paid,2026-04-15
2337,2337,Wallet,3185,Paid,2026-02-27
2338,2338,UPI,1533,Paid,2026-07-19
2339,2339,UPI,1866,Paid,2026-06-22
2340,2340,Card,1530,Paid,2026-07-06
2341,2341,Wallet,2445,Paid,2026-06-12
2342,2342,Wallet,1193,Paid,2026-03-11
2343,2343,Cash,1341,Paid,2026-01-12
2344,2344,UPI,1021,Paid,2026-04-26
2345,2345,Wallet,1962,Paid,2026-01-21
2346,2346,Cash,601,Paid,2026-06-28
2347,2347,UPI,1308,Paid,2026-01-05
2348,2348,Cash,2035,Paid,2026-01-14
2349,2349,UPI,1233,Paid,2026-07-02
2350,2350,Wallet,1869,Paid,2026-03-11
2351,2351,Wallet,2322,Paid,2026-07-11
2352,2352,Card,2760,Paid,2026-01-12
2353,2353,Card,2259,Paid,2026-05-26
2354,2354,Cash,822,Paid,2026-06-22
2355,2355,Cash,2068,Paid,2026-02-12
2356,2356,Card,1550,Paid,2026-07-15
2357,2357,Wallet,2660,Paid,2026-03-19
2358,2358,UPI,1515,Paid,2026-07-30
2359,2359,Card,2173,Paid,2026-04-13
2360,2360,Card,2506,Paid,2026-05-10
2361,2361,Cash,2967,Paid,2026-01-21
2362,2362,Cash,912,Paid,2026-04-18
2363,2363,Wallet,1333,Paid,2026-02-21
2364,2364,UPI,1834,Paid,2026-06-08
2365,2365,Card,2377,Paid,2026-05-02
2366,2366,Wallet,790,Paid,2026-03-02
2367,2367,Cash,2133,Paid,2026-04-19
2368,2368,Card,1650,Paid,2026-01-18
2369,2369,UPI,2013,Paid,2026-07-30
2370,2370,UPI,696,Paid,2026-02-04
2371,2371,Wallet,1839,Paid,2026-06-28
2372,2372,UPI,2191,Paid,2026-04-20
2373,2373,Cash,2198,Paid,2026-06-05
2374,2374,Wallet,2034,Paid,2026-05-01
2375,2375,Cash,1529,Paid,2026-02-08
2376,2376,Cash,1113,Paid,2026-03-09
2377,2377,Wallet,1502,Paid,2026-02-08
2378,2378,Card,1301,Paid,2026-05-13
2379,2379,Wallet,1120,Paid,2026-06-18
2380,2380,Cash,680,Paid,2026-07-07
2381,2381,UPI,1814,Paid,2026-03-22
2382,2382,Wallet,2557,Paid,2026-01-27
2383,2383,Wallet,2886,Paid,2026-01-31
2384,2384,Wallet,1838,Paid,2026-01-23
2385,2385,Wallet,1535,Paid,2026-02-27
2386,2386,UPI,1039,Paid,2026-02-25
2387,2387,Cash,2151,Paid,2026-07-03
2388,2388,UPI,1035,Paid,2026-05-20
2389,2389,Cash,1357,Paid,2026-01-24
2390,2390,Card,647,Paid,2026-05-06
2391,2391,UPI,1440,Paid,2026-03-06
2392,2392,Card,1456,Paid,2026-06-28
2393,2393,Cash,2807,Paid,2026-03-08
2394,2394,Wallet,1061,Paid,2026-05-30
2395,2395,Card,1052,Paid,2026-05-20
2396,2396,Cash,902,Paid,2026-03-09
2397,2397,Wallet,864,Paid,2026-01-11
2398,2398,Cash,606,Paid,2026-05-03
2399,2399,Card,1579,Paid,2026-06-14
2400,2400,Wallet,3100,Paid,2026-02-25
2401,2401,Card,1127,Paid,2026-07-21
2402,2402,Cash,1723,Paid,2026-07-21
2403,2403,Wallet,1662,Paid,2026-04-30
2404,2404,Card,2317,Paid,2026-04-16
2405,2405,Card,2866,Paid,2026-07-29
2406,2406,Cash,1885,Paid,2026-06-20
2407,2407,Wallet,1609,Paid,2026-05-07
2408,2408,Wallet,2172,Paid,2026-02-25
2409,2409,Wallet,1983,Paid,2026-03-12
2410,2410,Card,2909,Paid,2026-04-21
2411,2411,Card,924,Paid,2026-01-12
2412,2412,Card,634,Paid,2026-07-07
2413,2413,UPI,2768,Paid,2026-05-29
2414,2414,Card,1831,Paid,2026-01-21
2415,2415,Cash,2337,Paid,2026-01-16
2416,2416,Wallet,786,Paid,2026-01-30
2417,2417,Wallet,805,Paid,2026-01-24
2418,2418,UPI,1942,Paid,2026-05-24
2419,2419,Card,1879,Paid,2026-02-22
2420,2420,Card,530,Paid,2026-02-21
2421,2421,Wallet,630,Paid,2026-02-22
2422,2422,Cash,2690,Paid,2026-05-02
2423,2423,UPI,830,Paid,2026-07-07
2424,2424,Wallet,1816,Paid,2026-06-20
2425,2425,Card,2417,Paid,2026-03-24
2426,2426,UPI,2217,Paid,2026-03-31
2427,2427,Wallet,2688,Paid,2026-07-20
2428,2428,UPI,2028,Paid,2026-02-08
2429,2429,Wallet,1933,Paid,2026-01-05
2430,2430,Card,1690,Paid,2026-01-08
2431,2431,UPI,1540,Paid,2026-04-30
2432,2432,Wallet,1441,Paid,2026-07-05
2433,2433,Cash,574,Paid,2026-05-17
2434,2434,Wallet,2588,Paid,2026-06-03
2435,2435,UPI,1220,Paid,2026-07-19
2436,2436,UPI,2897,Paid,2026-03-26
2437,2437,Card,1011,Paid,2026-06-20
2438,2438,Card,1242,Paid,2026-07-15
2439,2439,Cash,1960,Paid,2026-04-05
2440,2440,Cash,805,Paid,2026-06-15
2441,2441,UPI,1492,Paid,2026-04-04
2442,2442,Wallet,2942,Paid,2026-01-11
2443,2443,Card,1159,Paid,2026-02-16
2444,2444,Cash,1607,Paid,2026-02-04
2445,2445,UPI,1161,Paid,2026-01-15
2446,2446,Card,1873,Paid,2026-04-10
2447,2447,UPI,1369,Paid,2026-03-07
2448,2448,Cash,1154,Paid,2026-03-11
2449,2449,Wallet,1388,Paid,2026-06-26
2450,2450,Cash,1168,Paid,2026-01-23
2451,2451,Cash,566,Paid,2026-06-13
2452,2452,Wallet,1329,Paid,2026-07-05
2453,2453,Cash,724,Paid,2026-02-09
2454,2454,Card,1512,Paid,2026-06-08
2455,2455,Card,2815,Paid,2026-07-26
2456,2456,Card,928,Paid,2026-07-13
2457,2457,UPI,1558,Paid,2026-05-27
2458,2458,Cash,1118,Paid,2026-03-09
2459,2459,Card,2194,Paid,2026-04-27
2460,2460,Card,1478,Paid,2026-05-11
2461,2461,Wallet,1366,Paid,2026-06-27
2462,2462,Card,2327,Paid,2026-04-30
2463,2463,UPI,2967,Paid,2026-03-04
2464,2464,Cash,1606,Paid,2026-06-25
2465,2465,Cash,2193,Paid,2026-06-05
2466,2466,Card,967,Paid,2026-07-16
2467,2467,Wallet,2767,Paid,2026-01-27
2468,2468,UPI,1734,Paid,2026-06-14
2469,2469,UPI,766,Paid,2026-04-27
2470,2470,Cash,1164,Paid,2026-06-02
2471,2471,Wallet,641,Paid,2026-06-14
2472,2472,Card,1631,Paid,2026-04-11
2473,2473,Card,1813,Paid,2026-05-21
2474,2474,Wallet,2771,Paid,2026-01-18
2475,2475,UPI,1380,Paid,2026-07-01
2476,2476,Card,848,Paid,2026-05-07
2477,2477,Card,594,Paid,2026-05-05
2478,2478,UPI,1690,Paid,2026-04-04
2479,2479,Card,1337,Paid,2026-05-14
2480,2480,UPI,1302,Paid,2026-05-11
2481,2481,Wallet,652,Paid,2026-01-07
2482,2482,Cash,1598,Paid,2026-03-22
2483,2483,Wallet,1439,Paid,2026-07-29
2484,2484,Cash,1100,Paid,2026-05-31
2485,2485,UPI,2807,Paid,2026-05-04
2486,2486,UPI,1513,Paid,2026-05-20
2487,2487,Cash,1105,Paid,2026-06-09
2488,2488,UPI,1862,Paid,2026-01-19
2489,2489,UPI,1257,Paid,2026-07-22
2490,2490,Cash,2921,Paid,2026-05-22
2491,2491,Card,574,Paid,2026-06-22
2492,2492,Cash,782,Paid,2026-03-03
2493,2493,Card,2112,Paid,2026-07-18
2494,2494,Wallet,810,Paid,2026-07-24
2495,2495,Card,1219,Paid,2026-02-03
2496,2496,Card,1865,Paid,2026-06-05
2497,2497,UPI,506,Paid,2026-02-25
2498,2498,UPI,529,Paid,2026-06-18
2499,2499,Cash,381,Paid,2026-01-13
2500,2500,Cash,3234,Paid,2026-07-30
2501,2501,UPI,1452,Paid,2026-06-27
2502,2502,Card,476,Paid,2026-03-16
2503,2503,Cash,1807,Paid,2026-05-03
2504,2504,Card,1920,Paid,2026-06-12
2505,2505,Cash,2231,Paid,2026-06-08
2506,2506,Card,1028,Paid,2026-04-04
2507,2507,Wallet,1114,Paid,2026-05-25
2508,2508,Wallet,1756,Paid,2026-03-22
2509,2509,UPI,759,Paid,2026-05-09
2510,2510,Wallet,1872,Paid,2026-03-03
2511,2511,UPI,1925,Paid,2026-03-13
2512,2512,Wallet,2886,Paid,2026-07-01
2513,2513,Card,2178,Paid,2026-04-04
2514,2514,Card,719,Paid,2026-01-26
2515,2515,Card,1692,Paid,2026-03-03
2516,2516,Card,1108,Paid,2026-05-11
2517,2517,Cash,1987,Paid,2026-01-26
2518,2518,Card,1201,Paid,2026-02-12
2519,2519,Cash,1029,Paid,2026-07-15
2520,2520,Wallet,1977,Paid,2026-07-12
2521,2521,Card,2524,Paid,2026-05-07
2522,2522,Card,2396,Paid,2026-06-02
2523,2523,UPI,966,Paid,2026-02-10
2524,2524,Cash,1158,Paid,2026-01-05
2525,2525,Cash,846,Paid,2026-07-10
2526,2526,Wallet,2126,Paid,2026-06-24
2527,2527,Wallet,1941,Paid,2026-06-03
2528,2528,Cash,1802,Paid,2026-05-30
2529,2529,Wallet,1752,Paid,2026-02-24
2530,2530,Cash,1329,Paid,2026-05-03
2531,2531,UPI,1577,Paid,2026-03-24
2532,2532,Wallet,3000,Paid,2026-07-22
2533,2533,UPI,1480,Paid,2026-06-05
2534,2534,Cash,1338,Paid,2026-07-11
2535,2535,UPI,1254,Paid,2026-01-13
2536,2536,Card,2459,Paid,2026-07-13
2537,2537,Cash,1369,Paid,2026-03-08
2538,2538,UPI,2416,Paid,2026-07-05
2539,2539,UPI,958,Paid,2026-07-23
2540,2540,Wallet,2406,Paid,2026-05-27
2541,2541,UPI,1719,Paid,2026-03-29
2542,2542,Card,921,Paid,2026-02-14
2543,2543,UPI,1087,Paid,2026-05-18
2544,2544,Card,926,Paid,2026-07-19
2545,2545,UPI,1754,Paid,2026-02-09
2546,2546,Card,2217,Paid,2026-05-07
2547,2547,Wallet,2284,Paid,2026-07-13
2548,2548,UPI,1294,Paid,2026-06-17
2549,2549,Wallet,1234,Paid,2026-02-04
2550,2550,UPI,2640,Paid,2026-07-17
2551,2551,Cash,1293,Paid,2026-07-12
2552,2552,Cash,1450,Paid,2026-06-22
2553,2553,Card,909,Paid,2026-05-16
2554,2554,Card,2448,Paid,2026-07-23
2555,2555,Cash,1569,Paid,2026-07-29
2556,2556,Wallet,582,Paid,2026-07-22
2557,2557,Card,1902,Paid,2026-01-13
2558,2558,UPI,1762,Paid,2026-01-02
2559,2559,Card,1494,Paid,2026-04-23
2560,2560,Card,1316,Paid,2026-04-01
2561,2561,Wallet,1396,Paid,2026-05-25
2562,2562,UPI,1134,Paid,2026-03-28
2563,2563,Wallet,2348,Paid,2026-06-30
2564,2564,Wallet,2050,Paid,2026-07-21
2565,2565,Card,600,Paid,2026-01-06
2566,2566,UPI,1526,Paid,2026-07-25
2567,2567,Wallet,2198,Paid,2026-05-24
2568,2568,Wallet,2000,Paid,2026-01-03
2569,2569,UPI,1879,Paid,2026-07-02
2570,2570,Wallet,2280,Paid,2026-02-24
2571,2571,UPI,2522,Paid,2026-05-02
2572,2572,Cash,2241,Paid,2026-07-16
2573,2573,Wallet,917,Paid,2026-03-26
2574,2574,Card,1782,Paid,2026-01-21
2575,2575,UPI,2200,Paid,2026-05-05
2576,2576,Card,1210,Paid,2026-06-29
2577,2577,UPI,2075,Paid,2026-02-27
2578,2578,Cash,1637,Paid,2026-07-20
2579,2579,Card,1257,Paid,2026-01-24
2580,2580,UPI,1819,Paid,2026-02-07
2581,2581,Card,1316,Paid,2026-02-16
2582,2582,Cash,786,Paid,2026-01-01
2583,2583,Cash,2386,Paid,2026-03-01
2584,2584,UPI,2312,Paid,2026-03-19
2585,2585,UPI,1205,Paid,2026-02-14
2586,2586,Cash,1319,Paid,2026-05-03
2587,2587,UPI,756,Paid,2026-03-26
2588,2588,Wallet,987,Paid,2026-04-18
2589,2589,Cash,2503,Paid,2026-07-21
2590,2590,UPI,516,Paid,2026-07-15
2591,2591,Cash,1810,Paid,2026-05-25
2592,2592,UPI,844,Paid,2026-07-11
2593,2593,UPI,1778,Paid,2026-01-16
2594,2594,UPI,1066,Paid,2026-01-07
2595,2595,Card,2004,Paid,2026-06-06
2596,2596,UPI,895,Paid,2026-05-02
2597,2597,Wallet,1185,Paid,2026-05-02
2598,2598,Wallet,2892,Paid,2026-06-14
2599,2599,UPI,705,Paid,2026-01-01
2600,2600,Wallet,2062,Paid,2026-06-28
2601,2601,Card,2160,Paid,2026-01-12
2602,2602,Card,853,Paid,2026-06-22
2603,2603,Card,894,Paid,2026-06-19
2604,2604,Card,2328,Paid,2026-03-29
2605,2605,Cash,1484,Paid,2026-04-21
2606,2606,UPI,2913,Paid,2026-06-04
2607,2607,UPI,3564,Paid,2026-05-23
2608,2608,UPI,2570,Paid,2026-05-26
2609,2609,Wallet,2329,Paid,2026-04-24
2610,2610,Card,1897,Paid,2026-04-27
2611,2611,Card,922,Paid,2026-04-17
2612,2612,Wallet,1879,Paid,2026-02-13
2613,2613,UPI,1198,Paid,2026-05-09
2614,2614,UPI,2104,Paid,2026-07-02
2615,2615,Wallet,1238,Paid,2026-03-04
2616,2616,Card,1674,Paid,2026-07-23
2617,2617,UPI,1191,Paid,2026-04-17
2618,2618,Card,1155,Paid,2026-04-06
2619,2619,UPI,1356,Paid,2026-05-30
2620,2620,Card,574,Paid,2026-06-29
2621,2621,Wallet,367,Paid,2026-01-13
2622,2622,Card,3534,Paid,2026-03-16
2623,2623,Wallet,1328,Paid,2026-05-12
2624,2624,Wallet,2509,Paid,2026-06-30
2625,2625,UPI,550,Paid,2026-02-09
2626,2626,UPI,2352,Paid,2026-04-17
2627,2627,Cash,1754,Paid,2026-04-30
2628,2628,Wallet,620,Paid,2026-05-19
2629,2629,Card,3387,Paid,2026-05-28
2630,2630,Card,1133,Paid,2026-05-25
2631,2631,Cash,1530,Paid,2026-03-03
2632,2632,UPI,1462,Paid,2026-01-11
2633,2633,Cash,698,Paid,2026-04-17
2634,2634,Cash,946,Paid,2026-05-12
2635,2635,Cash,1942,Paid,2026-01-16
2636,2636,Cash,2449,Paid,2026-03-12
2637,2637,UPI,2358,Paid,2026-05-01
2638,2638,UPI,2969,Paid,2026-03-08
2639,2639,Card,2481,Paid,2026-01-10
2640,2640,Wallet,1677,Paid,2026-04-24
2641,2641,Cash,980,Paid,2026-04-22
2642,2642,UPI,1671,Paid,2026-06-16
2643,2643,Card,938,Paid,2026-05-26
2644,2644,Cash,2505,Paid,2026-05-07
2645,2645,Cash,1707,Paid,2026-02-20
2646,2646,UPI,2745,Paid,2026-03-22
2647,2647,Card,2226,Paid,2026-01-23
2648,2648,Cash,1740,Paid,2026-07-30
2649,2649,Card,753,Paid,2026-04-13
2650,2650,UPI,2764,Paid,2026-05-23
2651,2651,Cash,1696,Paid,2026-06-02
2652,2652,Wallet,901,Paid,2026-06-26
2653,2653,UPI,2755,Paid,2026-01-06
2654,2654,Cash,2212,Paid,2026-02-25
2655,2655,Cash,1596,Paid,2026-01-08
2656,2656,Wallet,1208,Paid,2026-06-21
2657,2657,Cash,1496,Paid,2026-03-12
2658,2658,Wallet,1011,Paid,2026-07-06
2659,2659,Wallet,2219,Paid,2026-06-07
2660,2660,UPI,1551,Paid,2026-03-11
2661,2661,Wallet,1387,Paid,2026-01-11
2662,2662,Wallet,923,Paid,2026-03-01
2663,2663,Wallet,2024,Paid,2026-04-05
2664,2664,Wallet,2114,Paid,2026-07-15
2665,2665,UPI,1700,Paid,2026-02-21
2666,2666,Wallet,2204,Paid,2026-04-26
2667,2667,Wallet,599,Paid,2026-01-23
2668,2668,Wallet,1455,Paid,2026-06-11
2669,2669,Cash,1620,Paid,2026-04-08
2670,2670,Cash,1428,Paid,2026-04-26
2671,2671,Cash,1004,Paid,2026-04-15
2672,2672,Wallet,2173,Paid,2026-03-12
2673,2673,UPI,1985,Paid,2026-04-30
2674,2674,UPI,1056,Paid,2026-06-18
2675,2675,Wallet,1445,Paid,2026-03-28
2676,2676,Cash,1812,Paid,2026-06-02
2677,2677,Cash,3004,Paid,2026-04-25
2678,2678,Cash,2175,Paid,2026-05-29
2679,2679,Card,1581,Paid,2026-05-30
2680,2680,Cash,1590,Paid,2026-06-05
2681,2681,Cash,904,Paid,2026-07-06
2682,2682,Wallet,1127,Paid,2026-05-13
2683,2683,UPI,1134,Paid,2026-03-05
2684,2684,Card,999,Paid,2026-05-03
2685,2685,Wallet,1093,Paid,2026-01-08
2686,2686,Wallet,1141,Paid,2026-04-06
2687,2687,Card,1188,Paid,2026-07-20
2688,2688,Wallet,2249,Paid,2026-06-15
2689,2689,Wallet,957,Paid,2026-05-17
2690,2690,Card,2664,Paid,2026-01-20
2691,2691,Cash,594,Paid,2026-01-12
2692,2692,Wallet,1314,Paid,2026-07-08
2693,2693,Cash,1133,Paid,2026-01-01
2694,2694,Cash,2824,Paid,2026-01-14
2695,2695,UPI,1227,Paid,2026-03-31
2696,2696,Wallet,1167,Paid,2026-04-03
2697,2697,Cash,2486,Paid,2026-02-07
2698,2698,Cash,2703,Paid,2026-05-26
2699,2699,Card,2790,Paid,2026-03-20
2700,2700,Cash,1856,Paid,2026-06-28
2701,2701,UPI,698,Paid,2026-05-29
2702,2702,Card,1439,Paid,2026-03-27
2703,2703,Card,3685,Paid,2026-06-29
2704,2704,Card,2992,Paid,2026-04-02
2705,2705,Card,1296,Paid,2026-05-25
2706,2706,UPI,1719,Paid,2026-03-06
2707,2707,Wallet,1192,Paid,2026-06-28
2708,2708,UPI,2604,Paid,2026-03-10
2709,2709,Cash,1125,Paid,2026-07-21
2710,2710,Wallet,2126,Paid,2026-02-10
2711,2711,UPI,492,Paid,2026-01-20
2712,2712,UPI,1476,Paid,2026-07-04
2713,2713,Card,1590,Paid,2026-04-11
2714,2714,Wallet,1969,Paid,2026-06-05
2715,2715,Cash,1529,Paid,2026-02-27
2716,2716,Cash,840,Paid,2026-03-28
2717,2717,Cash,1809,Paid,2026-06-25
2718,2718,Cash,1501,Paid,2026-01-15
2719,2719,Wallet,1093,Paid,2026-05-06
2720,2720,Cash,1198,Paid,2026-06-06
2721,2721,Cash,1079,Paid,2026-02-04
2722,2722,Cash,1638,Paid,2026-03-05
2723,2723,Cash,1239,Paid,2026-02-04
2724,2724,Card,1902,Paid,2026-02-01
2725,2725,Cash,775,Paid,2026-02-19
2726,2726,Cash,2211,Paid,2026-05-02
2727,2727,Cash,2530,Paid,2026-01-08
2728,2728,Card,1956,Paid,2026-07-08
2729,2729,Cash,2541,Paid,2026-03-21
2730,2730,Card,1392,Paid,2026-06-27
2731,2731,UPI,1160,Paid,2026-03-27
2732,2732,UPI,2473,Paid,2026-03-05
2733,2733,Cash,1563,Paid,2026-05-29
2734,2734,UPI,2372,Paid,2026-05-31
2735,2735,UPI,1204,Paid,2026-06-29
2736,2736,UPI,568,Paid,2026-04-25
2737,2737,Card,1129,Paid,2026-02-21
2738,2738,UPI,1651,Paid,2026-06-07
2739,2739,Wallet,1863,Paid,2026-04-06
2740,2740,Card,1392,Paid,2026-04-21
2741,2741,UPI,1741,Paid,2026-05-17
2742,2742,Wallet,1311,Paid,2026-06-04
2743,2743,Cash,1765,Paid,2026-04-03
2744,2744,Wallet,1090,Paid,2026-05-26
2745,2745,Wallet,911,Paid,2026-06-26
2746,2746,Wallet,1394,Paid,2026-01-19
2747,2747,Wallet,504,Paid,2026-04-19
2748,2748,Wallet,1240,Paid,2026-05-01
2749,2749,Card,2419,Paid,2026-04-07
2750,2750,Cash,1710,Paid,2026-04-25
2751,2751,Wallet,1608,Paid,2026-03-19
2752,2752,Cash,2429,Paid,2026-06-16
2753,2753,Card,2839,Paid,2026-03-21
2754,2754,UPI,1152,Paid,2026-02-15
2755,2755,Wallet,3409,Paid,2026-03-04
2756,2756,Cash,1395,Paid,2026-04-22
2757,2757,Wallet,805,Paid,2026-03-24
2758,2758,Card,1280,Paid,2026-06-13
2759,2759,Card,1126,Paid,2026-04-17
2760,2760,Card,1088,Paid,2026-07-01
2761,2761,Card,1451,Paid,2026-07-22
2762,2762,UPI,1771,Paid,2026-04-29
2763,2763,Card,634,Paid,2026-05-31
2764,2764,Cash,1908,Paid,2026-02-20
2765,2765,Cash,2497,Paid,2026-01-04
2766,2766,Cash,1707,Paid,2026-05-15
2767,2767,Cash,1281,Paid,2026-05-15
2768,2768,Wallet,778,Paid,2026-03-04
2769,2769,UPI,1361,Paid,2026-06-22
2770,2770,Card,2482,Paid,2026-05-21
2771,2771,UPI,1284,Paid,2026-01-07
2772,2772,Card,1781,Paid,2026-02-01
2773,2773,UPI,1590,Paid,2026-05-21
2774,2774,Cash,1703,Paid,2026-04-10
2775,2775,UPI,1975,Paid,2026-01-18
2776,2776,Wallet,2160,Paid,2026-04-13
2777,2777,UPI,2190,Paid,2026-05-11
2778,2778,UPI,2380,Paid,2026-01-19
2779,2779,Wallet,1884,Paid,2026-07-02
2780,2780,UPI,1928,Paid,2026-01-21
2781,2781,Cash,1864,Paid,2026-01-03
2782,2782,Wallet,1869,Paid,2026-02-03
2783,2783,Card,1801,Paid,2026-03-18
2784,2784,Card,2551,Paid,2026-01-29
2785,2785,UPI,1075,Paid,2026-02-25
2786,2786,Card,2363,Paid,2026-03-16
2787,2787,Cash,1659,Paid,2026-07-25
2788,2788,Cash,663,Paid,2026-03-06
2789,2789,Card,783,Paid,2026-03-19
2790,2790,Card,2360,Paid,2026-07-06
2791,2791,UPI,917,Paid,2026-02-05
2792,2792,Card,1546,Paid,2026-01-25
2793,2793,Wallet,1705,Paid,2026-03-02
2794,2794,Cash,1358,Paid,2026-05-03
2795,2795,Wallet,2965,Paid,2026-07-24
2796,2796,Card,1491,Paid,2026-04-03
2797,2797,UPI,1464,Paid,2026-02-12
2798,2798,UPI,1794,Paid,2026-02-22
2799,2799,Cash,1598,Paid,2026-02-01
2800,2800,Card,1038,Paid,2026-03-12
2801,2801,Cash,1928,Paid,2026-03-09
2802,2802,UPI,1216,Paid,2026-03-15
2803,2803,Card,519,Paid,2026-05-23
2804,2804,Card,2028,Paid,2026-05-30
2805,2805,Wallet,2248,Paid,2026-06-01
2806,2806,Card,1950,Paid,2026-06-25
2807,2807,Card,1981,Paid,2026-05-16
2808,2808,UPI,982,Paid,2026-06-03
2809,2809,UPI,2503,Paid,2026-01-21
2810,2810,UPI,1755,Paid,2026-05-09
2811,2811,Cash,2421,Paid,2026-01-30
2812,2812,Card,1880,Paid,2026-01-15
2813,2813,Wallet,1188,Paid,2026-05-15
2814,2814,Card,1170,Paid,2026-06-13
2815,2815,Wallet,1986,Paid,2026-06-18
2816,2816,Wallet,1980,Paid,2026-04-23
2817,2817,Wallet,1978,Paid,2026-03-15
2818,2818,UPI,671,Paid,2026-04-09
2819,2819,UPI,1291,Paid,2026-06-12
2820,2820,Cash,1422,Paid,2026-06-14
2821,2821,UPI,536,Paid,2026-07-16
2822,2822,Cash,1421,Paid,2026-04-07
2823,2823,Wallet,1722,Paid,2026-01-24
2824,2824,Cash,727,Paid,2026-01-28
2825,2825,Cash,861,Paid,2026-01-25
2826,2826,UPI,1257,Paid,2026-03-22
2827,2827,Cash,2895,Paid,2026-05-31
2828,2828,Card,987,Paid,2026-02-22
2829,2829,UPI,2812,Paid,2026-03-23
2830,2830,Card,2256,Paid,2026-06-05
2831,2831,Cash,1360,Paid,2026-06-23
2832,2832,Wallet,1628,Paid,2026-04-26
2833,2833,Card,662,Paid,2026-04-27
2834,2834,Card,845,Paid,2026-06-29
2835,2835,Card,732,Paid,2026-03-17
2836,2836,Cash,1024,Paid,2026-07-29
2837,2837,Cash,1777,Paid,2026-03-15
2838,2838,UPI,1834,Paid,2026-05-15
2839,2839,Cash,2117,Paid,2026-07-24
2840,2840,Wallet,1305,Paid,2026-07-28
2841,2841,Wallet,659,Paid,2026-06-08
2842,2842,Cash,672,Paid,2026-05-04
2843,2843,Card,718,Paid,2026-04-28
2844,2844,Card,1619,Paid,2026-05-17
2845,2845,UPI,1772,Paid,2026-02-16
2846,2846,Cash,1188,Paid,2026-03-01
2847,2847,Cash,1068,Paid,2026-03-27
2848,2848,Wallet,1474,Paid,2026-07-07
2849,2849,Card,621,Paid,2026-01-23
2850,2850,Wallet,1373,Paid,2026-04-16
2851,2851,Wallet,1251,Paid,2026-06-18
2852,2852,Card,1254,Paid,2026-06-09
2853,2853,Wallet,1237,Paid,2026-07-05
2854,2854,Wallet,2213,Paid,2026-02-11
2855,2855,UPI,2703,Paid,2026-02-22
2856,2856,Wallet,640,Paid,2026-05-15
2857,2857,Card,981,Paid,2026-07-13
2858,2858,Wallet,1495,Paid,2026-02-25
2859,2859,UPI,1638,Paid,2026-06-30
2860,2860,UPI,2296,Paid,2026-04-18
2861,2861,Cash,1686,Paid,2026-06-26
2862,2862,Wallet,1338,Paid,2026-07-15
2863,2863,Cash,1716,Paid,2026-06-24
2864,2864,Wallet,1095,Paid,2026-05-22
2865,2865,Card,1220,Paid,2026-04-12
2866,2866,Wallet,798,Paid,2026-01-10
2867,2867,UPI,1678,Paid,2026-07-29
2868,2868,Cash,1521,Paid,2026-02-22
2869,2869,UPI,1008,Paid,2026-07-12
2870,2870,Card,1712,Paid,2026-04-03
2871,2871,UPI,964,Paid,2026-07-03
2872,2872,Wallet,877,Paid,2026-05-28
2873,2873,Card,998,Paid,2026-02-20
2874,2874,Cash,1673,Paid,2026-07-07
2875,2875,Wallet,399,Paid,2026-04-26
2876,2876,UPI,1782,Paid,2026-03-31
2877,2877,Wallet,3253,Paid,2026-04-09
2878,2878,Wallet,722,Paid,2026-06-01
2879,2879,Card,584,Paid,2026-02-12
2880,2880,Cash,2247,Paid,2026-02-05
2881,2881,Wallet,1498,Paid,2026-01-28
2882,2882,Wallet,1248,Paid,2026-02-22
2883,2883,Cash,2428,Paid,2026-04-22
2884,2884,UPI,362,Paid,2026-07-03
2885,2885,Cash,2303,Paid,2026-01-27
2886,2886,Wallet,1583,Paid,2026-04-27
2887,2887,Card,3063,Paid,2026-03-09
2888,2888,UPI,1582,Paid,2026-05-09
2889,2889,UPI,1552,Paid,2026-02-14
2890,2890,Cash,1270,Paid,2026-06-03
2891,2891,Wallet,2373,Paid,2026-07-30
2892,2892,Cash,1766,Paid,2026-05-15
2893,2893,Card,2757,Paid,2026-06-09
2894,2894,UPI,829,Paid,2026-05-24
2895,2895,Cash,1654,Paid,2026-02-03
2896,2896,Wallet,1258,Paid,2026-04-24
2897,2897,UPI,3573,Paid,2026-01-14
2898,2898,Wallet,1259,Paid,2026-03-31
2899,2899,Card,2204,Paid,2026-01-28
2900,2900,Cash,981,Paid,2026-05-15
2901,2901,Cash,1923,Paid,2026-06-13
2902,2902,Wallet,569,Paid,2026-01-05
2903,2903,UPI,739,Paid,2026-07-03
2904,2904,Wallet,1319,Paid,2026-05-15
2905,2905,Wallet,2193,Paid,2026-05-21
2906,2906,Cash,1703,Paid,2026-01-28
2907,2907,Wallet,1236,Paid,2026-02-13
2908,2908,Wallet,1796,Paid,2026-03-09
2909,2909,Wallet,1818,Paid,2026-06-15
2910,2910,Card,1543,Paid,2026-07-07
2911,2911,UPI,2514,Paid,2026-07-15
2912,2912,Cash,1368,Paid,2026-03-18
2913,2913,Card,1940,Paid,2026-02-14
2914,2914,UPI,3443,Paid,2026-07-20
2915,2915,UPI,1593,Paid,2026-06-14
2916,2916,Card,330,Paid,2026-01-28
2917,2917,UPI,2019,Paid,2026-07-29
2918,2918,UPI,2788,Paid,2026-06-28
2919,2919,Cash,2294,Paid,2026-07-18
2920,2920,Cash,2355,Paid,2026-05-05
2921,2921,Card,1600,Paid,2026-02-04
2922,2922,Card,1650,Paid,2026-05-20
2923,2923,UPI,764,Paid,2026-03-11
2924,2924,Wallet,928,Paid,2026-06-21
2925,2925,Cash,1893,Paid,2026-05-30
2926,2926,UPI,1222,Paid,2026-01-08
2927,2927,Wallet,1774,Paid,2026-02-07
2928,2928,UPI,2439,Paid,2026-05-17
2929,2929,Card,1683,Paid,2026-02-04
2930,2930,Wallet,1019,Paid,2026-01-16
2931,2931,Card,2680,Paid,2026-02-27
2932,2932,Wallet,899,Paid,2026-03-09
2933,2933,UPI,1523,Paid,2026-05-04
2934,2934,Cash,1554,Paid,2026-06-21
2935,2935,Card,1645,Paid,2026-01-20
2936,2936,Card,593,Paid,2026-03-11
2937,2937,Card,2422,Paid,2026-06-29
2938,2938,Cash,1025,Paid,2026-06-10
2939,2939,Card,3167,Paid,2026-04-27
2940,2940,Wallet,1991,Paid,2026-03-21
2941,2941,UPI,268,Paid,2026-06-08
2942,2942,Card,1430,Paid,2026-04-19
2943,2943,Wallet,816,Paid,2026-07-12
2944,2944,Card,981,Paid,2026-02-21
2945,2945,Card,1888,Paid,2026-01-19
2946,2946,Card,1074,Paid,2026-06-19
2947,2947,Cash,1001,Paid,2026-07-23
2948,2948,Card,2729,Paid,2026-05-24
2949,2949,Wallet,2569,Paid,2026-01-18
2950,2950,Cash,1478,Paid,2026-05-21
2951,2951,Cash,2106,Paid,2026-01-22
2952,2952,Cash,2561,Paid,2026-07-08
2953,2953,UPI,1300,Paid,2026-02-05
2954,2954,Wallet,3086,Paid,2026-01-15
2955,2955,UPI,1110,Paid,2026-05-18
2956,2956,Card,1601,Paid,2026-07-04
2957,2957,Card,1230,Paid,2026-07-08
2958,2958,UPI,2774,Paid,2026-07-19
2959,2959,Card,837,Paid,2026-05-31
2960,2960,Cash,1541,Paid,2026-01-09
2961,2961,Card,1537,Paid,2026-06-02
2962,2962,Wallet,2744,Paid,2026-07-16
2963,2963,UPI,1592,Paid,2026-01-21
2964,2964,Cash,1478,Paid,2026-03-22
2965,2965,Card,1297,Paid,2026-03-29
2966,2966,Cash,2568,Paid,2026-06-19
2967,2967,UPI,678,Paid,2026-03-08
2968,2968,UPI,1464,Paid,2026-05-08
2969,2969,Cash,1479,Paid,2026-01-21
2970,2970,Card,1664,Paid,2026-03-11
2971,2971,Wallet,1910,Paid,2026-03-15
2972,2972,Wallet,454,Paid,2026-01-07
2973,2973,Cash,1491,Paid,2026-01-20
2974,2974,UPI,1142,Paid,2026-02-28
2975,2975,Card,2104,Paid,2026-01-16
2976,2976,Card,1082,Paid,2026-05-21
2977,2977,Card,801,Paid,2026-01-05
2978,2978,Cash,952,Paid,2026-05-22
2979,2979,Card,2793,Paid,2026-04-12
2980,2980,Cash,1377,Paid,2026-07-16
2981,2981,Wallet,2589,Paid,2026-01-15
2982,2982,Card,1953,Paid,2026-01-22
2983,2983,UPI,2345,Paid,2026-02-15
2984,2984,Cash,592,Paid,2026-04-24
2985,2985,Cash,2065,Paid,2026-06-19
2986,2986,Wallet,2061,Paid,2026-02-13
2987,2987,Wallet,1100,Paid,2026-02-02
2988,2988,UPI,2135,Paid,2026-02-02
2989,2989,Card,1272,Paid,2026-01-21
2990,2990,Cash,2698,Paid,2026-01-27
2991,2991,Cash,1734,Paid,2026-07-13
2992,2992,UPI,2925,Paid,2026-02-19
2993,2993,Card,819,Paid,2026-06-15
2994,2994,UPI,2940,Paid,2026-07-13
2995,2995,UPI,1204,Paid,2026-05-25
2996,2996,Wallet,2029,Paid,2026-03-20
2997,2997,UPI,752,Paid,2026-06-06
2998,2998,Cash,816,Paid,2026-04-14
2999,2999,Card,649,Paid,2026-05-20
3000,3000,Wallet,751,Paid,2026-06-15
3001,3001,Cash,1953,Paid,2026-05-17
3002,3002,UPI,2538,Paid,2026-01-01
3003,3003,UPI,3288,Paid,2026-04-15
3004,3004,Cash,849,Paid,2026-05-23
3005,3005,Wallet,1929,Paid,2026-02-16
3006,3006,UPI,2270,Paid,2026-04-13
3007,3007,Cash,617,Paid,2026-01-12
3008,3008,Card,418,Paid,2026-03-06
3009,3009,Card,1542,Paid,2026-05-01
3010,3010,UPI,2886,Paid,2026-04-11
3011,3011,Cash,1055,Paid,2026-07-22
3012,3012,Cash,2216,Paid,2026-04-20
3013,3013,Card,1152,Paid,2026-06-18
3014,3014,Card,2512,Paid,2026-01-09
3015,3015,Wallet,701,Paid,2026-04-12
3016,3016,Card,1082,Paid,2026-03-24
3017,3017,UPI,2344,Paid,2026-05-12
3018,3018,UPI,3131,Paid,2026-05-20
3019,3019,UPI,1298,Paid,2026-03-28
3020,3020,Cash,2014,Paid,2026-07-06
3021,3021,Card,1219,Paid,2026-06-14
3022,3022,Card,922,Paid,2026-01-28
3023,3023,Cash,1265,Paid,2026-01-12
3024,3024,Cash,1412,Paid,2026-03-24
3025,3025,Card,1095,Paid,2026-03-25
3026,3026,Card,2231,Paid,2026-02-23
3027,3027,Wallet,2144,Paid,2026-01-20
3028,3028,UPI,1302,Paid,2026-06-29
3029,3029,Wallet,651,Paid,2026-01-11
3030,3030,Wallet,1075,Paid,2026-05-03
3031,3031,Cash,2487,Paid,2026-07-01
3032,3032,UPI,1040,Paid,2026-04-14
3033,3033,Card,1493,Paid,2026-07-28
3034,3034,Wallet,2894,Paid,2026-05-02
3035,3035,Card,1785,Paid,2026-01-03
3036,3036,UPI,2633,Paid,2026-02-17
3037,3037,Cash,1503,Paid,2026-03-26
3038,3038,Card,864,Paid,2026-02-17
3039,3039,Cash,1179,Paid,2026-03-17
3040,3040,Wallet,3477,Paid,2026-02-09
3041,3041,Card,1523,Paid,2026-04-24
3042,3042,UPI,1323,Paid,2026-01-01
3043,3043,Cash,1257,Paid,2026-03-08
3044,3044,UPI,1347,Paid,2026-02-17
3045,3045,UPI,2198,Paid,2026-03-09
3046,3046,UPI,900,Paid,2026-01-17
3047,3047,UPI,976,Paid,2026-06-24
3048,3048,Cash,1378,Paid,2026-06-20
3049,3049,Card,1974,Paid,2026-03-30
3050,3050,UPI,659,Paid,2026-05-06
3051,3051,Wallet,1868,Paid,2026-01-23
3052,3052,Cash,2138,Paid,2026-03-03
3053,3053,Wallet,1235,Paid,2026-07-05
3054,3054,Card,2267,Paid,2026-05-23
3055,3055,Card,2014,Paid,2026-02-10
3056,3056,Cash,1103,Paid,2026-02-05
3057,3057,UPI,1703,Paid,2026-02-26
3058,3058,Card,1677,Paid,2026-03-29
3059,3059,Card,1498,Paid,2026-02-25
3060,3060,Cash,1310,Paid,2026-05-13
3061,3061,UPI,1887,Paid,2026-07-21
3062,3062,Cash,1091,Paid,2026-07-11
3063,3063,Wallet,1142,Paid,2026-04-01
3064,3064,Wallet,1412,Paid,2026-03-29
3065,3065,UPI,1626,Paid,2026-05-22
3066,3066,Cash,1803,Paid,2026-06-06
3067,3067,Card,790,Paid,2026-06-15
3068,3068,Cash,2029,Paid,2026-04-29
3069,3069,UPI,601,Paid,2026-04-11
3070,3070,Card,1528,Paid,2026-04-05
3071,3071,Wallet,1404,Paid,2026-02-19
3072,3072,Wallet,2094,Paid,2026-05-02
3073,3073,UPI,1124,Paid,2026-02-11
3074,3074,Card,1740,Paid,2026-04-23
3075,3075,Card,923,Paid,2026-05-27
3076,3076,Cash,1520,Paid,2026-07-10
3077,3077,Cash,2223,Paid,2026-04-19
3078,3078,UPI,1899,Paid,2026-03-31
3079,3079,Wallet,2854,Paid,2026-03-18
3080,3080,Card,651,Paid,2026-01-17
3081,3081,Cash,2400,Paid,2026-04-21
3082,3082,Cash,2178,Paid,2026-04-23
3083,3083,Cash,1830,Paid,2026-07-30
3084,3084,Wallet,960,Paid,2026-05-26
3085,3085,UPI,1791,Paid,2026-06-27
3086,3086,Cash,1899,Paid,2026-03-27
3087,3087,Card,1598,Paid,2026-02-21
3088,3088,Card,2123,Paid,2026-01-21
3089,3089,Wallet,1389,Paid,2026-03-11
3090,3090,Wallet,629,Paid,2026-02-07
3091,3091,Card,2018,Paid,2026-07-07
3092,3092,UPI,1421,Paid,2026-02-06
3093,3093,UPI,1551,Paid,2026-06-08
3094,3094,Cash,1586,Paid,2026-06-21
3095,3095,Wallet,2210,Paid,2026-07-04
3096,3096,UPI,1148,Paid,2026-02-02
3097,3097,Wallet,1215,Paid,2026-02-01
3098,3098,Card,864,Paid,2026-03-12
3099,3099,UPI,1507,Paid,2026-01-27
3100,3100,Card,1023,Paid,2026-02-04
3101,3101,Card,1326,Paid,2026-03-15
3102,3102,Cash,954,Paid,2026-06-25
3103,3103,Card,2547,Paid,2026-01-04
3104,3104,Card,1440,Paid,2026-03-01
3105,3105,Wallet,987,Paid,2026-06-21
3106,3106,UPI,2360,Paid,2026-03-20
3107,3107,Cash,1435,Paid,2026-02-01
3108,3108,Card,1083,Paid,2026-02-22
3109,3109,Card,2152,Paid,2026-01-08
3110,3110,Cash,789,Paid,2026-02-15
3111,3111,Wallet,1346,Paid,2026-06-18
3112,3112,Wallet,1577,Paid,2026-04-29
3113,3113,Card,1767,Paid,2026-02-17
3114,3114,Cash,664,Paid,2026-03-16
3115,3115,Card,1150,Paid,2026-03-29
3116,3116,Card,1129,Paid,2026-04-13
3117,3117,Cash,2040,Paid,2026-01-27
3118,3118,UPI,929,Paid,2026-02-01
3119,3119,Wallet,991,Paid,2026-04-19
3120,3120,Wallet,1688,Paid,2026-07-22
3121,3121,UPI,1686,Paid,2026-04-06
3122,3122,Card,1412,Paid,2026-03-03
3123,3123,Card,1178,Paid,2026-03-29
3124,3124,UPI,1540,Paid,2026-03-16
3125,3125,Cash,1254,Paid,2026-05-09
3126,3126,UPI,2205,Paid,2026-02-16
3127,3127,UPI,1753,Paid,2026-02-23
3128,3128,Card,1992,Paid,2026-05-30
3129,3129,Wallet,1257,Paid,2026-05-14
3130,3130,UPI,1305,Paid,2026-04-02
3131,3131,Card,1156,Paid,2026-01-25
3132,3132,Card,1309,Paid,2026-07-05
3133,3133,UPI,1187,Paid,2026-05-24
3134,3134,Cash,2291,Paid,2026-03-09
3135,3135,Wallet,2563,Paid,2026-06-03
3136,3136,Wallet,1166,Paid,2026-06-10
3137,3137,Card,1878,Paid,2026-06-17
3138,3138,Cash,1884,Paid,2026-07-16
3139,3139,UPI,1403,Paid,2026-03-31
3140,3140,Card,2717,Paid,2026-05-25
3141,3141,UPI,1830,Paid,2026-01-19
3142,3142,Card,3057,Paid,2026-06-19
3143,3143,UPI,1200,Paid,2026-04-26
3144,3144,UPI,1518,Paid,2026-03-04
3145,3145,Card,2569,Paid,2026-01-24
3146,3146,Wallet,1385,Paid,2026-01-15
3147,3147,UPI,1136,Paid,2026-06-25
3148,3148,UPI,1235,Paid,2026-03-26
3149,3149,UPI,2376,Paid,2026-01-10
3150,3150,Cash,1130,Paid,2026-07-20
3151,3151,UPI,1940,Paid,2026-01-27
3152,3152,Cash,2324,Paid,2026-01-02
3153,3153,Wallet,495,Paid,2026-07-15
3154,3154,Cash,1955,Paid,2026-04-27
3155,3155,UPI,1515,Paid,2026-04-22
3156,3156,Wallet,1214,Paid,2026-02-01
3157,3157,Card,2094,Paid,2026-01-24
3158,3158,Cash,686,Paid,2026-01-14
3159,3159,Cash,1541,Paid,2026-01-07
3160,3160,Wallet,2763,Paid,2026-06-09
3161,3161,Wallet,1213,Paid,2026-03-04
3162,3162,UPI,1747,Paid,2026-07-03
3163,3163,Wallet,1240,Paid,2026-04-11
3164,3164,Card,1532,Paid,2026-06-24
3165,3165,Wallet,1332,Paid,2026-06-13
3166,3166,UPI,1565,Paid,2026-01-25
3167,3167,Card,1203,Paid,2026-01-10
3168,3168,Wallet,1236,Paid,2026-04-12
3169,3169,Card,1514,Paid,2026-07-18
3170,3170,UPI,692,Paid,2026-03-22
3171,3171,Wallet,1143,Paid,2026-05-05
3172,3172,UPI,1402,Paid,2026-04-27
3173,3173,Wallet,1530,Paid,2026-04-06
3174,3174,UPI,1035,Paid,2026-07-15
3175,3175,Wallet,2331,Paid,2026-04-02
3176,3176,Wallet,1434,Paid,2026-04-13
3177,3177,Cash,945,Paid,2026-03-26
3178,3178,Wallet,2282,Paid,2026-04-11
3179,3179,Card,2459,Paid,2026-03-05
3180,3180,Card,323,Paid,2026-02-27
3181,3181,Wallet,2480,Paid,2026-06-03
3182,3182,Card,603,Paid,2026-07-25
3183,3183,Cash,2971,Paid,2026-04-10
3184,3184,Cash,2791,Paid,2026-04-10
3185,3185,Card,603,Paid,2026-05-05
3186,3186,Cash,1434,Paid,2026-01-29
3187,3187,Wallet,1173,Paid,2026-06-21
3188,3188,Cash,2419,Paid,2026-02-15
3189,3189,Wallet,1552,Paid,2026-02-06
3190,3190,Wallet,2325,Paid,2026-03-13
3191,3191,Wallet,1324,Paid,2026-04-15
3192,3192,Wallet,915,Paid,2026-03-01
3193,3193,Cash,1144,Paid,2026-07-19
3194,3194,Cash,1468,Paid,2026-03-28
3195,3195,Cash,1130,Paid,2026-06-07
3196,3196,UPI,1482,Paid,2026-01-17
3197,3197,Cash,1491,Paid,2026-07-25
3198,3198,Cash,1017,Paid,2026-07-27
3199,3199,Cash,1732,Paid,2026-07-05
3200,3200,Cash,1079,Paid,2026-01-03
3201,3201,Card,947,Paid,2026-03-15
3202,3202,Cash,1015,Paid,2026-06-15
3203,3203,UPI,1603,Paid,2026-07-16
3204,3204,Card,1744,Paid,2026-01-07
3205,3205,UPI,824,Paid,2026-06-14
3206,3206,UPI,2301,Paid,2026-05-31
3207,3207,Cash,844,Paid,2026-04-16
3208,3208,Wallet,2219,Paid,2026-06-17
3209,3209,Cash,1944,Paid,2026-03-13
3210,3210,UPI,805,Paid,2026-04-15
3211,3211,Card,1326,Paid,2026-06-09
3212,3212,Cash,1241,Paid,2026-07-21
3213,3213,Cash,1052,Paid,2026-04-30
3214,3214,Card,1267,Paid,2026-05-08
3215,3215,UPI,1904,Paid,2026-05-03
3216,3216,Card,2457,Paid,2026-03-27
3217,3217,Wallet,1129,Paid,2026-03-21
3218,3218,Card,1651,Paid,2026-06-06
3219,3219,Card,2082,Paid,2026-07-23
3220,3220,Wallet,1175,Paid,2026-04-06
3221,3221,Card,2204,Paid,2026-03-07
3222,3222,Card,1783,Paid,2026-02-16
3223,3223,Card,1644,Paid,2026-01-19
3224,3224,Wallet,1665,Paid,2026-05-08
3225,3225,UPI,1653,Paid,2026-07-28
3226,3226,Card,1747,Paid,2026-06-25
3227,3227,Wallet,695,Paid,2026-07-11
3228,3228,Cash,793,Paid,2026-07-12
3229,3229,UPI,1205,Paid,2026-07-30
3230,3230,Cash,850,Paid,2026-03-05
3231,3231,Wallet,718,Paid,2026-05-28
3232,3232,Cash,1408,Paid,2026-05-25
3233,3233,Wallet,1593,Paid,2026-06-16
3234,3234,Wallet,2910,Paid,2026-02-25
3235,3235,Wallet,1559,Paid,2026-02-22
3236,3236,UPI,1945,Paid,2026-02-16
3237,3237,Card,1640,Paid,2026-01-23
3238,3238,UPI,1645,Paid,2026-06-10
3239,3239,Cash,1869,Paid,2026-03-16
3240,3240,Cash,1545,Paid,2026-03-31
3241,3241,Card,1714,Paid,2026-01-15
3242,3242,Cash,2103,Paid,2026-03-07
3243,3243,UPI,2797,Paid,2026-03-18
3244,3244,UPI,1938,Paid,2026-02-13
3245,3245,Card,1898,Paid,2026-03-21
3246,3246,Cash,2719,Paid,2026-04-02
3247,3247,Card,1725,Paid,2026-02-10
3248,3248,Wallet,950,Paid,2026-05-07
3249,3249,Cash,1894,Paid,2026-02-14
3250,3250,Cash,2501,Paid,2026-01-15
3251,3251,Cash,826,Paid,2026-04-23
3252,3252,Card,1381,Paid,2026-06-02
3253,3253,Card,2809,Paid,2026-02-02
3254,3254,Card,1493,Paid,2026-07-20
3255,3255,Cash,1735,Paid,2026-04-11
3256,3256,Cash,2426,Paid,2026-02-02
3257,3257,UPI,1070,Paid,2026-01-23
3258,3258,Card,1644,Paid,2026-04-23
3259,3259,Cash,1037,Paid,2026-03-29
3260,3260,UPI,1922,Paid,2026-06-19
3261,3261,Card,1623,Paid,2026-05-18
3262,3262,Cash,1504,Paid,2026-04-30
3263,3263,Card,1590,Paid,2026-02-28
3264,3264,Wallet,1217,Paid,2026-06-12
3265,3265,Cash,1083,Paid,2026-06-10
3266,3266,UPI,2180,Paid,2026-07-26
3267,3267,Card,2013,Paid,2026-05-16
3268,3268,Cash,1373,Paid,2026-04-06
3269,3269,Wallet,1551,Paid,2026-05-21
3270,3270,UPI,974,Paid,2026-03-13
3271,3271,Cash,1708,Paid,2026-04-07
3272,3272,Wallet,1548,Paid,2026-01-08
3273,3273,Card,1487,Paid,2026-04-02
3274,3274,UPI,2670,Paid,2026-04-30
3275,3275,Card,1171,Paid,2026-05-18
3276,3276,Wallet,1549,Paid,2026-06-12
3277,3277,Cash,1018,Paid,2026-04-17
3278,3278,UPI,1188,Paid,2026-05-18
3279,3279,Card,2150,Paid,2026-07-01
3280,3280,Cash,745,Paid,2026-02-12
3281,3281,Cash,2357,Paid,2026-02-18
3282,3282,Cash,631,Paid,2026-02-20
3283,3283,UPI,1988,Paid,2026-02-23
3284,3284,Card,1085,Paid,2026-04-23
3285,3285,Cash,2115,Paid,2026-04-07
3286,3286,Wallet,2354,Paid,2026-06-06
3287,3287,UPI,2437,Paid,2026-07-03
3288,3288,Card,2104,Paid,2026-05-06
3289,3289,UPI,2649,Paid,2026-06-26
3290,3290,UPI,901,Paid,2026-02-21
3291,3291,Wallet,957,Paid,2026-01-11
3292,3292,UPI,1545,Paid,2026-03-25
3293,3293,Wallet,2206,Paid,2026-03-13
3294,3294,Card,1957,Paid,2026-06-19
3295,3295,UPI,3094,Paid,2026-01-03
3296,3296,Card,911,Paid,2026-07-07
3297,3297,UPI,1557,Paid,2026-01-11
3298,3298,Cash,642,Paid,2026-02-24
3299,3299,Wallet,1650,Paid,2026-05-12
3300,3300,UPI,2568,Paid,2026-07-29
3301,3301,Wallet,1930,Paid,2026-02-04
3302,3302,Wallet,1759,Paid,2026-06-19
3303,3303,UPI,2405,Paid,2026-03-17
3304,3304,UPI,1479,Paid,2026-07-17
3305,3305,UPI,1429,Paid,2026-04-25
3306,3306,Card,1380,Paid,2026-01-06
3307,3307,Cash,1413,Paid,2026-03-11
3308,3308,Cash,1176,Paid,2026-04-01
3309,3309,Cash,1671,Paid,2026-01-12
3310,3310,Cash,2014,Paid,2026-05-28
3311,3311,Card,666,Paid,2026-05-21
3312,3312,Wallet,681,Paid,2026-04-25
3313,3313,UPI,3364,Paid,2026-03-09
3314,3314,UPI,1524,Paid,2026-02-03
3315,3315,Cash,1045,Paid,2026-02-08
3316,3316,Wallet,2603,Paid,2026-06-12
3317,3317,Wallet,619,Paid,2026-03-23
3318,3318,Wallet,1016,Paid,2026-07-04
3319,3319,Wallet,1150,Paid,2026-04-28
3320,3320,UPI,1832,Paid,2026-01-08
3321,3321,Cash,2703,Paid,2026-02-14
3322,3322,Wallet,1856,Paid,2026-06-21
3323,3323,Cash,1168,Paid,2026-07-15
3324,3324,Cash,1198,Paid,2026-05-28
3325,3325,UPI,1621,Paid,2026-03-23
3326,3326,Wallet,360,Paid,2026-01-14
3327,3327,Card,873,Paid,2026-05-07
3328,3328,Wallet,1023,Paid,2026-07-25
3329,3329,Wallet,2357,Paid,2026-01-06
3330,3330,UPI,980,Paid,2026-03-24
3331,3331,Wallet,521,Paid,2026-02-19
3332,3332,UPI,3604,Paid,2026-05-19
3333,3333,Card,499,Paid,2026-03-11
3334,3334,Card,1393,Paid,2026-01-24
3335,3335,Card,888,Paid,2026-06-04
3336,3336,Card,1168,Paid,2026-01-12
3337,3337,Wallet,1178,Paid,2026-02-25
3338,3338,Wallet,833,Paid,2026-05-12
3339,3339,Cash,2769,Paid,2026-07-26
3340,3340,Wallet,2705,Paid,2026-01-29
3341,3341,Card,2395,Paid,2026-01-02
3342,3342,Cash,685,Paid,2026-05-15
3343,3343,Wallet,2187,Paid,2026-05-15
3344,3344,Card,673,Paid,2026-05-23
3345,3345,Card,1686,Paid,2026-01-28
3346,3346,Cash,2324,Paid,2026-06-19
3347,3347,UPI,1490,Paid,2026-01-19
3348,3348,Card,1647,Paid,2026-07-09
3349,3349,Wallet,1561,Paid,2026-04-17
3350,3350,Cash,1558,Paid,2026-03-05
3351,3351,Card,1695,Paid,2026-03-14
3352,3352,Cash,2022,Paid,2026-04-26
3353,3353,UPI,1397,Paid,2026-03-17
3354,3354,Card,1353,Paid,2026-06-09
3355,3355,UPI,1572,Paid,2026-02-26
3356,3356,Cash,1193,Paid,2026-01-04
3357,3357,Card,1973,Paid,2026-02-18
3358,3358,Wallet,1216,Paid,2026-03-31
3359,3359,Cash,1464,Paid,2026-04-19
3360,3360,Wallet,2057,Paid,2026-01-24
3361,3361,Wallet,2011,Paid,2026-06-21
3362,3362,Card,958,Paid,2026-07-26
3363,3363,UPI,800,Paid,2026-07-25
3364,3364,Cash,1366,Paid,2026-03-10
3365,3365,Card,973,Paid,2026-04-15
3366,3366,Card,2603,Paid,2026-07-27
3367,3367,UPI,656,Paid,2026-04-07
3368,3368,UPI,869,Paid,2026-01-31
3369,3369,Cash,1063,Paid,2026-04-06
3370,3370,Wallet,2661,Paid,2026-04-09
3371,3371,UPI,2571,Paid,2026-01-24
3372,3372,Card,1676,Paid,2026-03-17
3373,3373,Cash,1011,Paid,2026-03-17
3374,3374,Wallet,394,Paid,2026-07-10
3375,3375,Card,520,Paid,2026-01-11
3376,3376,Card,2298,Paid,2026-04-19
3377,3377,UPI,1702,Paid,2026-02-11
3378,3378,Wallet,556,Paid,2026-04-18
3379,3379,Wallet,1476,Paid,2026-04-07
3380,3380,UPI,593,Paid,2026-07-16
3381,3381,Card,930,Paid,2026-07-29
3382,3382,UPI,1175,Paid,2026-03-18
3383,3383,UPI,2014,Paid,2026-05-18
3384,3384,Wallet,1219,Paid,2026-06-20
3385,3385,Card,1564,Paid,2026-02-19
3386,3386,Card,3213,Paid,2026-06-10
3387,3387,Cash,1928,Paid,2026-04-14
3388,3388,UPI,2765,Paid,2026-02-12
3389,3389,Cash,1316,Paid,2026-07-19
3390,3390,Wallet,1490,Paid,2026-02-23
3391,3391,Card,840,Paid,2026-03-18
3392,3392,UPI,1335,Paid,2026-03-19
3393,3393,UPI,913,Paid,2026-07-25
3394,3394,Card,1820,Paid,2026-06-19
3395,3395,Cash,1637,Paid,2026-01-28
3396,3396,UPI,2202,Paid,2026-05-06
3397,3397,Cash,2037,Paid,2026-02-16
3398,3398,Card,1209,Paid,2026-01-01
3399,3399,Cash,1061,Paid,2026-03-15
3400,3400,UPI,1947,Paid,2026-03-24
3401,3401,Cash,1098,Paid,2026-04-19
3402,3402,Card,1313,Paid,2026-06-28
3403,3403,Card,2520,Paid,2026-03-04
3404,3404,Cash,1525,Paid,2026-01-27
3405,3405,Card,2051,Paid,2026-07-22
3406,3406,Wallet,1201,Paid,2026-06-25
3407,3407,Card,1395,Paid,2026-01-23
3408,3408,UPI,1139,Paid,2026-02-07
3409,3409,Cash,1411,Paid,2026-02-15
3410,3410,Wallet,1850,Paid,2026-05-27
3411,3411,Cash,1462,Paid,2026-03-02
3412,3412,Wallet,2200,Paid,2026-03-07
3413,3413,Cash,1038,Paid,2026-06-06
3414,3414,Card,1613,Paid,2026-05-22
3415,3415,Card,1700,Paid,2026-04-27
3416,3416,Card,623,Paid,2026-04-12
3417,3417,Card,2050,Paid,2026-04-05
3418,3418,Wallet,2235,Paid,2026-06-23
3419,3419,UPI,655,Paid,2026-01-27
3420,3420,UPI,3462,Paid,2026-06-05
3421,3421,UPI,1333,Paid,2026-06-29
3422,3422,Card,513,Paid,2026-01-27
3423,3423,Card,3188,Paid,2026-07-09
3424,3424,Card,2173,Paid,2026-07-05
3425,3425,Cash,964,Paid,2026-02-08
3426,3426,Card,2178,Paid,2026-01-20
3427,3427,Cash,2065,Paid,2026-04-15
3428,3428,Card,1683,Paid,2026-07-30
3429,3429,Card,970,Paid,2026-03-11
3430,3430,Wallet,1482,Paid,2026-06-02
3431,3431,Cash,1463,Paid,2026-01-31
3432,3432,Wallet,1825,Paid,2026-01-04
3433,3433,Wallet,860,Paid,2026-03-09
3434,3434,Card,1760,Paid,2026-04-14
3435,3435,Cash,1059,Paid,2026-01-23
3436,3436,Cash,908,Paid,2026-05-01
3437,3437,Wallet,2580,Paid,2026-01-30
3438,3438,UPI,3105,Paid,2026-06-09
3439,3439,Wallet,1149,Paid,2026-01-12
3440,3440,Card,1584,Paid,2026-03-31
3441,3441,Cash,714,Paid,2026-04-09
3442,3442,Wallet,1204,Paid,2026-06-30
3443,3443,Wallet,1461,Paid,2026-02-19
3444,3444,Card,2552,Paid,2026-05-09
3445,3445,Cash,1646,Paid,2026-02-12
3446,3446,UPI,1740,Paid,2026-07-04
3447,3447,UPI,2706,Paid,2026-02-06
3448,3448,Cash,813,Paid,2026-06-16
3449,3449,Cash,994,Paid,2026-05-09
3450,3450,Card,1611,Paid,2026-03-09
3451,3451,Cash,2193,Paid,2026-06-17
3452,3452,Wallet,2736,Paid,2026-02-17
3453,3453,Card,846,Paid,2026-01-11
3454,3454,Card,1793,Paid,2026-07-29
3455,3455,Cash,1342,Paid,2026-06-01
3456,3456,Card,2547,Paid,2026-03-31
3457,3457,Wallet,677,Paid,2026-07-10
3458,3458,Wallet,1180,Paid,2026-07-04
3459,3459,UPI,1314,Paid,2026-06-10
3460,3460,Wallet,2433,Paid,2026-05-06
3461,3461,Wallet,1138,Paid,2026-02-03
3462,3462,UPI,1554,Paid,2026-04-17
3463,3463,Cash,1120,Paid,2026-06-09
3464,3464,Cash,1114,Paid,2026-05-20
3465,3465,Cash,1441,Paid,2026-02-28
3466,3466,UPI,786,Paid,2026-05-29
3467,3467,Card,2201,Paid,2026-07-23
3468,3468,Card,2022,Paid,2026-05-30
3469,3469,Wallet,1536,Paid,2026-04-21
3470,3470,Wallet,1821,Paid,2026-04-24
3471,3471,Card,1013,Paid,2026-07-03
3472,3472,Card,1468,Paid,2026-03-16
3473,3473,UPI,1612,Paid,2026-05-29
3474,3474,Cash,856,Paid,2026-01-22
3475,3475,Cash,994,Paid,2026-05-02
3476,3476,Cash,1236,Paid,2026-05-04
3477,3477,Card,950,Paid,2026-04-09
3478,3478,UPI,931,Paid,2026-04-05
3479,3479,Wallet,751,Paid,2026-06-06
3480,3480,Wallet,2501,Paid,2026-03-04
3481,3481,Wallet,1051,Paid,2026-05-24
3482,3482,Cash,1701,Paid,2026-03-30
3483,3483,Card,2564,Paid,2026-03-07
3484,3484,Cash,1241,Paid,2026-02-27
3485,3485,UPI,638,Paid,2026-06-20
3486,3486,Wallet,1818,Paid,2026-02-16
3487,3487,Card,1242,Paid,2026-04-16
3488,3488,Wallet,2550,Paid,2026-01-12
3489,3489,Card,1157,Paid,2026-03-21
3490,3490,UPI,2008,Paid,2026-02-21
3491,3491,Card,1271,Paid,2026-04-26
3492,3492,Wallet,1543,Paid,2026-02-28
3493,3493,UPI,1977,Paid,2026-07-12
3494,3494,Wallet,2370,Paid,2026-04-17
3495,3495,UPI,1763,Paid,2026-07-30
3496,3496,Cash,3086,Paid,2026-01-04
3497,3497,Wallet,1152,Paid,2026-07-06
3498,3498,Card,1375,Paid,2026-07-26
3499,3499,UPI,2085,Paid,2026-05-04
3500,3500,Wallet,559,Paid,2026-04-11
3501,3501,UPI,1080,Paid,2026-04-01
3502,3502,Card,2526,Paid,2026-04-26
3503,3503,UPI,1053,Paid,2026-03-13
3504,3504,Wallet,1081,Paid,2026-01-14
3505,3505,UPI,2404,Paid,2026-02-19
3506,3506,Cash,2787,Paid,2026-04-23
3507,3507,Wallet,2156,Paid,2026-04-17
3508,3508,Cash,790,Paid,2026-06-25
3509,3509,Wallet,1503,Paid,2026-04-09
3510,3510,Wallet,2352,Paid,2026-05-11
3511,3511,Wallet,574,Paid,2026-03-23
3512,3512,Card,530,Paid,2026-04-27
3513,3513,Wallet,2211,Paid,2026-02-11
3514,3514,Wallet,635,Paid,2026-02-01
3515,3515,UPI,1419,Paid,2026-04-30
3516,3516,Wallet,2156,Paid,2026-01-08
3517,3517,UPI,1811,Paid,2026-04-22
3518,3518,UPI,1534,Paid,2026-06-14
3519,3519,Cash,1614,Paid,2026-06-11
3520,3520,Cash,613,Paid,2026-02-08
3521,3521,Cash,2810,Paid,2026-02-09
3522,3522,Cash,1276,Paid,2026-01-09
3523,3523,Wallet,1034,Paid,2026-06-20
3524,3524,Wallet,1342,Paid,2026-01-24
3525,3525,Card,775,Paid,2026-07-09
3526,3526,Cash,1640,Paid,2026-01-23
3527,3527,UPI,1358,Paid,2026-02-17
3528,3528,UPI,1413,Paid,2026-02-14
3529,3529,Wallet,1031,Paid,2026-07-28
3530,3530,Wallet,1339,Paid,2026-06-27
3531,3531,Cash,1170,Paid,2026-01-14
3532,3532,Card,3121,Paid,2026-05-19
3533,3533,Cash,1673,Paid,2026-07-06
3534,3534,UPI,2643,Paid,2026-02-15
3535,3535,Cash,1300,Paid,2026-05-06
3536,3536,UPI,2039,Paid,2026-04-24
3537,3537,Cash,377,Paid,2026-01-27
3538,3538,UPI,465,Paid,2026-07-21
3539,3539,Card,1617,Paid,2026-01-05
3540,3540,Cash,1037,Paid,2026-05-07
3541,3541,Card,855,Paid,2026-03-01
3542,3542,Card,704,Paid,2026-04-02
3543,3543,Wallet,624,Paid,2026-03-06
3544,3544,Cash,813,Paid,2026-06-14
3545,3545,Wallet,3305,Paid,2026-05-01
3546,3546,UPI,2097,Paid,2026-07-18
3547,3547,Cash,1566,Paid,2026-06-10
3548,3548,Wallet,840,Paid,2026-02-13
3549,3549,Wallet,875,Paid,2026-04-12
3550,3550,UPI,1086,Paid,2026-04-22
3551,3551,Cash,1025,Paid,2026-04-23
3552,3552,Cash,2516,Paid,2026-07-28
3553,3553,Wallet,1123,Paid,2026-03-09
3554,3554,Cash,1774,Paid,2026-05-24
3555,3555,Wallet,616,Paid,2026-02-19
3556,3556,Card,1949,Paid,2026-06-25
3557,3557,Cash,1130,Paid,2026-06-30
3558,3558,Card,735,Paid,2026-04-23
3559,3559,Cash,2186,Paid,2026-07-15
3560,3560,UPI,2973,Paid,2026-06-11
3561,3561,Card,1686,Paid,2026-07-30
3562,3562,Cash,2631,Paid,2026-03-18
3563,3563,Card,2207,Paid,2026-04-17
3564,3564,Cash,2775,Paid,2026-01-05
3565,3565,Card,1114,Paid,2026-05-15
3566,3566,Cash,1523,Paid,2026-01-09
3567,3567,Card,1006,Paid,2026-05-29
3568,3568,Cash,1197,Paid,2026-04-01
3569,3569,Cash,1370,Paid,2026-07-29
3570,3570,Cash,1227,Paid,2026-02-06
3571,3571,Cash,1137,Paid,2026-07-07
3572,3572,Wallet,1998,Paid,2026-02-03
3573,3573,UPI,3032,Paid,2026-07-15
3574,3574,Wallet,1614,Paid,2026-06-19
3575,3575,Card,2708,Paid,2026-05-28
3576,3576,UPI,1730,Paid,2026-02-01
3577,3577,Card,960,Paid,2026-02-14
3578,3578,Card,1791,Paid,2026-06-17
3579,3579,Card,1430,Paid,2026-06-08
3580,3580,UPI,2108,Paid,2026-01-06
3581,3581,Cash,1372,Paid,2026-06-20
3582,3582,Wallet,1188,Paid,2026-01-04
3583,3583,Cash,1473,Paid,2026-02-14
3584,3584,Card,1457,Paid,2026-07-07
3585,3585,UPI,2244,Paid,2026-05-11
3586,3586,Wallet,1990,Paid,2026-01-19
3587,3587,Cash,1204,Paid,2026-02-06
3588,3588,Cash,1483,Paid,2026-06-20
3589,3589,Cash,2114,Paid,2026-01-29
3590,3590,Cash,2060,Paid,2026-04-07
3591,3591,Wallet,631,Paid,2026-07-24
3592,3592,Wallet,1484,Paid,2026-04-21
3593,3593,Cash,2497,Paid,2026-05-09
3594,3594,Card,978,Paid,2026-03-26
3595,3595,UPI,578,Paid,2026-04-02
3596,3596,Card,2191,Paid,2026-06-23
3597,3597,Cash,1419,Paid,2026-04-22
3598,3598,Cash,1094,Paid,2026-06-21
3599,3599,Cash,1126,Paid,2026-03-31
3600,3600,UPI,1920,Paid,2026-06-09
3601,3601,Card,888,Paid,2026-03-14
3602,3602,Wallet,709,Paid,2026-06-24
3603,3603,Cash,1679,Paid,2026-06-12
3604,3604,Cash,1960,Paid,2026-03-27
3605,3605,UPI,2612,Paid,2026-01-24
3606,3606,UPI,1967,Paid,2026-02-08
3607,3607,Cash,1001,Paid,2026-03-22
3608,3608,Cash,1389,Paid,2026-01-06
3609,3609,Cash,1354,Paid,2026-05-20
3610,3610,Wallet,1725,Paid,2026-07-12
3611,3611,Cash,599,Paid,2026-05-13
3612,3612,Cash,1361,Paid,2026-03-24
3613,3613,Wallet,2465,Paid,2026-03-29
3614,3614,Card,2902,Paid,2026-05-02
3615,3615,Cash,1180,Paid,2026-02-22
3616,3616,Cash,1632,Paid,2026-07-06
3617,3617,Wallet,1794,Paid,2026-03-11
3618,3618,Cash,1722,Paid,2026-07-07
3619,3619,UPI,2885,Paid,2026-04-19
3620,3620,UPI,932,Paid,2026-01-16
3621,3621,Card,1547,Paid,2026-05-13
3622,3622,Cash,1483,Paid,2026-01-09
3623,3623,UPI,1350,Paid,2026-06-02
3624,3624,Card,1260,Paid,2026-07-15
3625,3625,Card,2421,Paid,2026-05-13
3626,3626,Wallet,1543,Paid,2026-07-04
3627,3627,Wallet,2158,Paid,2026-07-02
3628,3628,Card,2075,Paid,2026-01-07
3629,3629,UPI,2451,Paid,2026-02-26
3630,3630,Wallet,1590,Paid,2026-04-26
3631,3631,UPI,2101,Paid,2026-02-03
3632,3632,Wallet,3009,Paid,2026-02-21
3633,3633,Card,2067,Paid,2026-02-18
3634,3634,Wallet,1860,Paid,2026-04-09
3635,3635,UPI,922,Paid,2026-04-29
3636,3636,Cash,851,Paid,2026-01-08
3637,3637,UPI,1154,Paid,2026-05-13
3638,3638,UPI,1604,Paid,2026-02-03
3639,3639,Cash,2502,Paid,2026-07-09
3640,3640,Card,1585,Paid,2026-01-28
3641,3641,Card,3238,Paid,2026-03-20
3642,3642,Wallet,2166,Paid,2026-04-26
3643,3643,Wallet,895,Paid,2026-03-07
3644,3644,Card,1231,Paid,2026-01-16
3645,3645,Wallet,1375,Paid,2026-04-14
3646,3646,Wallet,1094,Paid,2026-05-21
3647,3647,Cash,2264,Paid,2026-07-27
3648,3648,Wallet,2154,Paid,2026-01-28
3649,3649,UPI,2982,Paid,2026-05-17
3650,3650,Cash,1470,Paid,2026-05-18
3651,3651,Card,2319,Paid,2026-04-22
3652,3652,Wallet,1219,Paid,2026-02-15
3653,3653,UPI,1495,Paid,2026-02-06
3654,3654,UPI,2690,Paid,2026-04-29
3655,3655,Card,440,Paid,2026-02-04
3656,3656,UPI,1389,Paid,2026-03-20
3657,3657,Card,1466,Paid,2026-01-03
3658,3658,Cash,2393,Paid,2026-01-22
3659,3659,Card,1453,Paid,2026-01-03
3660,3660,Cash,1149,Paid,2026-04-28
3661,3661,UPI,1068,Paid,2026-04-11
3662,3662,Cash,1526,Paid,2026-06-26
3663,3663,UPI,1981,Paid,2026-07-22
3664,3664,Cash,691,Paid,2026-06-24
3665,3665,Cash,2475,Paid,2026-05-24
3666,3666,Wallet,1872,Paid,2026-02-27
3667,3667,UPI,1165,Paid,2026-02-27
3668,3668,Cash,1242,Paid,2026-05-14
3669,3669,Card,897,Paid,2026-04-02
3670,3670,Card,1460,Paid,2026-01-29
3671,3671,Card,1644,Paid,2026-05-07
3672,3672,UPI,536,Paid,2026-05-14
3673,3673,Card,916,Paid,2026-02-12
3674,3674,UPI,2340,Paid,2026-01-12
3675,3675,UPI,705,Paid,2026-07-01
3676,3676,UPI,793,Paid,2026-07-15
3677,3677,Wallet,1847,Paid,2026-06-27
3678,3678,Wallet,1244,Paid,2026-03-10
3679,3679,UPI,1084,Paid,2026-07-23
3680,3680,UPI,647,Paid,2026-01-09
3681,3681,Card,1648,Paid,2026-02-08
3682,3682,Cash,2181,Paid,2026-01-19
3683,3683,Cash,1044,Paid,2026-04-18
3684,3684,Wallet,402,Paid,2026-07-27
3685,3685,Card,2197,Paid,2026-03-15
3686,3686,Cash,1674,Paid,2026-05-14
3687,3687,Card,3555,Paid,2026-04-05
3688,3688,Wallet,1494,Paid,2026-06-28
3689,3689,Card,2334,Paid,2026-07-03
3690,3690,UPI,1573,Paid,2026-07-08
3691,3691,Cash,1563,Paid,2026-04-30
3692,3692,Cash,1019,Paid,2026-02-02
3693,3693,Card,1763,Paid,2026-05-12
3694,3694,Card,2863,Paid,2026-05-24
3695,3695,Wallet,2229,Paid,2026-04-05
3696,3696,Card,2268,Paid,2026-05-23
3697,3697,Card,2525,Paid,2026-03-27
3698,3698,UPI,1428,Paid,2026-01-01
3699,3699,Card,2178,Paid,2026-06-20
3700,3700,UPI,2633,Paid,2026-07-08
3701,3701,UPI,1484,Paid,2026-07-26
3702,3702,Cash,721,Paid,2026-05-29
3703,3703,Card,916,Paid,2026-04-06
3704,3704,UPI,1148,Paid,2026-06-26
3705,3705,Card,1500,Paid,2026-03-27
3706,3706,Cash,1776,Paid,2026-06-07
3707,3707,Wallet,1904,Paid,2026-02-11
3708,3708,Cash,1508,Paid,2026-04-24
3709,3709,Wallet,2037,Paid,2026-02-28
3710,3710,Cash,1647,Paid,2026-01-24
3711,3711,Card,1324,Paid,2026-07-18
3712,3712,Wallet,786,Paid,2026-04-04
3713,3713,Card,1291,Paid,2026-03-08
3714,3714,Wallet,1898,Paid,2026-05-27
3715,3715,Wallet,1367,Paid,2026-07-25
3716,3716,UPI,1442,Paid,2026-05-15
3717,3717,UPI,1790,Paid,2026-07-19
3718,3718,UPI,1967,Paid,2026-02-05
3719,3719,UPI,1764,Paid,2026-07-04
3720,3720,Wallet,1126,Paid,2026-02-04
3721,3721,UPI,888,Paid,2026-06-28
3722,3722,Card,1639,Paid,2026-05-01
3723,3723,Card,1064,Paid,2026-07-02
3724,3724,Card,1561,Paid,2026-04-19
3725,3725,Cash,2319,Paid,2026-05-13
3726,3726,UPI,2642,Paid,2026-03-05
3727,3727,Cash,666,Paid,2026-05-09
3728,3728,Cash,585,Paid,2026-02-22
3729,3729,Card,700,Paid,2026-06-02
3730,3730,UPI,1163,Paid,2026-01-12
3731,3731,UPI,909,Paid,2026-01-22
3732,3732,Cash,2224,Paid,2026-06-06
3733,3733,Card,2234,Paid,2026-05-02
3734,3734,Wallet,1023,Paid,2026-02-16
3735,3735,Cash,461,Paid,2026-01-13
3736,3736,Wallet,2367,Paid,2026-02-13
3737,3737,Card,3037,Paid,2026-06-02
3738,3738,Wallet,602,Paid,2026-05-22
3739,3739,Card,2402,Paid,2026-04-18
3740,3740,UPI,2174,Paid,2026-01-24
3741,3741,Cash,675,Paid,2026-06-04
3742,3742,Wallet,1056,Paid,2026-02-27
3743,3743,Wallet,819,Paid,2026-05-09
3744,3744,UPI,1197,Paid,2026-02-13
3745,3745,UPI,985,Paid,2026-01-26
3746,3746,Cash,792,Paid,2026-05-17
3747,3747,Wallet,958,Paid,2026-04-14
3748,3748,Cash,770,Paid,2026-01-16
3749,3749,Cash,756,Paid,2026-02-16
3750,3750,Wallet,1187,Paid,2026-01-28
3751,3751,Card,746,Paid,2026-02-28
3752,3752,Wallet,1616,Paid,2026-03-23
3753,3753,Wallet,1133,Paid,2026-02-18
3754,3754,UPI,1562,Paid,2026-04-23
3755,3755,Card,520,Paid,2026-01-16
3756,3756,Wallet,1136,Paid,2026-07-13
3757,3757,Cash,974,Paid,2026-02-06
3758,3758,Wallet,1107,Paid,2026-03-11
3759,3759,UPI,2399,Paid,2026-02-26
3760,3760,UPI,2037,Paid,2026-07-11
3761,3761,Wallet,1098,Paid,2026-02-09
3762,3762,Cash,2970,Paid,2026-05-10
3763,3763,Wallet,1376,Paid,2026-06-21
3764,3764,Card,1490,Paid,2026-01-02
3765,3765,Wallet,1344,Paid,2026-05-04
3766,3766,Card,1252,Paid,2026-07-05
3767,3767,Cash,1704,Paid,2026-03-19
3768,3768,Card,1760,Paid,2026-01-02
3769,3769,Cash,827,Paid,2026-07-27
3770,3770,Cash,2785,Paid,2026-07-20
3771,3771,UPI,1797,Paid,2026-05-26
3772,3772,Card,1131,Paid,2026-01-01
3773,3773,Wallet,1923,Paid,2026-03-26
3774,3774,Card,1214,Paid,2026-02-09
3775,3775,Card,2371,Paid,2026-03-24
3776,3776,Cash,2119,Paid,2026-02-03
3777,3777,UPI,2073,Paid,2026-02-24
3778,3778,Cash,2228,Paid,2026-03-01
3779,3779,Cash,1529,Paid,2026-01-06
3780,3780,Cash,2393,Paid,2026-03-21
3781,3781,Cash,962,Paid,2026-07-15
3782,3782,Card,1089,Paid,2026-07-12
3783,3783,UPI,1629,Paid,2026-03-04
3784,3784,Card,1551,Paid,2026-06-22
3785,3785,Wallet,1347,Paid,2026-07-06
3786,3786,Cash,1403,Paid,2026-07-22
3787,3787,Wallet,1089,Paid,2026-04-14
3788,3788,Card,1312,Paid,2026-04-11
3789,3789,Cash,1741,Paid,2026-06-20
3790,3790,UPI,1460,Paid,2026-02-22
3791,3791,UPI,1506,Paid,2026-05-31
3792,3792,UPI,1636,Paid,2026-04-16
3793,3793,Cash,1748,Paid,2026-01-11
3794,3794,UPI,956,Paid,2026-07-06
3795,3795,UPI,2511,Paid,2026-07-16
3796,3796,UPI,2717,Paid,2026-07-02
3797,3797,Wallet,1293,Paid,2026-02-10
3798,3798,Card,2720,Paid,2026-04-25
3799,3799,Cash,2699,Paid,2026-04-10
3800,3800,UPI,2356,Paid,2026-07-26
3801,3801,Wallet,2380,Paid,2026-03-08
3802,3802,Card,1325,Paid,2026-06-19
3803,3803,Cash,532,Paid,2026-01-31
3804,3804,Card,1170,Paid,2026-03-26
3805,3805,Cash,575,Paid,2026-05-25
3806,3806,Wallet,2949,Paid,2026-06-18
3807,3807,UPI,2073,Paid,2026-06-13
3808,3808,UPI,1652,Paid,2026-01-02
3809,3809,Cash,1078,Paid,2026-02-16
3810,3810,Cash,1562,Paid,2026-07-10
3811,3811,Cash,2109,Paid,2026-07-27
3812,3812,Cash,910,Paid,2026-03-23
3813,3813,UPI,1644,Paid,2026-07-10
3814,3814,UPI,647,Paid,2026-01-02
3815,3815,Cash,970,Paid,2026-05-28
3816,3816,UPI,1725,Paid,2026-02-17
3817,3817,Card,2160,Paid,2026-03-12
3818,3818,Cash,758,Paid,2026-01-04
3819,3819,Cash,1214,Paid,2026-07-04
3820,3820,Wallet,2004,Paid,2026-01-24
3821,3821,Card,1681,Paid,2026-03-02
3822,3822,UPI,2301,Paid,2026-03-21
3823,3823,Wallet,558,Paid,2026-02-20
3824,3824,Card,568,Paid,2026-01-06
3825,3825,Card,2330,Paid,2026-06-11
3826,3826,UPI,1400,Paid,2026-04-15
3827,3827,Card,960,Paid,2026-07-20
3828,3828,Card,1988,Paid,2026-06-20
3829,3829,UPI,1169,Paid,2026-04-15
3830,3830,Cash,1186,Paid,2026-01-05
3831,3831,Card,1234,Paid,2026-01-25
3832,3832,UPI,2621,Paid,2026-03-27
3833,3833,Cash,1105,Paid,2026-01-21
3834,3834,Card,1068,Paid,2026-02-23
3835,3835,Card,1255,Paid,2026-07-06
3836,3836,Cash,573,Paid,2026-04-25
3837,3837,Cash,1462,Paid,2026-06-20
3838,3838,Wallet,1456,Paid,2026-03-24
3839,3839,UPI,623,Paid,2026-03-05
3840,3840,UPI,1321,Paid,2026-06-17
3841,3841,Card,1004,Paid,2026-02-08
3842,3842,UPI,754,Paid,2026-01-08
3843,3843,UPI,465,Paid,2026-07-10
3844,3844,Wallet,2420,Paid,2026-04-27
3845,3845,Wallet,2001,Paid,2026-04-16
3846,3846,UPI,990,Paid,2026-01-24
3847,3847,Wallet,3049,Paid,2026-06-05
3848,3848,UPI,1109,Paid,2026-03-19
3849,3849,Card,1316,Paid,2026-01-17
3850,3850,UPI,903,Paid,2026-04-01
3851,3851,UPI,2365,Paid,2026-02-01
3852,3852,UPI,3206,Paid,2026-05-02
3853,3853,Cash,2161,Paid,2026-02-21
3854,3854,Cash,1818,Paid,2026-05-10
3855,3855,UPI,1890,Paid,2026-07-23
3856,3856,Wallet,2346,Paid,2026-05-31
3857,3857,Wallet,412,Paid,2026-01-03
3858,3858,Wallet,1690,Paid,2026-05-21
3859,3859,Wallet,795,Paid,2026-06-25
3860,3860,Wallet,599,Paid,2026-06-17
3861,3861,Card,1484,Paid,2026-04-21
3862,3862,UPI,1300,Paid,2026-05-04
3863,3863,Wallet,2922,Paid,2026-04-27
3864,3864,Cash,1709,Paid,2026-05-29
3865,3865,Cash,2981,Paid,2026-01-09
3866,3866,Wallet,1543,Paid,2026-06-27
3867,3867,Card,910,Paid,2026-07-23
3868,3868,Wallet,2137,Paid,2026-02-04
3869,3869,Wallet,2317,Paid,2026-05-04
3870,3870,Wallet,973,Paid,2026-04-23
3871,3871,UPI,1232,Paid,2026-03-07
3872,3872,Card,1968,Paid,2026-06-04
3873,3873,Wallet,2507,Paid,2026-01-16
3874,3874,Wallet,1390,Paid,2026-03-24
3875,3875,UPI,1259,Paid,2026-04-16
3876,3876,Cash,1916,Paid,2026-04-10
3877,3877,Cash,1626,Paid,2026-03-23
3878,3878,Card,1236,Paid,2026-01-16
3879,3879,UPI,1170,Paid,2026-04-14
3880,3880,Card,2237,Paid,2026-06-28
3881,3881,Cash,2639,Paid,2026-05-11
3882,3882,Cash,2615,Paid,2026-07-18
3883,3883,Cash,2194,Paid,2026-05-29
3884,3884,UPI,1720,Paid,2026-01-27
3885,3885,Cash,1646,Paid,2026-05-16
3886,3886,UPI,2446,Paid,2026-03-27
3887,3887,UPI,1147,Paid,2026-02-06
3888,3888,UPI,1498,Paid,2026-04-08
3889,3889,Cash,1939,Paid,2026-06-09
3890,3890,Card,1377,Paid,2026-01-11
3891,3891,Cash,741,Paid,2026-02-17
3892,3892,UPI,1072,Paid,2026-07-07
3893,3893,Wallet,522,Paid,2026-07-18
3894,3894,UPI,1287,Paid,2026-07-29
3895,3895,UPI,955,Paid,2026-02-07
3896,3896,Cash,1308,Paid,2026-07-06
3897,3897,Wallet,1093,Paid,2026-03-07
3898,3898,Wallet,2985,Paid,2026-01-13
3899,3899,Cash,977,Paid,2026-03-31
3900,3900,Wallet,2591,Paid,2026-07-29
3901,3901,UPI,1429,Paid,2026-03-19
3902,3902,Wallet,1583,Paid,2026-07-24
3903,3903,Cash,2316,Paid,2026-06-22
3904,3904,Cash,1843,Paid,2026-05-30
3905,3905,Wallet,2158,Paid,2026-04-11
3906,3906,UPI,1353,Paid,2026-04-10
3907,3907,Cash,842,Paid,2026-01-31
3908,3908,Wallet,1443,Paid,2026-07-17
3909,3909,UPI,657,Paid,2026-07-03
3910,3910,Cash,746,Paid,2026-03-17
3911,3911,Cash,1814,Paid,2026-06-22
3912,3912,UPI,943,Paid,2026-05-18
3913,3913,Cash,1119,Paid,2026-05-28
3914,3914,UPI,2613,Paid,2026-04-15
3915,3915,Card,2037,Paid,2026-07-22
3916,3916,Card,1607,Paid,2026-02-27
3917,3917,Wallet,2173,Paid,2026-06-09
3918,3918,Wallet,1687,Paid,2026-06-19
3919,3919,Cash,1725,Paid,2026-06-13
3920,3920,Cash,1473,Paid,2026-03-12
3921,3921,Wallet,1747,Paid,2026-02-04
3922,3922,Cash,1161,Paid,2026-06-04
3923,3923,Card,2372,Paid,2026-02-23
3924,3924,Wallet,1465,Paid,2026-05-25
3925,3925,UPI,1575,Paid,2026-06-30
3926,3926,UPI,1825,Paid,2026-03-06
3927,3927,Card,1266,Paid,2026-07-01
3928,3928,Wallet,832,Paid,2026-03-24
3929,3929,Card,2018,Paid,2026-03-11
3930,3930,Wallet,1939,Paid,2026-01-29
3931,3931,Wallet,2570,Paid,2026-07-30
3932,3932,Card,1033,Paid,2026-06-17
3933,3933,UPI,832,Paid,2026-01-07
3934,3934,Wallet,1115,Paid,2026-06-04
3935,3935,Card,1484,Paid,2026-04-29
3936,3936,UPI,4209,Paid,2026-01-19
3937,3937,Wallet,1350,Paid,2026-07-18
3938,3938,Wallet,1294,Paid,2026-04-01
3939,3939,UPI,493,Paid,2026-04-07
3940,3940,Wallet,624,Paid,2026-07-21
3941,3941,Card,718,Paid,2026-06-16
3942,3942,Wallet,759,Paid,2026-05-23
3943,3943,Card,1560,Paid,2026-05-04
3944,3944,Cash,2102,Paid,2026-03-26
3945,3945,Cash,1482,Paid,2026-01-13
3946,3946,Cash,1300,Paid,2026-03-25
3947,3947,Cash,1258,Paid,2026-02-10
3948,3948,UPI,1440,Paid,2026-05-07
3949,3949,Cash,1050,Paid,2026-06-28
3950,3950,Cash,1175,Paid,2026-03-13
3951,3951,UPI,1962,Paid,2026-02-09
3952,3952,Card,1105,Paid,2026-07-23
3953,3953,UPI,1491,Paid,2026-06-17
3954,3954,Wallet,657,Paid,2026-02-04
3955,3955,Card,948,Paid,2026-06-18
3956,3956,Cash,1468,Paid,2026-01-19
3957,3957,Card,2477,Paid,2026-04-28
3958,3958,Card,660,Paid,2026-03-05
3959,3959,Cash,2388,Paid,2026-02-21
3960,3960,Cash,980,Paid,2026-01-01
3961,3961,Card,1091,Paid,2026-05-05
3962,3962,Card,1626,Paid,2026-03-17
3963,3963,Card,1326,Paid,2026-07-16
3964,3964,Cash,2067,Paid,2026-03-11
3965,3965,UPI,1404,Paid,2026-02-26
3966,3966,Wallet,1216,Paid,2026-02-07
3967,3967,UPI,1493,Paid,2026-02-12
3968,3968,Wallet,607,Paid,2026-05-15
3969,3969,Wallet,1830,Paid,2026-02-07
3970,3970,UPI,1453,Paid,2026-05-15
3971,3971,UPI,2879,Paid,2026-06-16
3972,3972,Card,1160,Paid,2026-07-28
3973,3973,Card,898,Paid,2026-05-02
3974,3974,Cash,1693,Paid,2026-04-23
3975,3975,Cash,1409,Paid,2026-03-30
3976,3976,Cash,1569,Paid,2026-07-09
3977,3977,Cash,2610,Paid,2026-01-12
3978,3978,Cash,965,Paid,2026-05-24
3979,3979,Wallet,1404,Paid,2026-01-14
3980,3980,Cash,2909,Paid,2026-03-06
3981,3981,Card,2504,Paid,2026-02-16
3982,3982,UPI,1620,Paid,2026-01-10
3983,3983,Wallet,785,Paid,2026-07-06
3984,3984,Wallet,1817,Paid,2026-05-11
3985,3985,UPI,407,Paid,2026-06-28
3986,3986,Wallet,1236,Paid,2026-05-02
3987,3987,Cash,1371,Paid,2026-02-10
3988,3988,Wallet,955,Paid,2026-03-17
3989,3989,Wallet,1877,Paid,2026-02-04
3990,3990,Card,2427,Paid,2026-01-24
3991,3991,Card,1085,Paid,2026-04-16
3992,3992,UPI,1637,Paid,2026-02-09
3993,3993,Card,1811,Paid,2026-05-10
3994,3994,Cash,829,Paid,2026-03-23
3995,3995,Cash,3164,Paid,2026-01-13
3996,3996,Card,686,Paid,2026-07-09
3997,3997,Wallet,648,Paid,2026-01-04
3998,3998,Card,1893,Paid,2026-07-28
3999,3999,Card,2293,Paid,2026-05-24
4000,4000,UPI,1075,Paid,2026-02-07
